image,description
ARTV-18A10F44.jpg,"The image features a logo for ""Rockland Recycling.""

1. **Color Scheme**: The entire logo is in a vibrant shade of green, symbolizing eco-friendliness and sustainability.

2. **Icon**: 
   - On the left side, there is a stylized icon that resembles interlocking circular shapes. This icon suggests the concept of recycling, showcasing three arrows or curves that create a sense of movement and continuity.
   - The curves appear smooth and rounded, enhancing the idea of flow and environmental harmony.

3. **Text**: 
   - To the right of the icon is the text ""ROCKLAND RECYCLING"" in a bold, sans-serif font. The letters are uppercase and distinctly spaced, giving it a modern and clean look.
   - The word ""ROCKLAND"" is positioned above ""RECYCLING,"" potentially implying that ""Rockland"" is a location or brand name associated with the recycling initiative.

4. **Arrangement**: The layout is horizontal, with the icon and text aligned neatly, making it easy to recognize and read. 

Overall, the logo conveys a message of environmental sustainability and community involvement in recycling efforts."
ARTV-3CF89EB3.jpg,"The image features a vibrant logo centered around hockey, primarily incorporating the title ""ICE Spice."" 

1. **Color Scheme**: The palette is bold, utilizing blues, oranges, and white, giving it an energetic and sporty feel. The background consists of dynamic orange cloud-like shapes that appear to envelop the central elements.

2. **Shield Shape**: At the center, there's a prominent blue shield outlined in white, which serves as the main focal point of the design. Inside the shield, the word ""ICE"" is displayed in large, blocky letters, emphasizing the sport of ice hockey.

3. **Typography**: The word ""Spice"" is artistically written in a flowing, cursive font, colored white, positioned below ""ICE."" The combination of the two text styles adds visual interest to the logo.

4. **Hockey Sticks**: Flanking the shield, there are two hockey sticks crossing at an angle. The sticks are depicted in a brown color with colorful accents of red, blue, and white near the blade, enhancing the dynamic nature of the design.

Overall, the logo conveys excitement and energy, fitting for a team or event related to ice hockey."
ARTV-3F3C621F.jpg,"The image features a logo primarily designed for a ringette team called ""Team Ontario."" The background is a solid, muted grey color, giving it a modern and clean look. 

The word ""TEAM"" is prominently displayed at the top in bold, uppercase letters, presented in white. Below it, the word ""ONTARIO"" stands out in large, bold red letters, with a slightly stylized font that adds dynamism to the design. In the center of the “O” in ""ONTARIO,"" there is a blue ring, which is likely a visual representation of the sport.

At the bottom of the design, the word ""RINGETTE"" is included in smaller, white letters, also in uppercase, aligning with the overall sports theme. To the right of the blue ring, there is a stylized graphic of a pencil or stick, rendered in orange with a grey point, which further emphasizes the connection to sports equipment and playfulness.

Overall, the logo is energetic and sporty, effectively representing the team while utilizing a simple yet effective color palette."
ARTV-466DEE79.jpg,"The image is a circular emblem featuring a stylized representation of a hooded figure, reminiscent of a grim reaper. The figure is predominantly dark, with sharp angles and flowing lines that suggest movement and menace. It holds a large scythe, which extends diagonally across the design, its blade shiny and detailed in white.

The background is a gradient of muted tones, transitioning from darker shades at the edges to lighter ones towards the center, enhancing the figure’s prominence. Below the figure, in a bold, white font, the text reads ""EVERY 15 MINUTES"" prominently. Further down, it includes the name ""CALISTOGA JUNIOR/SENIOR HIGH SCHOOL"" with the years ""2024-2025"" and the team mascot ""WILDCATS"" positioned at the bottom in a slightly smaller font.

The overall color scheme is primarily black, grey, and white, creating a stark contrast that emphasizes the figure and the text, giving it a serious and impactful look. The graphic design is modern, conveying a sense of urgency and awareness, likely related to an educational program or initiative."
ARTV-95C7C6E8.jpg,"The image features three stylized pizza illustrations arranged in a horizontal line, accompanied by the text ""piece . love . pizza"" below. 

1. **First Pizza (Peace Sign)**: The first pizza has been shaped into a peace symbol. It is outlined in dark brown, with a golden-brown crust. Inside the pizza, there's a white base topped with various toppings—small red circles representing pepperoni, yellow shapes for mushrooms, and possibly some blue bits that could represent olives or another ingredient. The pizza is divided into wedges, reinforcing the peace symbol's design.

2. **Second Pizza (Heart Shape)**: The second pizza is shaped like a heart, also outlined in a dark shade. Similar to the first pizza, it has a golden-brown crust and a white base with toppings that mirror the first one—red pepperoni, yellow mushrooms, and blue bits. The heart shape adds a whimsical, romantic touch to the pizza theme.

3. **Third Pizza**: The third pizza resembles a traditional round pizza, again with a golden crust and topped with red pepperoni, yellow mushrooms, and blue bits. It has a more classic pizza appearance compared to the previous two.

**Text**: Below the pizzas, the phrase ""piece . love . pizza"" is written in a playful, handwritten font. The words are in a bold, dark color, with each word separated by a small dot, emphasizing the fun and light-hearted nature of the phrase.

Overall, the image effectively combines the themes of peace, love, and pizza in a colorful and playful manner, appealing to pizza lovers and conveying a joyful sentiment."
ARTV-A840D91C.jpg,"The image features a logo for ""Sinnott Electric."" The design consists of a circular icon with a gradient that transitions from vibrant pink at the top to a deep black at the bottom. At the center of this circular background, there is a stylized lightning bolt in white, which enhances the theme of electricity and energy. 

Below the icon, the word ""SINNOTT"" is prominently displayed in bold, uppercase letters, using a modern sans-serif font that gives a clean and professional appearance. The letters are primarily black, reinforcing the company’s branding while maintaining clarity.

Underneath ""SINNOTT,"" the word ""ELECTRIC"" is featured in a smaller size but also in uppercase, maintaining the same bold, sans-serif style. This arrangement underscores the company's focus on electrical services. 

The overall design is sleek and modern, effectively communicating a sense of dynamism and expertise in the electrical industry through its color scheme and typography."
ARTV-C298E57A.jpg,"The image features the text ""INTEGRITREE SERVICES,"" prominently displayed in a bold, green font. 

- The word ""INTEGRITREE"" is emphasized by its larger size and stylized lettering. The letters are capitalized, giving it a strong and assertive appearance.
- The ""TREE"" part of the word is styled to visually suggest an association with trees, possibly hinting at themes of nature or growth.
- Below ""INTEGRITREE,"" the word ""SERVICES"" is displayed in a smaller, but still bold font. It is also capitalized but is in a simpler style, which contrasts slightly with the more decorative ""INTEGRITREE.""
- The background is plain, allowing the green text to stand out prominently without distractions.
  
The overall design conveys a message that may relate to sustainability, integrity, or environmental awareness, given the use of green and the reference to ""tree."""
BHCC-A6F87A7B.jpg,"The image features a stylized black-and-white design that combines various circus-themed elements. 

1. **Clown Figure**: On the left, there is a clown character depicted with a round face and a playful expression. The clown wears a bow tie and has a playful striped outfit with oversized shoes.

2. **Text Elements**: Prominently displayed is the word ""SHRINE"" in large, bold letters, partially overlapping with the clown. Below it, the word ""CIRCUS"" is also prominent and bold, emphasizing the theme of the image. The letters are stylized, adding to the whimsical feel.

3. **Circus Performer**: To the right of the clown, a circus performer is depicted in a dynamic pose, showcasing acrobatic skills. The performer is hanging from two suspended rings, arms outstretched, in a graceful and athletic display.

4. **Additional Graphics**: There are decorative swirls and a star shape integrated into the design, enhancing the festive atmosphere typical of circus imagery. A circular element in the background appears to feature additional text (likely related to the circus theme), adding layers to the composition.

Overall, the image captures the lively and colorful spirit of a circus, combining elements of performance and entertainment in a visually appealing manner."
BOBN-00E2C48D.jpg,"The image features a stylized letter ""A"" designed prominently in a bold and graphic manner. The letter is predominantly filled with a vibrant orange color, which stands out strikingly against a plain white background. Surrounding the orange ""A"" is a thick black outline that accentuates its shape and provides a strong contrast.

The design of the letter is dynamic, with the top part appearing as an upward-pointing triangle that suggests movement or energy. The base of the letter is wider and has a unique angular cut-out, creating a distinctive look. This cut-out portion forms a triangular negative space within the letter, adding an interesting visual element to the overall design.

Overall, the combination of the bright orange color and the bold black outline gives the letter a modern and impactful appearance, making it eye-catching and recognizable."
BOBN-00F1A446.jpg,"The image features a circular logo primarily composed of three bold colors: navy blue, yellow, and white.

1. **Outer Circle**: The logo is framed by a thick yellow border, enhancing its visibility.

2. **Inner Circle**: Inside the yellow border, the background is filled with a deep navy blue, which makes the central elements stand out.

3. **Central Design**: At the center of the logo, there is an abstract shape resembling a stylized letter ""L,"" which is colored in yellow. This shape is dynamic and fluid, suggesting motion, possibly evoking the idea of blades or skates.

4. **Text Elements**: 
   - At the top of the logo, the letters ""JR"" are displayed in bold white uppercase lettering, giving prominence to the abbreviation, which likely stands for ""Junior.""
   - At the bottom of the logo, the word ""BLADES"" is also prominently featured in white uppercase letters, providing context to the logo's theme, possibly indicating a hockey or skating association.

The overall design is energetic and modern, appealing to a youthful audience engaged in team sports or skating activities."
BOBN-011316B0.jpg,"The image features a stylized, cartoon-like black cat with a rounded body and oversized features. Its head is large in proportion to its body, giving it a whimsical appearance. The cat's ears are triangular, with the interior colored pink, contrasting with its sleek black exterior. 

The eyes are prominent and wide, colored in a bright yellow with circular pupils that enhance the cat's expressive look. A small black nose and minimalist whiskers add detail to its face, while the mouth is suggested through a subtle curve.

The background is a soft pastel blue, which complements the black of the cat. Above the cat, the text ""Cali"" is written in a playful, cursive pink font, followed by the word ""CATS"" in bold pink letters. The overall design conveys a cheerful and playful vibe, suitable for a pet-themed branding or artistic project."
BOBN-0132D293.jpg,"The image features a logo for the ""Town of Webb Timberwolves."" At the center of the design is a stylized wolf's head, depicted in a dynamic howling pose. The wolf has a predominantly gray and white fur color, with red accents. Its eyes are sharp and expressive, suggesting a strong and fierce character.

In the background, there are mountains represented in shades of gray, adding to the outdoorsy and rugged feel of the logo. Above the wolf, the background is a circular section filled with a deep red color, contrasting with the cooler tones of the wolf and mountains.

The text “Town of Webb” is displayed prominently in white lettering, curved along the top part of the logo. Below that, the word ""TIMBERWOLVES"" is featured in bold, stylized letters, also in white but outlined in black for better visibility against the background. The logo overall combines elements of nature and community spirit, symbolizing strength and teamwork. The logo is set against a light blue background, which helps it stand out."
BOBN-02873B49.jpg,"The image features a bold and dynamic design centered around the theme of football, specifically for a team named ""Falcons."" 

1. **Background Color**: The backdrop is a soft blue hue, providing a calm yet engaging canvas for the illustration.

2. **Main Character**: At the center, there’s a fierce, stylized falcon character, appearing as a muscular football player. This falcon has a fierce expression, defined by sharp features and an intense gaze.

3. **Armor and Gear**: The falcon is adorned in football gear, including a helmet that resembles a bird's head, enhancing its avian characteristics. The jersey has a sleek design, indicating strength and agility, with detailed accents.

4. **Wings**: Spread behind the falcon are large, stylized wings, emphasizing its bird nature. The wings are detailed with feathers, providing a sense of movement and power.

5. **Football**: The falcon is prominently holding a football in both clawed hands, symbolizing control and readiness for the game.

6. **Text Elements**: The phrase ""FALCONS FOOTBALL"" arcs above the falcon, rendered in a bold, capitalized font. Below, the word ""Champion"" is written in a cursive, flowing style, adding a touch of elegance and dynamism. 

7. **Additional Design Elements**: There are subtle designs, like flowing shapes or swirls, beneath the text ""Champion,"" enhancing the overall energetic feel of the design.

Overall, the image conveys strength, competitiveness, and team spirit, making it an eye-catching representation of falcon-themed football culture."
BOBN-02CF64E2.jpg,"The image features a promotional graphic for a theater production of ""SIX: The Musical"" organized by the Hinsdale South High School Fine Arts Department. The background is a light blue color, creating a bright and inviting atmosphere.

At the center, the word ""SIX"" is prominently displayed in large, bold, white letters. The ""S"" has a playful, rounded design, while the ""IX"" has a more angular appearance. Above the ""SIX,"" there is a small, stylized golden crown, adding a regal touch to the title.

Surrounding the central text, the phrases ""HINSDALE SOUTH HIGH SCHOOL FINE ARTS DEPARTMENT PRESENTS"" arc along the top in a curved format, in a clean and elegant white font. Below the main title, the text ""THE MUSICAL"" appears in smaller letters, also in white. At the bottom of the graphic, ""TEEN EDITION"" is displayed within a rectangular banner, emphasizing that this version of the musical is tailored for a teen audience.

Overall, the layout is clear and visually appealing, effectively conveying the essential details of the event."
BOBN-03139998.jpg,"The image features a logo for ""Celebration Life Academy."" Central to the design is a prominent shield shape, outlined in a rich red border. The shield has a smooth, white surface, where the acronym ""CLA"" is displayed in bold, stylized black letters, occupying the upper portion.

At the center of the shield, a sword is depicted, positioned vertically with its hilt at the top. The sword has a detailed, spiraled grip adorned with a golden embellishment, and its blade transitions from a shiny metallic gold to a silver hue as it extends downward.

Beneath the sword and within the shield, the full name ""Celebration Life Academy"" is written in a smaller, elegant font, also in black. The background behind the shield is a gentle light blue, providing a calm and inviting contrast to the boldness of the shield and sword.

At the lower portion of the logo, an open book rests flat, its pages slightly curled upwards at the edges, adding a scholarly touch to the overall design. The book is depicted in simple lines and colors, complementing the logo without overwhelming it. The overall composition conveys a sense of strength, knowledge, and education."
BOBN-03295441.jpg,"The image features a vibrant and colorful illustration of a festive scene centered around a large bus adorned with playful graphics and tropical themes. This bus, looking like a party vehicle, is primarily painted in a light shade with bold lettering that reads ""MILLER LITES"" on the front and ""Lite lites"" along the side. 

Surrounding the bus are numerous animated, brightly colored parrots perched atop it and around it, adding a tropical flair. These parrots are in various colors, including brilliant greens, blues, reds, and yellows, which echo a lively atmosphere. 

The background showcases a beach setting at sunset, with warm orange, pink, and purple hues blending together. Silhouetted palm trees line the shore, contributing to the vacation vibe. There are also several cups in the corners of the image, suggesting refreshments are a part of this celebratory scene.

At the bottom of the image, bold letters proclaim ""THE LAST RIDE,"" followed by the phrase ""LET'S WRECK THIS PLACE,"" hinting at a playful, adventurous theme. Musical notes hover in the air, suggesting a cheerful soundtrack to this lively gathering. The overall composition radiates fun, freedom, and a festive spirit."
BOBN-0397F2B2.jpg,"The image features a logo for ""Riverside Soccer."" It is designed in the shape of a shield, predominantly filled with a bright blue background. At the top, there is a stylized head of a ram, rendered in white with touches of red, showcasing its prominent curled horns.

Beneath the ram's head, the words ""Riverside Soccer"" are written in a dynamic, flowing script, integrating seamlessly with the shield's design. To the right, there are red vertical stripes running down the shield, adding a graphic element to the overall composition. 

At the bottom of the shield, a blue star is featured, centered, creating a focal point. Below the shield, the text ""RIVERSIDE SOCCER"" is displayed in bold, uppercase black letters, providing a strong contrast against the background and ensuring visibility.

The overall color scheme includes blue, white, red, and black, representing a classic yet energetic palette typical of sports branding. The logo combines elements of strength and teamwork, reflecting the spirit of the sport."
BOBN-04BC2002.jpg,"The image features a minimalist logo predominantly in black and white. At the top of the design is a bold, symmetrical equilateral triangle pointing upwards. The triangle represents a sense of stability and direction. 

Inside the triangle, the word ""OPTIMIST"" is displayed in large, uppercase, sans-serif font, positioned horizontally towards the lower part of the triangle. The font is bold and clear, conveying strength and directness. 

Below the triangle, there is a subtler line of text that reads, ""L'ÊTRE HUMAIN AU COEUR DE NOS PRÉOCCUPATIONS,"" which translates to ""The human being at the heart of our concerns."" This text is in a smaller, more delicate font, creating a contrast with the boldness of ""OPTIMIST."" The overall composition is clean and modern, emphasizing themes of positivity and human-centric values. The use of monochrome colors adds to the clarity and impact of the design."
BOBN-078D34B2.jpg,"The image features a vibrant and motivational graphic design centered around the phrase ""HUSTLE HIT NEVER OUT."" The background has a soft blue hue, creating a calming yet engaging backdrop for the text.

- **Text Arrangement**: The phrase is laid out in a bold, modern typography. ""HUSTLE"" and ""NEVER"" are in a bright green color, while ""HIT"" and ""OUT"" are in a deep navy blue color.

- **Text Design**: The green text has a striped pattern, with a mix of thick and thin striped lines, giving it an energetic feel. Similarly, the navy blue text features comparable stripes, adding visual interest while maintaining legibility.

- **Logo**: In the center of the composition is a circular logo that reads “JOHN F. KENNEDY HIGH SCHOOL.” It features a stylized anchor surrounded by green and white elements. The anchor symbolizes strength and stability, fitting for the context of a school environment. The circular design contrasts with the linear text above and below it.

Overall, the composition conveys a spirited and encouraging message, likely indicative of school spirit or motivation in an academic setting. The blend of colors and styles creates an eye-catching and youthful vibe."
BOBN-07C6C620.jpg,"The image features a cartoonish cowboy character, depicted in a bold and vibrant style. The cowboy has a somewhat gruff expression, with a prominent mustache and an intense glare. He is wearing a large, wide-brimmed hat that prominently displays the word ""COWBOYS"" in capital letters, which adds to his character as a classic western figure.

The cowboy is dressed in a checkered shirt, which is yellow and black, paired with a yellow neckerchief around his neck. His outfit includes a vest that adds to his rugged appearance, and he is wearing chaps that are fluffy and white, contributing to the whimsical nature of the illustration.

In his right hand, he holds a holster with a gun, positioned at his hip, suggesting he is ready for action. His stance is bold, with legs slightly apart, reinforcing his confident demeanor. The overall color scheme features strong contrasts of yellow, black, and white, making the cowboy stand out prominently against the background. The design has a playful and vintage cartoon feel, reminiscent of classic western themes."
BOBN-08A41084.jpg,"The image features two distinct emblems that are layered and interconnected. 

1. **Left Emblem**: The left side showcases a stylized, flame-like shape colored in rich red. This flame has a slightly pointed tip resembling a lightning bolt, indicating a dynamic or energetic quality. Surrounding the flame is a bright yellow outline that adds contrast and highlights the shape.

2. **Right Emblem**: The right side consists of a shield design. The shield has a blue upper area adorned with a white star in the center, flanked by several smaller white stars, reflecting a sense of patriotism. The lower part of the shield displays alternating vertical stripes in red and white, reminiscent of the United States flag, further emphasizing its nationalistic theme.

Together, these elements create a bold and symbolic representation, suggesting themes of strength, energy, and patriotism."
BOBN-0987E8CE.jpg,"The image depicts the emblem of the 25th Infantry Division. The central design features a shield with a blue and silver outline. Inside the shield, there is a stylized representation of a flag, prominently featuring red and white stripes and a blue field with white stars. Flanking the shield are golden laurel branches, symbolizing victory and honor.

Above the shield is a ribbon with the year ""1775"" inscribed, indicating the division's historical significance. Below the shield, another ribbon reads ""DEFEND AND SERVE,"" emphasizing the division's mission and values.

The entire emblem is set against a vibrant red background, which is shaped like a flame, symbolizing courage and strength. Surrounding this central design, the words ""25TH INFANTRY DIVISION"" are arching in bold, blue letters at the top, creating a distinct and unified representation of the division's identity. The design also includes the designation ""G1"" prominently positioned near the bottom, indicating a specific unit within the division. The overall color scheme features bold reds, blues, and golds, contributing to a strong and patriotic aesthetic."
BOBN-0A0E7EA2.jpg,Error generating caption: You uploaded an unsupported image. Please make sure your image is valid.
BOBN-0A221028.jpg,"The image features the words ""WARHAWKS SOCCER"" prominently displayed in a bold and modern font. The word ""WARHAWKS"" is positioned at the top in a striking red color, while ""SOCCER"" is directly beneath it, rendered in a large black font. 

To the left, there is a stylized emblem of a hawk, illustrating an abstract interpretation of the bird. This emblem is also in red and includes detailing that suggests the hawk's wings and head, enhancing a sense of motion and agility, which is fitting for a sports team. 

The overall background is a muted gray, which allows the red and black elements to stand out starkly, drawing attention to the team name and the sport. The design gives off a strong and dynamic vibe, suitable for a collegiate or competitive sports context."
BOBN-0A32063C.jpg,"The image features a logo with a stylized eagle's head at its center, embodying a sense of strength and patriotism. The eagle is designed in a minimalist style, showcasing sharp lines that give it a dynamic look. Above the eagle's head, there are three blue stars arranged in a horizontal line, indicating a connection to national symbolism.

Surrounding the eagle, there are striking red and white stripes that flow along the sides of the logo, enhancing the sense of movement and energy. The entire design is enclosed within a shield-like shape, which adds a sense of security and protection.

The background is a soft, light blue, creating a contrast with the white eagle and red elements. Below the emblem, the words ""MARINO PROJECT"" are written in bold, white letters, providing a clear and prominent identification of the project. The font is modern and straightforward, ensuring that the name stands out against the blue background. Overall, the logo conveys a message of empowerment, security, and patriotic values."
BOBN-0D036110.jpg,Error generating caption: You uploaded an unsupported image. Please make sure your image is valid.
BOBN-0D06462B.jpg,"The image features a red shield-shaped emblem with a prominent design that carries significant meaning. The top portion of the shield is inscribed with the text ""IN MEMORY OF,"" displayed in bold black letters, suggesting a commemorative theme. 

Centered in the emblem is the number ""16,"" boldly highlighted in white with black outlines, making it stand out distinctly. Below the number, the word ""BROTHERHOOD"" is featured in a larger, stylized font, predominantly in black with a shadow effect, which adds depth and emphasis to the term, indicating camaraderie and unity.

At the bottom of the shield, the name ""STAZ"" appears in a simple, plain font, likely indicating a personal or organizational affiliation. The overall design conveys a respectful tribute, possibly to honor a significant individual or group, tying together themes of remembrance and solidarity within the context suggested by the text and symbols."
BOBN-0D7F9C79.jpg,"The image appears to be a logo for a trap shooting team named ""Almont."" 

- **Background**: The background is a light blue color, which provides a soft contrast to the other elements in the logo.

- **Main Elements**: At the center, there is a bold letter ""A"" in a vibrant red color, featuring a stylized design that gives it a slightly modern and dynamic appearance.

- **Crossed Firearms**: Behind the ""A,"" two rifles are crossed—each oriented diagonally from the bottom left to the top right. The rifles are designed in a solid black, with a glossy appearance to suggest detail and depth.

- **Text**: Below the ""A"" and the crossed rifles is the word ""ALMONT,"" which is prominently displayed in large, bold letters. The font is angular and thick, featuring a gradient effect where the letters transition from white to a slight shade of teal, adding depth.

- **Additional Text**: Beneath ""ALMONT,"" the phrase ""TRAP TEAM"" is included in a more understated font that is slightly smaller but still easily legible. This text is crisp and in black, ensuring clarity.

- **Secondary ""A""**: In the upper left corner, there is a smaller letter ""A"" in a bold, red script that matches the main ""A,"" adding a cohesive branding element. 

Overall, the logo combines elements of sport and tradition, using bold colors and dynamic imagery to convey a sense of action and teamwork associated with trap shooting."
BOBN-0E74A00A.jpg,"The image features a circular emblem with a vibrant and striking design. At its center stands a skeleton wearing military attire, complete with a green helmet. The skull has a grinning expression, and it wears black sunglasses, contributing to a somewhat rebellious or edgy vibe.

In one hand, the skeleton holds a laptop, which is open and displays the text ""iAPS"" on the screen. The other hand is not clearly visible. The military uniform is predominantly green and features a tactical harness with visible straps. 

Behind the skeleton, there is a large palm tree, its fronds extending outward, adding a tropical element to the otherwise militaristic theme. The background is a fiery gradient of oranges and yellows, suggesting a dramatic environment, possibly hinting at conflict or battle.

Above the main figure is a red ribbon banner containing the words ""COMBAT ADJUTANT,"" which emphasizes the theme of military service. At the bottom of the emblem, another red banner displays ""BMOC 1-25,"" further indicating a specific designation or unit.

The overall composition combines elements of warfare, technology, and a hint of humor or irony through the use of the skull and laptop juxtaposition with the military context."
BOBN-0F1BDE62.jpg,"The image presents a vibrant, colorful illustration centered around the theme of knowledge and teamwork, possibly related to training or learning.

1. **Background**: The background is a soft gray, which provides a neutral base that enhances the vividness of the elements in the foreground.

2. **Central Element**: At the center, there is a large light bulb with a stylized brain inside it, colored in shades of pink and bright red. Around the bulb, there are rays of light radiating outward, indicating ideas or enlightenment.

3. **Surrounding Objects**:
   - **Laptop**: Positioned towards the upper left corner, there is a laptop, depicted in a green outline with a blue screen.
   - **Glasses**: Above the laptop, a pair of round glasses is illustrated in a playful red, with a sparkly effect that adds a whimsical touch.
   - **Books**: To the right, two stacked books are shown, colored in deep blue and purple, with a green square on each cover suggesting they are educational resources.
   - **Camera**: At the bottom left, there is a stylized camera with a lens, presented in purple and red tones, symbolizing observation or documentation.
   - **Old-fashioned Telephone**: To the right of the camera, an old-fashioned rotary telephone is depicted in a muted blue color, suggesting communication.
   - **Globe**: Below the telephone, a globe is illustrated, showing land in green and blue, representing global knowledge or awareness.
   
4. **Decorative Elements**: There are dotted lines connecting the various objects, implying their relationship to each other. Small stars and sparkles surround the central bulb, adding an element of creativity and inspiration.

5. **Text**: At the bottom right corner, the text ""Training Team"" is displayed in a bold blue font, indicating the theme of collaboration and development.

Overall, the image creates an engaging atmosphere that emphasizes creativity, learning, and teamwork through its vibrant colors and dynamic arrangement of symbols associated with knowledge and communication."
BOBN-0F52021B.jpg,"The image features a logo for ""Snake River Physical Therapy."" The design is prominently set against a black background, which enhances the visibility of the elements. 

At the center of the logo is a circular shape, reminiscent of a stylized river or waterway. Inside this circular form, a flowing line represents the movement of a river, starting wide at one end and narrowing as it winds through the circle, suggesting fluidity and motion.

The text ""SNAKE RIVER"" appears prominently above the circular icon, rendered in a bold, uppercase white font. The word ""SNAKE"" is slightly larger than ""RIVER,"" highlighting the name of the entity. 

Beneath the circular icon, the words ""PHYSICAL THERAPY"" appear in a smaller but still clear white font. This text is also in uppercase, ensuring consistency in style and visibility. The overall design communicates both professionalism and an association with movement or rehabilitation, fitting for a physical therapy practice."
BOBN-106E2452.jpg,"The image features a vibrant and artistic composition set against a light green background. 

In the center, bold black text reads ""IGNITE YOUR POTENTIAL,"" with ""IGNITE"" creatively embellished with small flames, emphasizing energy and motivation. Below this phrase, ""WITH DELAWARE SKILLSUSA"" is displayed, indicating a focus on skills and development, with the keywords ""DELAWARE"" and ""SKILLS"" highlighted in red to draw attention. 

To the side, there's a cartoonish blue chicken, depicted mid-flight, with its wings spread and a playful pose, conveying liveliness. The chicken’s head features a distinct red comb, and its body is a blend of blue and green, adding an element of whimsy. 

Adjacent to the chicken, there’s a bright red ladybug, enhancing the playful aesthetic. The ladybug features prominent black dots and is somewhat oversized in proportion to the text around it.

There are also abstract shapes that include earthy tones and small graphic elements like a bug or possibly a flower, providing a connection to nature and learning. 

Overall, the image is dynamic and visually engaging, combining motivational text with whimsical illustrations that capture attention and convey a theme of growth and skills development."
BOBN-11C0AD57.jpg,"The image features a circular logo prominently positioned in the center. The logo is divided into horizontal stripes of various colors, transitioning from vibrant red at the top through orange, yellow, and turquoise before reaching a darker blue at the bottom. 

In the middle of the logo are two bold, stylized letters ""TT"" in a contrasting dark color that appears almost black against the bright stripes. Surrounding the letter representation is a thick black outer ring, giving the emblem a classic badge look.

Above the ""TT,"" the text ""THE ORIGINAL"" is written in all capital letters, curving along the top of the circle. At the bottom, the text ""EST. 2017"" is displayed, also in all capital letters, presenting the establishment year of the brand.

The background features splashes of color resembling paint, with hues of orange, green, and red dotting around the logo, adding an artistic flair to the image. The overall aesthetic is both modern and retro, capturing a fun, vibrant vibe aligned with a youthful brand identity."
BOBN-155E129A.jpg,"The image features a vibrant and playful design centered around the phrases ""CRAZY"" and ""WINNER!"" The word ""CRAZY"" is prominently displayed in large, bold, rounded letters. The letters are filled with a white color, giving them a clean look, while the background around the text is adorned with a colorful, fuzzy halo effect that includes shades of blue, red, green, purple, and pink. 

This fuzzy effect surrounds the text, enhancing its energetic and fun appearance. Below ""CRAZY,"" the word ""WINNER!"" is presented in a slightly smaller but still bold font, colored in a bright shade of purple. The overall aesthetic is cheerful and dynamic, evoking a sense of excitement and celebration. The background of the image is a soft, light gray, which contrasts beautifully with the vivid colors of the text and its surrounding effects."
BOBN-18F778DD.jpg,"The image features a stylized representation of a duck, designed in a vibrant and playful manner. The duck wears a cap, which is prominently detailed and adds a youthful flair to its appearance. The cap has a bright emblem, possibly a flower or symbol, on the front.

Around the duck's eyes, there are oversized, colorful sunglasses that enhance its cool demeanor. The sunglasses have a futuristic design with multiple stripes across the lenses, rendered in various neon colors such as blue, pink, and green, giving it a lively and energetic vibe.

The duck's beak is exaggerated and slightly curved upwards, suggesting a cheerful expression. The overall outline of the duck, cap, and sunglasses is outlined in bright, neon colors, creating a contrasting against the dark filler in the image. 

The background is plain white, which helps the colorful design stand out vividly, making it an eye-catching graphic. The overall style embodies a fun, energetic, and modern vibe, ideal for a logo or digital art piece."
BOBN-1AFDCF38.jpg,"The image features a dynamic and visually striking logo centered around the sport of badminton. The background is a soothing shade of light blue, which creates a calming atmosphere for the design.

In the middle of the image, there is a stylized shuttlecock that appears to be in motion, suggesting speed and energy. The shuttlecock has elongated, pointed feathers rendered in a crisp white color, which contrast sharply with the background. Wrapped around the feathers is a prominent red band, adding a pop of color and emphasizing movement.

At the base of the shuttlecock, there is a rounded bottom piece that is white with a small curve, resembling the traditional shape found on shuttlecocks. This base is outlined with an orange accent, harmonizing with the red band while providing depth to the overall design.

Below the shuttlecock, the words ""TIGERS BADMINTON"" are displayed in bold, block letters. The word ""TIGERS"" is in a striking orange color, while ""BADMINTON"" is rendered in white with an orange outline, enhancing visibility. The font is modern and sporty, reflecting the competitive nature of the badminton sport.

Overall, the composition is energetic and appealing, designed to attract attention while representing the sport of badminton effectively."
BOBN-1B541419.jpg,"The image features a playful and inviting design for an event called ""Grill & Chill,"" organized by Pi Beta Phi and Alpha Epsilon Pi, scheduled for March 26, 2025. 

At the top, the title ""Grill & Chill"" is prominently displayed in bold, stylized lettering. The word ""Grill"" is colored in a vibrant blue, while the ""&"" symbol is in a contrasting red with a slight outline, adding a fun touch. The word ""Chill"" is depicted in a darker shade of blue for balance.

Beneath the title, the date is clearly outlined in a casual font. Below that, there’s a simple banner stating “Pi Beta Phi • Alpha Epsilon Pi,” indicating the organizing groups.

The central illustration includes a rustic wooden structure resembling a pergola, adorned with triangular red-and-white pennant banners that hang down, enhancing the festive atmosphere. Underneath the structure, there's a picnic table made of wood, on which a blue blanket is draped. Sitting on the blanket is a wicker picnic basket, styled in a classic manner, suggesting a laid-back outdoor gathering.

The ground beneath the table is depicted with patches of lush green grass, and the entire scene is set against a light background that features soft blue clouds, adding to the relaxed and cheerful setting. This image effectively conveys a sense of community, relaxation, and enjoyment associated with outdoor gatherings."
BOBN-1B8B4259.jpg,"The image features a logo for a baseball team named ""Virginia Express."" The logo has a bold, modern design with a prominent color scheme consisting primarily of red, white, and blue. 

At the center of the logo is an aggressive-looking bulldog head, characterized by its scowling expression and fierce eyes. The bulldog is rendered in a stylized manner, with shades of gray and white detailing its fur, and its features seem to convey strength and determination. 

The word ""VIRGINIA"" is prominently displayed in large, bold white letters across the top of the logo, slightly arching over the bulldog. Below, the word ""EXPRESS"" is written in a slightly smaller font, also in white, positioned against a dark blue ribbon or banner that cuts across the logo horizontally. 

Underneath the text, there is a classic baseball imagery—a white baseball with red stitching, further emphasizing the sport theme of the logo. 

In the background, a stylized representation of a railway track curves around the logo, adding a dynamic element and suggesting speed or movement, which ties into the ""Express"" name. The overall background color is a light blue, adding contrast and helping the main elements of the logo stand out prominently."
BOBN-1C321CF6.jpg,"The image depicts a powerful and impactful design centered around themes of patriotism and remembrance. 

At the forefront, there is a silhouetted figure of a soldier in a kneeling position, symbolizing respect and honor. The soldier is dressed in military attire and has a backpack, along with dog tags hanging from their neck, emphasizing their identity and service. The soldier is positioned beside a rifle that stands upright, signifying a tribute to fallen comrades.

In the background, there is an abstract representation of the American flag, rendered in soft, muted colors. The stars and stripes are visible, creating a patriotic context while softly blending with the overall design. Surrounding the soldier is a circular pattern of small dots, enhancing the sense of focus on the soldier’s gesture.

Bold text is integrated into the design, with the phrases ""WE STAND FOR THE FLAG"" and ""WE KNEEL FOR THE FALLEN"" prominently displayed in bright green. This color contrasts sharply with the monochrome silhouette and the subdued background, making the text eye-catching and urgent. To the right of the soldier, the phrase ""VETERAN’S LIVES MATTER"" is also presented in a similar bold font, reinforcing the message of honoring veterans.

Overall, the composition conveys deep respect for military service, highlighting the dual messages of patriotism and remembrance of those who have made the ultimate sacrifice. The use of color, text, and imagery combines to create a striking visual statement."
BOBN-1C532022.jpg,"The image features a playful design set against a gray background. At the center, there are two vibrant purple flowers, illustrated with soft, watercolor-like strokes. The flowers have gentle curves and delicate petals, some of which are highlighted with a faint yellow hue at their centers. Surrounding the flowers are lush green leaves, adding a fresh contrast to the purple.

Beneath the floral elements is the text ""Sunny with a chance of Flowers."" The word ""Sunny"" is depicted in a bold, modern font and is prominently displayed at the top, while the phrase ""with a chance of"" is written in a more delicate, cursive style, flowing between the flowers. The word ""Flowers"" is rendered in the same bold font as ""Sunny,"" creating a visual balance. Overall, the composition conveys a cheerful and optimistic vibe."
BOBN-1EBEC84E.jpg,"The image features a sports emblem with an ornate shield shape, predominantly colored in a golden yellow hue. It is divided into four sections:

1. The upper left section displays the letters ""PV"" in bold red against a white background.
2. The upper right section contains the word ""Patriots,"" designed in a dynamic blue font, accompanied by a star graphic and red vertical stripes in the background.
3. The middle section of the shield has the word ""FUTBÓL"" prominently displayed in black uppercase letters.
4. The lower section showcases a series of alternating blue and white vertical stripes with a soccer ball centrally positioned, featuring the classic hexagonal design.

The background of the entire emblem is set against a light blue color, enhancing the vividness of the elements within the shield. The design effectively combines sports elements with a patriotic theme."
BOBN-1EC50C49.jpg,"The image appears to be a design mockup for an embroidered emblem. Here are the details:

- **Emblem Text**: The emblem prominently features the words ""ATLANTA POLICE"" displayed in bold, capital letters.
- **Font and Color**: The text is bright yellow against a solid black background, which creates a high-contrast design for visibility.
- **Border**: There is a thin yellow border surrounding the emblem's text area, which enhances its presentation.
- **Size Information**: The overall size of the emblem is specified as 10 inches by 6 inches.
- **Thread Count**: It mentions a thread count of 1, likely indicating the number of thread colors used in the design.
- **Additional Notes**: 
  - There is a note that mentions this design is the same as another, but with the addition of hook Velcro.
  - An indication that it's ""not actual size"" is also noted.
  
- **Approval and Order Information**: The image contains sections labeled for approval and customer information, suggesting it is part of an order form. 
- **Border and Background Styles**: The border style is referred to as ""Merrow,"" while the background style is described as ""Twill.""
- **Colors and Modification Notes**: A disclaimer states that colors may vary and can be modified slightly from the original for quality purposes. 

Overall, the design is straightforward, meant for clarity and identification, typical for law enforcement emblems."
BOBN-1FB6BE11.jpg,"The image features a logo for a construction company named ""Hurst Construction."" 

1. **Background**: The background is a soft blue color, providing a calm and professional backdrop.

2. **Logo Text**:
   - The word ""HURST"" is prominently displayed in bold, black uppercase letters, emphasizing the company's name. The letters are in a modern sans-serif font, giving a clean and contemporary look.
   - There's a distinctive red graphic element that curves above the letter ""H"" and flows towards the letter ""R,"" adding an energetic feel to the logo.

3. **Additional Information**:
   - Below the main logo, the web address ""www.hurstconstruction.com"" is written in a smaller font, also in black, maintaining consistency.
   - A phone number, ""256-835-7745,"" appears beneath the web address, clearly displayed and easy to read, indicating contact information for the company.

The overall composition is balanced and professional, making it suitable for branding in the construction industry."
BOBN-203A474C.jpg,"The image features a logo with a racing theme, dominated by a vibrant yellow color. At the top, there are two classic checkered flags, symbolizing racing, each waving to suggest motion. The flags are positioned upright, with one on each side, and they have a pattern of alternating black and white squares.

Below the flags, the name ""NATHAN"" is prominently displayed in bold, uppercase letters, also in yellow. The font is thick and modern, creating a strong visual impact. 

Beneath the name, the date ""3.29.25"" is presented in a slightly smaller font but maintains the same bold style. The entire design is framed by horizontal lines above and below, giving the logo a solid structure and an organized appearance. The overall layout is clean and dynamic, evoking a sense of excitement associated with racing or a celebration related to the name and date."
BOBN-2205B340.jpg,"The image features a circular logo with a dynamic and vibrant design. The background is a solid, light blue color that contrasts with a bold orange circle at the center.

Inside the orange circle, a stylized silhouette of a woman in motion is depicted, highlighting athleticism and energy. She is shown in a running posture, with one arm forward and the other bent at the elbow, suggesting an active lifestyle. Her hair is pulled back into a ponytail, emphasizing movement and agility.

The text “WOW” is prominently displayed in large, bold, black letters across the lower part of the circle. The “W” and the “O” are clearly defined, while the “W” features an artistic touch with a swirl or brush-style effect that adds a sense of creativity and flair.

Below ""WOW,"" the word ""Fitness"" is semi-transparently overlayed, written in a flowing, white script that gives it a more dynamic and energetic feel. Beneath “Fitness,” the word “CLUB” appears in smaller, simpler capital letters, also in white, providing a clean and professional look.

Overall, the design conveys a sense of movement, energy, and community focused on health and fitness."
BOBN-23304FA5.jpg,"The image is a circular emblem for the ""Everest Memorial Tournament."" The main color palette consists of shades of teal and dark navy, creating a fresh yet classic look. 

Central to the design is a dark shield-shaped banner containing the tournament's name, ""EVERST MEMORIAL TOURNAMENT,"" displayed prominently in bold, white, sans-serif font. Above this banner, a stylized representation of mountains in white and light blue peaks rises, suggesting the natural beauty of the surrounding area.

Crossed hockey sticks frame the emblem, positioned in diagonal directions. The shafts of the sticks are depicted in white with black detailing, adding contrast. Below the sticks sits a black puck, emphasizing the hockey theme.

At the bottom of the emblem, in a smaller white font, the names ""NELSON"" and ""BRITISH COLUMBIA"" appear on the left side, while ""WEST KOOTENAYS"" is positioned on the right, providing geographical context. The background features subtle design elements like a light-colored bridge outline and stylized stars, enhancing the overall sporty and spirited feel of the logo."
BOBN-25C0C6FF.jpg,"The image features a circular logo prominently displaying the acronym ""S.I.T.E."" in bold, capital letters at the center, rendered in a bright blue color. Surrounding the acronym, there is a ring of text that reads ""Skills for Independence"" at the top and ""Transition to Employment"" at the bottom, both also in blue and curved to follow the shape of the circle.

Arrows in the design connect the phrases, creating a sense of movement and progression around the circle. The arrows point from ""Skills for Independence"" to ""Transition to Employment,"" emphasizing a flow from skill development to achieving employment. 

The outer edge of the logo has a thicker, solid blue border that encapsulates the entire design, enhancing the visual impact. The overall design combines clarity and movement, conveying a message of growth and opportunity in developing skills for independent living and employment."
BOBN-25E67497.jpg,"The image depicts a logo for a hockey team named ""Borderland Bandits."" At the center is a stylized, menacing figure wearing a helmet, the top of which features a dark red color, complemented by darker gray or black shading, giving it a three-dimensional appearance. 

The helmet design is sleek and angular, contributing to a fierce, energetic vibe. A pair of fierce, silver-gray eyes peer out, enhancing the intimidating look. 

On either side of the figure, there are crossed hockey sticks, one featuring a maroon and white striped pattern, adding to the athletic theme. Below the figure, the bold text reads ""BORDERLAND"" arched above the main word ""BANDITS,"" which is prominent and white, designed in a robust, sporty font. Beneath ""BANDITS,"" the word ""HOCKEY"" is presented in smaller, black text.

The overall color scheme combines dark tones with vibrant reds and whites against a black background, creating a striking and dynamic visual effect that signifies team spirit and competitive energy. The border around the logo is white, offering a clear contrast against the black background."
BOBN-279B6A63.jpg,"The image features a logo for ""Full Circle Construction."" The design includes a prominent graphical representation of a house structure, indicated by a roof with triangular gable ends. Within this house outline, the text ""Full Circle"" is displayed in bold, modern typography, with the word ""Full"" positioned above ""Circle,"" and some decorative elements, like curved lines, surrounding it to give a sense of motion.

Flanking the house icon on either side are depictions of construction equipment. On the left, there is an illustration of an excavator, characterized by its long arm and bucket, which is detailed with lines suggesting texture and depth. On the right side, there's a large dump truck, depicted in profile to show its cab and cargo area, featuring similar line work to create a sense of solidity and industrial strength.

Beneath the house and the text, the word ""CONSTRUCTION"" is displayed in capital letters, further emphasizing the nature of the business. Below it, there is an illustration of a faucet with a droplet of water hanging from it, symbolizing plumbing work or services related to water management.

The entire logo is rendered in a monochromatic color scheme of black lines on a light blue background, conveying a clean and professional aesthetic suitable for a construction company."
BOBN-27BD48BB.jpg,"The image features two stylized pirate characters, presented side by side. 

On the left, a male pirate has a rugged appearance with a prominent mustache and an eye patch over his right eye, giving him a fierce look. He wears a red bandana tied at the front, and a large black pirate hat adorned with a white skull and crossbones motif at the center. His facial expression is serious, with a strong jawline and arched eyebrows that enhance his intimidating presence. He also sports large gold hoop earrings, which add to his swashbuckling persona.

On the right, a female pirate presents a similarly fierce visage. She has long black hair visible beneath a red bandana, which matches her neck scarf. She, too, wears a pirate hat featuring the same skull and crossbones emblem. Her left eye is covered with an eye patch decorated with a small skull, complementing her bold look. Her facial expression is strong, with dark eyeliner accentuating her eyes and full lips painted in a dark shade. Like the male pirate, she has gold hoop earrings, enhancing her pirate attire.

Both characters exude a strong and adventurous spirit, each showcasing classic attributes associated with pirate imagery. The background is a light mint green, providing a soft contrast to the dark colors of their outfits and the boldness of their expressions."
BOBN-284CEC66.jpg,"The image features a badge or logo design with a soft blue background. The overall shape is an oval with rounded edges. 

In the center, there are two prominent white Greek letters: """" (Phi) on the left and """" (Mu) on the right. These letters are styled in a clean, bold font, enhancing their visibility against the blue backdrop.

Around the oval shape, there is a thin green outline, adding a subtle contrast to the design. At the bottom of the image, there are measurements listed: ""W 3.06” X H 2”,"" indicating the dimensions of the badge. Below the measurements, there are two series of numbers: ""343555_3414947,"" which likely serve as a reference or identification code for the design. Overall, the design is simple yet effective, focusing on the lettering and color contrast."
BOBN-2948B1D8.jpg,"The image features a circular design composed of concentric rings. The outermost ring is a vivid red, followed by a white band, and then another inner red ring, creating a bold contrasting effect. Within the center of the design, there is a subtle silhouette of a puzzle piece, indicating a connection or completion theme. The overall design has a slightly distressed texture, suggesting a vintage or worn appearance, with speckles and irregularities embedded within the colors. The background is clean and white, enhancing the brightness and visual impact of the circular motif. This striking combination of colors and shapes creates a visually engaging and symbolic representation."
BOBN-29E4A46E.jpg,"The image features a stylized bear's head, predominantly colored in bright yellow. The bear has an aggressive expression, characterized by a furrowed brow, narrowed eyes, and a slightly open mouth revealing sharp teeth, which are a vivid red. 

The bear’s features are accentuated with bold black outlines, enhancing its fierce appearance. The ears are rounded, and the forehead appears muscular, giving a sense of strength. 

Extending from the bear’s head is a partially visible foreleg, which is also stylized in bright yellow. The paw has noticeable red claws, adding to the overall intensity of the design. 

The background is a muted gray, which contrasts sharply with the bright colors of the bear, making it stand out prominently. The overall design has a cartoonish, yet menacing tone, likely intended for use as a mascot or logo."
BOBN-2E45F06D.jpg,"The image features a striking graphic design centered around the face of a stylized lion. The lion's face is rendered in geometric shapes and sharp lines, emphasizing a bold, modern aesthetic. Its mane is composed of angular, triangular shapes that radiate outward, creating a sense of strength and dynamism. 

The color palette includes shades of blue, icy teal, and white, which contrast sharply with the deep black background. This choice enhances the lion's features, making them pop visually. The expression of the lion is fierce yet regal, with deep-set eyes and a pronounced snout that convey power.

Beneath the lion, the text ""LYON'S FIT"" is displayed in a bold, modern font. The letters are primarily white with some accents in light blue, creating a clean and polished look. The word ""LYON'S"" stands out prominently, while “FIT” is slightly smaller, conveying the brand name effectively. A subtle underline in blue runs beneath ""FIT,"" adding a finishing touch to the design.

Overall, the image projects a strong, motivational vibe, ideal for a brand related to fitness or athleticism."
BOBN-2EC5B9FF.jpg,"The image features a vibrant and playful design centered around the product ""Dr. Price's Electrolytes."" The background is a soft lavender or light purple shade, creating a lively and energetic atmosphere. 

In the forefront, the product name ""Dr. Price's"" is displayed at the top in bold, black font, conveying authority and professionalism. Below this, the word ""ELECTROLYTES"" dominates the design in large, eye-catching letters. The letters have a gradient effect, shifting from dark blue at the top to a lighter blue towards the bottom, outlined in a bright yellow that makes it pop against the background.

Around the text, water splashes and droplets are illustrated, adding a dynamic sense of movement and reinforcing the theme of hydration. The splashes vary in shades of blue and aqua, enhancing the refreshing feel of the product. Radiating lines in yellow emanate from the center, giving the impression of energy and excitement.

At the bottom of the design, the phrase ""Get Hydrated!"" appears in a playful, handwritten style. This text is in black with a white outline, making it stand out distinctly, urging the viewer to take action regarding hydration.

Overall, the image combines bold typography with playful graphics, effectively communicating the essence of hydration and energy associated with the product."
BOBN-2F4741DF.jpg,"The image is a vibrant graphic featuring a baseball with a stylized claw gripping it. The baseball is white, adorned with red stitching that emphasizes its classic design. Above the baseball, the word ""MEXICO"" is written in a bold, orange, graffiti-style font, giving the image a dynamic feel.

The claw appears to be from a large creature, possibly a tiger or a similar animal, characterized by its vibrant orange color with black stripes. The claws are sharp and exaggerated, creating a sense of power and aggression. 

The background includes black, jagged streaks that resemble claw marks, which add to the intensity of the design and convey a sense of action and excitement. The overall composition features a blend of colors and elements that convey a strong thematic connection to baseball and Mexican pride."
BOBN-300725CA.jpg,"The image features a circular design set against a light blue background. At the center, there is a stylized representation of a volleyball composed of several vibrant, brushstroke-like segments. Each segment utilizes a different vivid color: bright orange, red, yellow, pink, and blue, creating a dynamic and energetic look.

Encircling the volleyball design, text is prominently displayed in a bold, playful font. The text reads ""Horizon Science Academy"" at the top and ""2025 Volleyball Camp"" at the bottom, all in a bright pink color that contrasts well with the background. The overall composition is colorful and engaging, conveying a sense of excitement and activity related to the volleyball camp."
BOBN-305C6CC1.jpg,"The image features a logo for ""St. Clair Country Club,"" designed with a clean and elegant aesthetic. 

In the center, there is a stylized depiction of a tornado or swirling cyclone, rendered in a rich dark green color. The tornado is illustrated with flowing, curved lines that create a sense of movement, leading up to a wider top and tapering down to a narrow base. 

To the right of the tornado, the text ""St. Clair"" is prominently displayed in a sophisticated font, blending both script and serif elements. The first part of ""St."" is slightly elevated, while ""Clair"" is elegantly connected, showcasing smooth curves and elegant lines. 

Beneath ""St. Clair,"" the words ""Country Club"" are presented in a bolder, more straightforward typeface, also in dark green, maintaining the overall color theme. 

At the bottom, the year ""1916"" is included, indicating the establishment date, aligned neatly under ""Country Club"" in a smaller yet clear font. 

The logo is set against a white background, enhancing its visibility and impact, and creating a professional appearance suitable for a country club emblem."
BOBN-3263877B.jpg,"The image features two large, wooden beer mugs raised in a celebratory toast. Each mug is designed with intricate grain patterns, resembling polished wood. They are filled with a golden, frothy beer that is bubbling up, with foam spilling over the edges and dripping down the sides, suggesting freshness and enjoyment.

The background is a soft, light blue, creating a vibrant and lively atmosphere. Surrounding the mugs, there are small, abstract splashes and dots, giving a sense of excitement and celebration. The hands holding the mugs are detailed, showcasing a mix of textures, highlighting the action of toasting. The overall style has a bold, illustrative quality, reminiscent of vintage pub art."
BOBN-3811CF3B.jpg,"The image features a logo with the text ""MOUNTAIN STATE ELITE"" prominently displayed. The background is a soft light blue. 

- The word ""MOUNTAIN"" is displayed in large, bold, uppercase letters with a dynamic font that conveys strength and energy. It has a gradient from yellow to orange at the bottom, transitioning to a darker shade of yellow towards the top, with a black outline that adds contrast.
  
- Below ""MOUNTAIN,"" the word ""STATE"" is also in uppercase, but slightly smaller and positioned close to ""MOUNTAIN."" It shares the same color gradient and style.

- The word ""ELITE"" is positioned below ""STATE"" and stands out with a more stylized font. It is written in a jagged, graffiti-like style that gives it a vibrant, energetic feel. The color is an eye-catching bright yellow with a slight shadow effect that enhances its visibility.

- To the right of ""ELITE,"" there is a stylized star graphic in the same bright yellow color, which adds a sense of dynamism and excitement to the logo. 

The overall design conveys a sense of vitality and is likely intended for a sports or athletic organization, emphasizing both strength and elite status."
BOBN-3A420DBF.jpg,"The image features a sophisticated design focused on bourbon and dining. Central to the composition are three elegant bourbon bottles:

1. **Left Bottle**: This is the Eagle Rare, prominently labeled with the text ""Eagle Rare"" in a stylized font, along with ""Aged 10 Years."" An illustration of an eagle in flight adds a dynamic element. The bottle has a traditional shape with a cylindrical neck.

2. **Middle Bottle**: This bottle represents Woodford Reserve, showcasing the label ""Woodford Reserve"" along with ""Distiller’s Select."" Its design is more angular, with a square body and a shiny, metallic closure. 

3. **Right Bottle**: This bottle is labeled Weller, with a classic cursive font that adds an elegant touch. It has a rounded shape and a slightly broader neck.

In front of the bottles, a large, appetizing steak is displayed, adding an enticing culinary aspect to the image. The steak is presented on a circular plate, emphasizing its deliciousness.

Beneath the bottles and steak, the text ""DESTINATION 814"" is boldly written, accompanied by ""KITCHEN + BOURBON"" in a slightly smaller font. The overall color scheme is minimalistic, likely in dark shades against a contrasting background, possibly gray, giving it a modern and classy appearance that evokes a sense of luxury dining and fine spirits."
BOBN-3B31E520.jpg,"The image features a vibrant, stylized depiction of a deer head, with prominent and intricately detailed antlers that are vividly colored in shades of orange and red. The deer is wearing oversized, colorful headphones, which adds a modern, playful touch to its appearance. Its fur has a striking blue hue, contributing to a bold contrast against the vivid background.

The background is a splash of bright, multicolored paint, including hues of green, blue, and purple, giving it an energetic and youthful feel. The overall style is graphic and dynamic, resembling a piece of pop art. 

At the bottom of the image, the word ""TACTAREP"" is prominently featured in a bold, stylized font, complemented by the brand name ""TACTACAM"" below it. The text is partially integrated into the colorful background, enhancing the overall visual impact. The composition balances the whimsical nature of the deer with the eye-catching background and text, creating a fun and engaging design."
BOBN-3E2B0D01.jpg,"The image features a logo for ""Riverside Soccer,"" designed in the shape of a shield. The shield background is primarily blue, providing a vibrant and bold appearance. 

Prominently displayed in the upper section of the shield is the image of a ram's head, rendered in white with hints of color in the horns, which are decorated with red and blue streaks, adding a dynamic touch. Below the ram, the text ""Riverside Soccer"" is written in a stylish white font that gently curves, complementing the shield's shape.

The left side of the shield contains diagonal stripes in red, giving a sense of movement and energy. Central to the shield's design is a blue star, positioned beneath the ram's head and symmetrically aligned, enhancing the overall visual balance.

At the bottom of the image, the words ""RIVERSIDE SOCCER"" are prominently displayed in large, bold, white letters, creating a strong and clear identity for the soccer program. The background of the entire logo is a soft, light gray, which helps the colors stand out prominently."
BOBN-40757D43.jpg,"The image features a logo for ""Triton Transport Ltd."" The logo uses a bold, sans-serif font, primarily in black. The word ""Triton"" is prominently displayed, and it is larger than the accompanying text, ""Transport Ltd."", which appears below it in a smaller size. 

A distinctive design element is a blue, wave-like graphic beneath the word ""Triton,"" adding a dynamic touch that suggests motion or fluidity, aligning with the transportation theme. A thin black line runs along the top edge of the blue wave, enhancing the design's contrast and depth.

Overall, the logo conveys professionalism and efficiency, suitable for a transport company. The color scheme is simple yet effective, using black and blue to create visual interest."
BOBN-418DC9D0.jpg,"The image features an aggressively roaring lion's head, depicted in a highly stylized, artistic manner. The lion's mane is voluminous and intricately detailed with rich golden and brown hues, contributing to its fierce appearance. The lion's expression is intense, with bared teeth and striking amber eyes, exuding power and majesty.

Below the lion's head, the phrase ""FEAR ONE"" is written in a bold, brush-stroke style, conveying a sense of urgency or strength. The text is light gray, contrasting with the darker background. To the right of the phrase, a simple, bright orange cross is positioned, adding a symbolic element to the composition.

The entire scene is set against a muted gray background, allowing the vivid colors of the lion and the text to stand out prominently. The overall design melds themes of strength and faith, creating a striking visual impact."
BOBN-45EAEF96.jpg,"The image features a logo that represents the ""Mason County STARZ."" The design incorporates a baseball theme and is primarily rendered in bold colors, including red, black, and white. 

1. **Logo Shape and Background**: The logo is circular, with a black circular outline that has a sweeping curve at the bottom, resembling a baseball. The background features a solid grey color, enhancing the logo's visibility.

2. **Text Elements**: 
   - **Top Text**: The words ""MASON COUNTY"" are positioned at the top of the logo in uppercase letters, utilizing white font with a black outline, which helps it stand out against the background.
   - **Main Text**: The focal point of the logo is the word ""STARZ,"" prominently displayed in large, bold letters. The letters are primarily red with white outlines, giving them depth and emphasis.

3. **Baseball Iconography**: Above the main text, there is a stylized depiction of a baseball with red stitches, adding to the sports theme. This baseball element is integrated into the upper curve of the logo, contributing to a dynamic design.

4. **Decorative Elements**: Flanking the text, there are two small star icons in white, adding an element of excitement and implying excellence in performance.

Overall, the logo combines vibrant colors and bold typography to create an energetic and sports-oriented design, effectively representing a baseball team from Mason County."
BOBN-46CFEDE7.jpg,"The image features a shield-shaped logo primarily in shades of blue. The outer part of the shield is a darker blue, which contrasts with the lighter blue interior. 

Inside the shield, there are three white fleur-de-lis symbols, traditionally associated with French heritage. Two of these fleur-de-lis are located at the top, while one is at the bottom center of the shield. 

Across the shield, the words “Branne” and “Service Technique” are displayed. “Branne” is written in a handwritten-style font, located at the top, while “Service Technique” appears in a more structured font along the bottom, slightly curved, adapting to the shape of the shield. 

There is a sweeping white line that crosses the shield from the left side to the right, enhancing the dynamic look of the logo. Overall, the design conveys a sense of professionalism and heritage."
BOBN-471B9839.jpg,"The image is a badge-like graphic with a shield shape. The background is a soft light gray color. At the top of the shield, in bold brown lettering, is the word ""TRUMBULL"". 

Beneath this, prominently displayed in a larger font, is the phrase ""50th Anniversary"" in white, signaling a celebration of a significant milestone. The central portion of the badge features an illustration of a canoe resting on blue water, depicted in a stylized manner. 

In the background, rising up from the water, are several dark green trees, suggesting a forested area. The canoe itself is brown, with a smooth, rounded shape, emphasizing a natural and outdoor theme. Below the canoe, in equally bold brown letters, are the words ""CANOE TRAILS"", clearly indicating the focus of the badge. The overall design combines elements of nature and celebration, representing an outdoor activity or organization affiliated with canoeing."
BOBN-4AEC390C.jpg,"The image features a fire department badge design with a distinct layout. It is primarily shaped like a classic fire emblem, which includes a central circular area surrounded by pointed edges, creating a star-like appearance. 

At the top of the badge, the word ""COLLINGSWOOD"" is displayed in bold, uppercase letters, indicating the name of the fire department. Below that, in the center of the badge, the number “16” is prominently featured, also in a large and bold font, highlighting the specific unit or station number.

On either side of the number, there are graphical representations of firefighting tools: a ladder on the left side and a fire hydrant on the right side, both rendered in a simple, black silhouette style to maintain clarity and contrast against the background.

The bottom of the badge features the words ""FIRE DEPT."" in a bold, uppercase format, reinforcing the department's identity. The color scheme includes a pale blue background, enhancing the bold black elements of the badge for visibility and impact. 

Overall, the design is straightforward, emphasizing the professional identity of the fire department while incorporating essential firefighting symbols."
BOBN-4C792640.jpg,Error generating caption: You uploaded an unsupported image. Please make sure your image is valid.
BOBN-4FA280C6.jpg,"The image is a logo featuring a stylized design. At its center, there is a circular car wheel with a sleek design, showing a five-spoke pattern in black and silver. Surrounding the wheel is a vibrant shield shape outlined in black and colored in a gradient of red and orange. 

Above the wheel, there’s a prominent golden crown, suggesting a royal or top-quality service. The crown has pointed tips and is embellished with decorative elements, including small jewels that catch light. 

Below the wheel, the text reads ""ELITPNEUS"" in bold, white capital letters set against a black background, making it stand out prominently. Beneath this main title are three words in smaller text: ""Dépannage - Pneumatique - Nettoyage,"" which translates to services related to tire repair, tire services, and cleaning, respectively. The text appears in a clean, modern font. 

Two small silver stars are placed on either side of the bottom design, adding to the overall polished, professional look of the logo. The entire composition creates an impression of reliability and expertise in automotive services."
BOBN-4FB31522.jpg,"The image features a bold, graphic design centered around a fitness theme, specifically the ""1000 LBS CLUB."" 

### Details:
- **Background:** The backdrop is a solid light blue color that enhances the vibrancy of the other elements.
  
- **Text:**
  - The phrase “1000 LBS CLUB” is positioned at the top in a large, stylized font. The letters have a gold texture, giving them a metallic look, with jagged edges that add an aggressive feel.
  - Below, the word “MONROVIA” is presented in a similar gold font, though slightly smaller, ensuring it complements the primary title.

- **Central Image:** 
  - A detailed illustration of a skull occupies the center of the image. The skull has pointed bat-like ears and menacing red eyes, giving it a fierce expression.
  - Behind the skull, there are two crossed barbells, adding to the fitness theme. The barbells are depicted with textured detailing to emphasize their weight and solidity. 

- **Overall Composition:** The arrangement creates a striking visual balance, with the text framing the skull and barbells effectively. The combination of the skull, barbells, and aggressive text suggest themes of strength and dedication, catering to a fitness-oriented audience.

This design would likely be featured on apparel or promotional materials related to a weightlifting club or event in Monrovia, Liberia."
BOBN-528415B8.jpg,"The image features a circular logo for the ""Mickey Renaud Cup."" The background is a light gray color, providing a neutral backdrop for the design elements. 

At the center of the logo, there is a bold circle outlined in dark blue. Inside this circle, the words ""BLUEWATER LEAGUE"" are prominently displayed in white, curved text. Below this, an image of a stylized map or silhouette representing a body of land, possibly indicative of the area associated with the league, is depicted in white.

Flanking the map are two crossed hockey sticks, emphasizing the sporting theme of the league. The abbreviation ""O.M.H.A."" appears at the bottom, also in white, indicating the Ontario Minor Hockey Association.

Surrounding the inner circle, the text ""Mickey Renaud Cup"" arcs at the top, and ""4th Annual"" appears at the bottom, both in white. To add a Canadian flair, two small maple leaf icons in red are placed to the left and right of the inner circle’s outline.

Overall, the logo integrates sports, community, and national identity into a cohesive design perfect for promoting the event."
BOBN-530791E7.jpg,"The image features a logo for the ""Office of Emergency Management"" in Somerville, Massachusetts. 

- **Background**: The logo is set against a light blue background, giving it a clean and professional appearance.
  
- **Text**: 
  - The words ""OFFICE OF"" are positioned at the top and are written in a smaller, lime green font.
  - The center of the logo prominently displays ""EMERGENCY MANAGEMENT"" in bold, dark blue letters, making it eye-catching and easily readable.
  - Below this phrase, ""SOMERVILLE, MASS."" is also displayed in a smaller lime green font, indicating the location of the office.

- **Graphics**: 
  - There are several green stars arranged in an arc around the text, suggesting a theme of guidance and support.
  - On the right side of the logo, there’s a circular emblem featuring an image of a castle tower with a flag atop it, surrounded by five small stars. This adds a visual element that likely represents local heritage or authority.

Overall, the design utilizes a balanced color scheme of blue and green, emphasizing professionalism and readiness in emergency management efforts."
BOBN-54CD4483.jpg,"The image is a logo for the ""Pacer Track Club."" It features a shield-like design predominantly in an orange color with black accents. 

At the top, the words ""PACER"" and ""TRACK CLUB"" are displayed prominently in bold, uppercase letters, emphasizing the club's identity. Below the text, there is a circular emblem featuring a stylized running shoe with wings, symbolizing speed and agility.

Flanking the emblem are silhouettes of two runners in motion, depicted in black against the vibrant orange background. These figures are positioned dynamically, suggesting a sense of energy and competition.

The shield’s bottom section includes a smaller badge that reads ""EST. 1975"" above the number ""50,"" indicating the club's establishment and celebrating its 50 years of activity. The design is outlined in black, adding contrast and helping the elements stand out against the background. 

Overall, the logo presents a lively and athletic vibe, suitable for a track club."
BOBN-58BF71D6.jpg,"The image is a design layout for an embroidered emblem representing the ""Campus Security"" division of the Seattle College District. 

### Detailed Description:

- **Shape**: The emblem has a shield-like structure, featuring a pointed base and curved top.
  
- **Color Scheme**: 
  - The dominant background color is a mix of blue tones. 
  - The top section contains lighter blue hues, transitioning into a darker blue toward the center.
  
- **Text Elements**:
  - The words ""CAMPUS SECURITY"" are prominently displayed at the top in bold, capital letters.
  - Below this, ""SEATTLE COLLEGE DISTRICT"" is inscribed in a smaller font.
  - At the lower part of the design, the words ""NORTH CENTRAL SOUTH"" are featured, also in capital letters.

- **Central Icon**: 
  - In the middle of the emblem is a stylized image of a building or a structure, possible related to security or education, represented in a contrasting color. It has an abstract design that appears modern and emphasizes safety.

- **Border**: 
  - The emblem is outlined with a border, described as ""Merrow"" in style, with a specified border color that matches #367.

- **Dimensions and Details**: 
  - To the right of the emblem, there is information about the date, size (3-7/8” x 4-1/2”), thread count, and various color codes (e.g., #514, #800).
  - There are sections labeled for customer approval and quantity needed.

- **Notes**: 
  - At the bottom, there are clarifications noting that colors may differ from the original sample and that the design can be altered slightly for quality purposes.

Overall, this image serves as a detailed mock-up for producing a security emblem for a collegiate institution, emphasizing safety and community."
BOBN-5A181126.jpg,"The image features a prominent white letter ""W"" positioned against a soft blue background. The letter is bold and stylized, with distinctive, angular arms extending outward from both the top and bottom of the letter. The structure of the ""W"" is symmetrical and has a clean, modern aesthetic. The blue background provides a subtle contrast that makes the letter stand out sharply, enhancing its visibility. The overall tone is simple yet striking, emphasizing the shape and design of the letter itself."
BOBN-5D3F2A19.jpg,"The image features a vibrant and intricate geometric pattern on a soft blue background. The design consists of symmetrical star-like shapes, primarily featuring a palette of black, turquoise, and deep blue hues.

1. **Background**: The background is a calming light blue, providing a stark contrast to the complex shapes overlaying it.

2. **Central Design**: The repeating star shapes are composed of layered diamond forms. Each star has a central diamond with a bold black outline, surrounded by an alternating turquoise and blue layering that creates depth.

3. **Coloration**: 
   - The stars are predominantly turquoise with black outlines, emphasizing the sharpness of the geometric forms.
   - Deep blue accents are integrated within the star shapes, adding dimension and visual interest.
   - Small yellow elements appear sporadically, likely intended as highlights or additional details.

4. **Typography**: On the left side of the image, the text ""DOWNERS GROOVE"" is displayed prominently in a bold, sans-serif font. The letters are turquoise, echoing the colors found in the star patterns. The text's size and placement ensure it stands out against the intricate background.

Overall, the image presents a harmonious interplay of color and shape, merging a modern aesthetic with a playful and rhythmic quality."
BOBN-5E6084C8.jpg,"The image features a vibrant blue background, which creates a lively and energetic feel. Prominently displayed are the words ""ONE TRIBE"" and ""ONE GOAL,"" written in a bold, chunky font. The text is a bright golden yellow, giving it a strong contrast against the blue backdrop. The letters have a hand-drawn appearance, with uneven edges that convey a dynamic and informal look.

At the center of the composition is a stylized graphic of a lacrosse stick, outlined in white. The stick has intricate patterns, adding visual interest, and it leads to a lacrosse ball designed with swirling lines, emphasizing motion. The stick is positioned horizontally, cutting through the words. The overall effect represents teamwork and unity, symbolized by the phrase ""one tribe, one goal."" This combination of colors and elements creates a spirited and motivational atmosphere."
BOBN-5F93DF8D.jpg,"The image features a graphic design showcasing two pirate faces side by side. On the left is a male pirate with a rugged appearance, wearing a black tricorn hat adorned with a skull and crossbones motif. He has a prominent handlebar mustache and a neatly groomed beard. His left eye is covered by an eye patch, giving him a fierce look, while the right side of his face depicts a strong expression, emphasizing his well-defined features. A red bandana wraps around his head, and several golden hoop earrings hang from his earlobes.

On the right is a female pirate, also wearing a black tricorn hat with the same skull design. She has long hair that cascades down her shoulder and a bold expression. Her right eye is covered with a stylish eye patch that features a small skull and crossbones, similar to the emblem on her hat. She sports bright green earrings and a red choker around her neck, enhancing her striking look. The background is a soft light green, providing contrast to the bold black and red elements.

Below the pirate duo, the text reads ""PONCE DE LEON ATHLETICS"" in large, white, bold letters, emphasizing the theme and giving the design a cohesive athletic branding."
BOBN-612502DE.jpg,"The image features a striking graphic design of a yellow softball that is being grasped by a fierce claw. The claw is depicted with an orange and black striped pattern, reminiscent of a tiger's paw, and has sharp, black-tipped claws gripping the ball tightly. Surrounding the ball are dynamic black streaks that suggest movement, like claw marks tearing through the background. Above this imagery, the word ""MEXICO"" is prominently displayed in bold, stylized orange lettering, which adds an energetic flair to the overall composition. The combination of colors—yellow, orange, black, and a touch of white—creates a vibrant and bold visual impact. The design effectively conveys a sense of power and competitiveness, possibly reflecting themes related to sports, particularly softball."
BOBN-648B55D4.jpg,"The image features a logo that prominently displays the word ""Turbo."" The text is rendered in a bold, clean, sans-serif font, which contributes to a modern and dynamic appearance. The letters are predominantly white and are set against a muted dark green background, creating a strong contrast that enhances visibility.

Above the word ""Turbo,"" there are two sweeping curved lines that resemble the motion and flow associated with speed and performance. These lines add a sense of dynamism to the logo, suggesting movement and energy, which aligns with the concept conveyed by the word itself.

Overall, the logo is minimalistic yet effective, capturing the essence of speed and power often associated with turbo technology."
BOBN-66534DF4.jpg,"The image features a stylized representation of two cattails, which are tall, slender reeds with brown, cylindrical flower heads at the top. The cattails are depicted in an abstract manner, with the flower heads colored in a warm brown tone. 

Beneath the flower heads, the cattail stems are rendered in varying shades of green and blue, giving a sense of depth and vibrancy. The overall composition incorporates smooth, flowing lines that create an organic feel. 

The cattails rise from a slightly curved shape that resembles a wave, rendered in blue and green, which adds a dynamic aspect to the design. This wave-like element also contrasts with the vertical stems, providing balance to the illustration. 

The background is white, emphasizing the colors and shapes of the cattails and the wave, enhancing the overall simplicity and clarity of the design. The image conveys a natural, calming aesthetic, likely associated with themes of nature, water, or wildlife."
BOBN-6C3EE928.jpg,"The image showcases a circular logo that features a bold black design. At the center is a large, stylized letter ""H,"" which is solid and prominently displayed. To the left of the ""H,"" there is an illustration of two tall trees, likely representing the natural landscape associated with the Humboldt area. These trees are intricately detailed, capturing their textures and forms.

Encircling the ""H"" and the trees, there is a thick black outline that forms the border of the logo. Within this circular frame, the words ""Humboldt"" are displayed at the top in white, bold, uppercase lettering, contributing to the logo's visibility and impact. 

At the bottom of the logo, the words ""Special Olympics"" are presented in a similar white font, ensuring coherence and clarity. On the right side of the logo, there is a small illustration of a snail, adding a unique character element to the design.

Overall, the logo encapsulates a sense of community, nature, and inclusiveness, fitting for an organization focused on sports and support for individuals with disabilities."
BOBN-6D1DAC36.jpg,Error generating caption: You uploaded an unsupported image. Please make sure your image is valid.
BOBN-6DCF2F55.jpg,"The image features a logo centered around a basketball theme. The background is a deep navy blue, providing a strong contrast to the logo's elements. 

Prominently displayed at the top is the abbreviation ""SJV"" rendered in a bold, capitalized, white font. The letters are outlined in a thick blue border, giving them a strong, sporty appearance.

Below ""SJV,"" the word ""LANCERS"" is presented in an equally bold, uppercase white font, but larger in size than the abbreviation. This text is also set against a thick blue border, enhancing its visibility.

The word ""BASKETBALL"" is positioned underneath ""LANCERS"" in a slightly smaller, yet still bold, white font. The overall layout is clean and easily readable.

Surrounding the text are graphic elements resembling a basketball, with yellow arcs depicting the lines of the ball. These yellow lines interweave around the text and create a dynamic feel, emphasizing motion and energy, which is characteristic of basketball.

The overall design communicates a spirited and athletic vibe, suitable for a sports team."
BOBN-7066B71D.jpg,"The image features a beautifully designed emblem set against a soft lavender background. At the center is a stylized shield shape, outlined in a vibrant green. Inside the shield, the letters ""BTA"" are prominently displayed in a soft green color as well.

Surrounding the shield is a floral arrangement, filled with white flowers, yellow blossoms, and delicate greenery, adding a touch of nature and warmth. Above the emblem, a small airplane is depicted in flight, hinting at themes of travel or adventure.

To the left of the shield sits a cheerful corgi, with a mostly tan and white coat, standing confidently amid cacti and desert scenery. On the right, there's an affectionate calico cat, quietly observing its surroundings. The background behind the animals showcases a colorful desert landscape, with rolling hills and a sunset gradient that transitions from orange to pink.

At the base of the shield, a flowing ribbon emphasizes ""EST. 2025"" in a classic font, suggesting that this design may represent a brand or organization celebrating a future establishment year. Overall, the image combines elements of nature, whimsy, and a sense of community warmth."
BOBN-71CAA9D1.jpg,"The image features a logo for the ""Lisboa Devils,"" which is related to American football. 

### Detailed Description:

- **Text Elements**: 
  - The word ""Lisboa"" is displayed at the top in a bold, stylized font. The letters are primarily in a black texture with a diamond-like pattern. 
  - Below ""Lisboa,"" the word ""DEVILS"" is prominently featured in large, red letters. The letters have a gradient effect, transitioning from a darker shade at the bottom to a lighter shade at the top. These letters also have a textured appearance that resembles a honeycomb pattern, enhancing a sporty and fierce look.
  
- **Design Features**:
  - The ""D"" in ""DEVILS"" creatively incorporates a tail-like feature that curls around, resembling a devil's tail, anchoring the logo's theme.
  - The overall color scheme is a striking combination of black, red, and gray, which conveys strength and aggression typically associated with sports teams.
  
- **Additional Text**: 
  - Below ""DEVILS,"" there is smaller text stating ""Futebol Americano,"" which translates to ""American Football"" in Portuguese. This text is rendered in a simple, white font that contrasts against the darker background, ensuring it is legible but subordinate to the larger elements of the logo.

- **Background**: 
  - The overall background appears to be a solid black, providing a stark contrast that makes the red and white elements pop visually.

This logo effectively represents the team identity and conveys a dynamic and competitive spirit associated with American football.
"
BOBN-7A76E093.jpg,"The image features a stylized graphic design that combines two elements: a tiger's head and a basketball hoop. 

- **Left Side**: The left half of the design showcases a tiger's head, rendered in a bold, monochromatic style. The tiger's face is highly expressive, with sharp features, prominent stripes, and piercing eyes that convey a sense of intensity. The design captures the essence of a fierce and powerful animal.

- **Right Side**: The right half of the image transitions into a basketball basket. The hoop is depicted with lines forming the rim and net, illustrating the sport's dynamic nature. 

- **Text Element**: Between the two halves, the word ""PANTHERS"" is vertically aligned. The letters are bold and capitalized, adding a strong and prominent touch to the design. The text is likely in a contrasting color, enhancing its visibility against a background that appears to be dark, likely black.

Overall, the image embodies themes of strength and sportsmanship, effectively merging the characteristics of a tiger with the energy of basketball."
BOBN-7F506897.jpg,"The image features a stylized logo with the text ""Kenz-ee's"" prominently displayed. The text is written in a playful, cursive font, giving it a dynamic and inviting appearance. The letters are mainly in a soft cream or beige color, bordered with a darker brown outline that adds depth and contrast to the overall design.

Above the text, there is a graphic representation of a cocktail glass, specifically a martini glass. The glass is rendered in a simple yet elegant style, appearing transparent with a slight sheen to suggest glass material. Inside the glass, a dark-colored liquid is visible, likely representing a cocktail. A single coffee bean floats on top of the drink, adding a touch of detail and character to the design.

Surrounding the text and glass is a thicker golden-hued outline that frames the elements, enhancing their prominence against a likely contrasting background. Overall, the logo conveys a stylish and contemporary vibe, perfect for a bar or cafe setting."
BOBN-8545D536.jpg,"The image features a stylized emblem with a central shield shape, predominantly black and gray in color. The shield is divided diagonally with one half displaying a solid dark color and the other half featuring a lighter shade, creating a contrast. 

Prominently displayed on the shield is a white emblem resembling a burst or impact mark, suggesting an explosive or dramatic theme. Additionally, to the top right of the shield, there is a small icon that appears to represent a stylized cinematic film reel, indicating a possible connection to media or storytelling.

Crossing behind the shield are two firearms: one resembles a traditional pistol, while the other appears to be a rifle. Both weapons are illustrated in a simplified, graphic style, with details such as the trigger and barrel clearly represented. The overall design is bold, giving off a sense of strength, protection, and possibly an affiliation with military or action themes. The color scheme remains monochromatic, enhancing the graphic quality of the emblem."
BOBN-855CF6DB.jpg,"The image features a vibrant, light green circular logo with elements that represent the Humboldt Special Olympics. At the center, there is a bold, capital letter ""H"" that stands out prominently. Flanking the letter on either side are illustrations of evergreen trees, showcasing pointed tops and a textured trunk, enhancing the natural theme of the design.

Surrounding the central ""H"" is a circular border that includes the words ""Humboldt"" at the top and ""Special Olympics"" at the bottom, both in a clear, bold font that is also white for distinct visibility against the green background.

Additionally, to the right of the ""H,"" there's a simple white outline of a slug, adding a whimsical touch to the logo while connecting to the local wildlife. The overall design conveys a sense of community, nature, and celebration, effectively representing the spirit of the Special Olympics in the Humboldt region."
BOBN-86201FCF.jpg,"The image features a stylized graphic that prominently displays the letters ""LA"" in a bold, modern font. The letters are primarily black with a white outline, giving them a strong contrast against the background. Behind the ""LA,"" there are two crossed lacrosse sticks, which are depicted in white. The sticks have a simple, clean design with their heads featuring a net-like pattern characteristic of lacrosse equipment.

The background of the image is a soft, muted gray-green color, which provides a subtle and calming backdrop that enhances the overall visual appeal. The combination of the bold black lettering and the white lacrosse sticks creates a striking image that conveys a sense of sport and team identity. The overall design is graphic and contemporary, likely appealing to fans of lacrosse or teams associated with the ""LA"" initials."
BOBN-87831E17.jpg,"The image features a cartoonish astronaut sitting atop a sleek, retro-style rocket. The rocket is predominantly white with a red nose cone and tail fins, giving it a classic design reminiscent of 1950s sci-fi. The body of the rocket has a round window with a blue rim that stands out against the white surface.

The astronaut is dressed in a traditional space suit, complete with a full helmet that has a reflective visor. They are making a peace sign with their right hand while their left hand rests on their knee. The space suit is predominantly white with gray accents, highlighting the arm and leg areas. 

In the background, a light blue color fills the space, creating a cheerful atmosphere. Above the astronaut, the phrase ""SPACE KIDETS"" is written in large, playful font, with ""SPACE"" in a bold, curved style and ""KIDETS"" slightly angled, giving the impression of fun and adventure. The overall feel of the image is whimsical and youthful, evoking a sense of exploration and excitement about space."
BOBN-8C0C371E.jpg,Error generating caption: You uploaded an unsupported image. Please make sure your image is valid.
BOBN-8E97254F.jpg,"The image features the word ""TIGERS"" prominently displayed in a playful and colorful typography design. 

- **Background**: The background is a soft pastel blue, giving a cheerful and vibrant feel to the overall image.

- **Text**: The text is composed of both uppercase and lowercase letters:
  - The letters ""TI"" at the beginning appear in a bright turquoise color with a slightly glossy texture.
  - The ""G"" is vibrant pink, featuring a bold outline.
  - The letters ""ERS"" are in a mix of colors: 
    - The ""E"" is a bright light green.
    - The ""R"" is a softer pastel pink.
    - The ""S"" is a bold yellow-green, completing the colorful ensemble.

- **Font Styles**: The word ""TIGERS"" is designed with varying font weights and styles. The word ""tigers,"" in cursive script, overlays the uppercase letters prominently, creating a dynamic visual effect. The script is large and emphasized, likely in a dark color (possibly navy or black) to contrast against the colorful uppercase letters.

Overall, the design is energetic and eye-catching, evoking a fun and youthful vibe."
BOBN-8F013DE2.jpg,"The image features a logo that combines text and geometric shapes. At the top, the word ""WISEMANS"" is displayed prominently in bold, capital letters, using a vibrant blue color. Below it, the word ""Chevron"" is presented in a smaller, yet still bold font, with the same blue color, maintaining a cohesive look.

Under the text, there is a stylized representation of the Chevron symbol, which consists of overlapping chevron shapes. The upper section is composed of two shades of blue—a lighter blue on the left flowing into a darker blue on the right. The lower section is made up of two layers of red, with the darker red on the left transitioning to a bright red on the right. The chevron shapes create a sense of depth and dimension due to subtle shading, giving the logo a modern and dynamic appearance. Overall, the logo is clean, professional, and visually striking, effectively conveying a sense of brand identity."
BOBN-8F68266D.jpg,"The image features the logo of the brand ""Speedo,"" which is known for swimwear and aquatic gear. The logo consists of the word ""speedo"" in a bold, modern font. 

**Color Scheme:**
- The letters ""speedo"" are primarily rendered in a vibrant green on the left side, transitioning into a lighter green and then blending into a blue gradient towards the right. 
- The colors create a dynamic, energetic feel, suggesting speed and movement. 

**Design Elements:**
- Accompanying the text is a stylized graphic element resembling a streamlined arrow or wave that extends from the ""s"" in ""speedo,"" emphasizing motion and agility in water. This element is also in a gradient that transitions from green to blue, matching the color scheme of the text.

**Overall Impression:**
- The design is modern and sporty, effectively capturing the essence of swimming and speed while appealing to athletes and water enthusiasts. The registered trademark symbol (®) is placed at the top right of the logo, indicating its trademark status. 

The overall aesthetic is sleek and professional, aligning with the brand's image in the sports apparel industry."
BOBN-909E42BA.jpg,"The image features a logo for ""Steelworks Pub."" The design incorporates a bold and modern aesthetic. 

1. **Text Elements**: 
   - The main title ""STEELWORKS PUB"" is prominently displayed in large, capital letters. The font is strong and striking, likely resembling metalwork to align with the name ""Steelworks.""
   - Underneath the main title is a subtitle that reads ""BEER, WINE, AND SPIRITS."" This is in a lighter, blue font that contrasts with the darker main title.

2. **Color Scheme**: 
   - The overall color scheme combines shades of blue, black, and white. The background is a light grey, providing a neutral backdrop that enhances the visibility of the text.
   - The banner that contains the subtitle is a vibrant blue, adorned with a delicate leaf motif on either side, suggesting a connection to nature and crafting.

3. **Design Features**:
   - The logo has a geometric shape, with an overarching diamond-like outline that implies strength. The angles and sharp lines contribute to a robust visual impression.
   - The banners for the subtitle have triangular ""tails,"" adding a dynamic element to the overall design.

4. **Visual Style**: 
   - The aesthetic is clean and contemporary, with a hint of industrial character due to the metal-themed name. This suggests a pub atmosphere that is both welcoming and aligned with themes of craftsmanship and quality.

This logo communicates the essence of a lively pub that values its drink offerings while also incorporating a modern industrial flair."
BOBN-932F19C8.jpg,"The image features a bold textual representation of ""THE A TEAM."" The font is large, blocky, and heavily stylized in an all-uppercase format. The text is painted in a vivid red color that captures attention. 

The background is a soft light blue, creating a strong contrast with the red lettering, making the words stand out prominently. The design employs a straightforward yet impactful layout, with ""THE"" positioned above ""A TEAM."" The letters are slightly spaced apart, and the overall composition conveys a sense of action and energy, characteristic of themes in action or adventure genres. 

There are no images or additional elements, emphasizing the text and its bold colors. The design is clean and simple, focusing purely on the title."
BOBN-940E53FC.jpg,"The image showcases a vibrant and dynamic logo for ""Green Bean Elite."" Central to the design is a muscular, anthropomorphic green bean character, featuring exaggerated muscles and an intense expression, showcasing fierce determination. The character has a round head with a leaf sprouting from the top, and its eyes glow with an electric green intensity, adding to the fierce allure.

This character is depicted in a basketball stance, holding a large basketball that matches its green hue. It wears a dark blue sports jersey, which contrasts sharply with its bright green skin. Surrounding the character are various elements that emphasize its connection to basketball, including two basketball hoops located on either side of the image, along with green basketballs that appear to be in motion.

The backdrop features a burst of abstract green shapes, resembling leaves and plant elements, enhancing the theme and energy of the logo. The text ""GREEN BEAN ELITE"" is prominently displayed in bold, angular typography beneath the character, filled with a gradient of blacks and greens.

Overall, the image combines elements of athleticism, urban street art, and an engaging cartoonish style to create a lively and appealing design."
BOBN-95271DAF.jpg,Error generating caption: You uploaded an unsupported image. Please make sure your image is valid.
BOBN-958BBF7C.jpg,"The image features a geometric composition dominated by an array of colorful triangles arranged in a pyramid-like structure. The background is a soft, light blue, providing a vibrant canvas for the design. 

At the top, there is a smaller triangle outlined in a gradient of purple and blue hues, tapering down into a larger collection of triangles beneath it. These triangles vary in size and orientation and are outlined in bright, gradient colors that transition from red at the bottom to green and yellow in the center, then blue at the top.

The arrangement creates a dynamic, abstract feeling, with sharp lines and vivid colors drawing the viewer's attention. The overall effect is playful and modern, combining simplicity with complexity through its detailed layering and color scheme."
BOBN-9AD6847F.jpg,"The image features a circular logo consisting of vibrant, layered colors. At the top, the background transitions from deep orange to lighter shades, suggesting a sunrise or sunset effect. This gradient creates a warm and inviting atmosphere.

In the center of the logo, a prominent white cross stands upright, symbolizing faith. The base of the cross is thick, tapering off as it reaches upward, contributing to the overall balance of the design.

Below the cross, there are stylized waves represented in various shades of blue and green. These curves evoke a sense of movement, resembling rolling hills or flowing water. The colors transition seamlessly from dark blue at the bottom to lighter greens and blues towards the center.

Beneath the circular emblem is the text “Gateway UMC” in a bold, modern font, followed by “Fairmont Life Fellowship” in a slightly smaller size. The text is black, providing a clear contrast against the colorful logo above.

Overall, the design conveys themes of spirituality, community, and nature in a contemporary and visually appealing manner."
BOBN-9B0C4569.jpg,"The image features a logo for ""V1 Aviation LLC,"" designed in a sleek and modern style. The predominant colors are gold and a soft gray background. 

At the top left, there is a stylized medal or badge shape, rendered in gold with a polished, reflective sheen that adds depth. Below this badge, a circular emblem is prominently displayed, featuring a five-pointed star at its center, also in gold. The star has a slightly three-dimensional appearance, enhancing its visual appeal against the circular background.

The text ""V1 Aviation LLC"" is positioned beneath the emblem, crafted in a contemporary font. The text is also golden and matches the color palette, contributing to the cohesive design. Below this main text, there is a tagline: ""VETERAN-OWNED, MISSION-DRIVEN."" This additional text is presented in a smaller font, maintaining readability while emphasizing the company's values.

The overall design conveys professionalism and patriotism, suggesting a connection to aviation and honoring military service. The use of gold adds a sense of prestige and quality to the logo."
BOBN-9D0D312C.jpg,"The image features a vibrant design centered around basketball themes. The word ""Swish"" is prominent, displayed in bold, stylized letters that are black with pink accents. A basketball graphic completes the ""S"" in ""Swish,"" indicating a sports connection. 

In the background, a faint outline of a basketball can be seen, rendered in light gray to provide contrast without overpowering the text. Surrounding the text are pink starbursts and curved lines, adding a dynamic and energetic feel to the design.

Beneath ""Swish,"" the website URL ""swishatlanta.com"" is presented in a clean, modern font in black. Following this, a tagline reads, ""It's a way of life,"" written in a flowing, cursive script, inviting and warm.

At the bottom of the design, two pink heart shapes are flanked on each side by simple, wavy lines that resemble heartbeats, reinforcing a sense of passion and lifestyle associated with the message. The overall color palette combines black, various shades of pink, and light gray, creating a striking and eye-catching visual."
BOBN-9D5E2432.jpg,"The image features a design with the text ""Dansville MUSTANG"" prominently displayed. The word ""Dansville"" is styled in a playful, cursive font in a bright red color, which creates a lively contrast against the background. Below this, the word ""MUSTANG"" is written in bold, block letters, also in red, making it stand out strongly.

In the lower corners, the years ""2024"" and ""2025"" appear in white, utilizing a simple, clean font that complements the overall design. A white silhouette of a running horse is positioned beneath the years, symbolizing the Mustang theme. The background is a soft light blue, which enhances the vibrancy of the red and white text, giving the overall image a dynamic and energetic feel. The composition effectively conveys a sense of school spirit or team pride."
BOBN-9DAB11CE.jpg,"The image features a stylized representation of a maple leaf, predominantly gray in color, which is outlined in black. The leaf has a smooth, shiny texture, with subtle highlights and shadows that create a three-dimensional effect. Its shape is distinctively asymmetrical, characterized by multiple pointed lobes and a pronounced central vein.

Below the leaf, there is text that reads ""ONGIA"" in a bold, modern font. The letters are primarily white with black outlines, and they exhibit a slight drop shadow to add depth. The overall background is a dark gray, providing contrast and making both the leaf and the text stand out prominently. This combination of elements gives the image a clean, contemporary look."
BOBN-9DD9B1D5.jpg,"The image features a vibrant and dynamic design centered around the word ""Swish."" The word is prominently displayed in bold, stylized pink letters with a playful, cursive touch, suggesting energy and movement, often associated with basketball. Behind the text, there is a circular basketball graphic, outlined in gray, which adds context to the overall theme. 

Surrounding the text are stylized graphic elements, including starburst shapes in shades of pink that convey excitement, as well as two heart shapes positioned at the bottom, intertwined with a waveform line that adds a rhythmic sound element to the design. Below the main ""Swish"" text, there is the website URL ""swishatlanta.com"" in a sleek, modern font, providing a digital connection.

The tagline ""It's a way of life"" is presented in a soft, flowing font that invites engagement. The background of the image is black, which adds contrast, allowing the bright colors and dynamic graphics to stand out, creating an eye-catching visual appeal. The overall composition exudes a playful yet energetic vibe, strongly rooted in the basketball culture."
BOBN-9E1D4ECA.jpg,"The image features a stylized logo representing the ""Longmeadow Lancers."" Central to the design is a cartoonish knight character, characterized by a prominent helmet with a grille that covers the lower face. The knight sports a bold, flowing mane, giving it a dynamic appearance. 

This knight holds a large shield in one arm and a lance or sword in the other, suggesting readiness and strength. The shield has a sleek design, incorporating an angled edge and a light reflection effect, conveying a sense of depth. 

At the bottom of the logo, the name ""LONGMEADOW"" is prominently displayed in bold, uppercase letters, with a slightly curved arrangement over the knight. Below this is the word ""LANCERS,"" which is also in uppercase, slightly larger, and bolded for emphasis. The text is black with a white outline, enhancing its visibility against various backgrounds.

The overall color palette is composed of shades of gray, black, and white, giving the logo a modern and sharp look. The clean lines and strong contrasts contribute to a professional and sporty vibe, suitable for a school or athletic team."
BOBN-9ECD4ABA.jpg,"The image features a graphic design for a baseball-related project. At the top, the word ""BOLINGBROOK"" is displayed in bold, uppercase letters, featuring a thick black outline that contrasts sharply with a white inner fill. Below it is the word ""BASEBALL,"" rendered in a large, bold font that is entirely black, making it prominent against the background.

The central section of the design incorporates a bright red, shield-like shape which acts as a backdrop for the word ""BASEBALL,"" enhancing its visibility. To the right of this red section is a stylized graphic of a flag featuring a skull and crossbones—symbolizing a pirate theme—along with the initials ""BHS"" in white lettering. The flag appears dynamic, waving in a way that adds energy to the design.

At the bottom, the word ""RAIDERS"" is presented in a rounded, bold font, similar to ""BOLINGBROOK,"" featuring white lettering with a thick black outline, creating a cohesive look with the other text. The overall dimensions of the graphic are 12 inches wide by 5.81 inches high, possibly indicating its intended use for signage or apparel related to Bolingbrook's baseball team. The background of the image is a grid pattern, likely indicating a design template or layout guide."
BOBN-A24ED5C8.jpg,"The image features a logo that prominently represents baseball, specifically associated with Babe Ruth. The overall shape of the logo is a shield, establishing a sense of tradition and sportsmanship. The background color is a soft, light blue, giving it a clean and fresh look.

At the top of the shield, there is an arch that reads ""FAIRFIELD CT,"" indicating a location. Below this, centered in larger font, is the name ""BABE RUTH"" in bold, capital letters, which stands out prominently.

Underneath the name, the word ""BASEBALL"" is displayed in slightly smaller font, also in capital letters, maintaining the bold aesthetic. 

To the sides of the shield, there are two crossed baseball bats, adding a dynamic and sporty element to the design. At the center of the shield is a graphic of two overlapping baseballs, illustrated with visible stitching, emphasizing the theme of the sport.

Overall, the design combines elements of nostalgia and sporting pride, making it appealing for baseball enthusiasts."
BOBN-A5FD4EAC.jpg,"The image features a stylized star shape that is primarily black with a bold outline in a soft, muted yellow. At the center of the star is a large number ""0,"" which is rendered in a vibrant blue color. The ""0"" has a slightly rounded appearance with a thick, contrasting black outline that enhances its visibility against the star's background. The design has a playful and eye-catching quality, with a combination of colors that creates a modern and graphic look. The star itself has five points, all equally spaced, giving it a symmetrical and balanced appearance. Overall, the image conveys a sense of fun and could be associated with themes like achievement or recognition."
BOBN-A794040B.jpg,Error generating caption: You uploaded an unsupported image. Please make sure your image is valid.
BOBN-A8470FDC.jpg,"The image features a circular logo with a prominent snowflake design at its center. The background of the logo is a deep navy blue, which contrasts sharply with the white snowflake. The snowflake, characterized by its intricate and symmetrical design, has several distinct arms extending outwards, each with smaller branches that enhance its complexity.

Encircling the snowflake is a thin lime green outline, adding a vibrant touch to the overall design. Below the snowflake, the text reads ""Flathead Avalanche"" in bold, sans-serif font. The typography is also in navy blue, providing consistency with the background of the logo. The text has a slight outlining effect, emphasizing its visibility against the background.

The overall dimensions of the logo are specified as 3.75 units in width and 1.68 units in height, and there's a grid pattern faintly visible in the background, suggesting a design or layout context."
BOBN-A97A0BEC.jpg,"The image features a playful and colorful design centered around a baseball-themed concept. The background is a soft light blue, providing a cheerful and inviting atmosphere. 

At the top, the bold text ""BASEBALL MOMS"" is prominently displayed in a vibrant red font, capturing attention with its oversized letters that convey a sense of excitement and pride. Below this, a large, decorative bow, designed to resemble a baseball, is featured. The bow is elegantly tied and has a glossy appearance, with detailed stitching patterns mimicking that of a real baseball.

Flanking the bow are stylized illustrations of leaves and branches in red, adding a touch of natural elegance to the design. These floral elements balance the composition and enhance the overall aesthetic.

At the bottom, the words ""Social Club"" are written in a cursive, flowing red font that conveys a sense of community and warmth. Below this phrase, in smaller text, “HEY BATTER BATTER SWING!” is displayed, also in red, suggesting a fun and lighthearted vibe associated with baseball moms’ activities and camaraderie.

Overall, the design celebrates the spirit of baseball while highlighting the supportive role of moms within the sport."
BOBN-A9A866C6.jpg,"The image features a logo design against a light gray background. On the left side, there is a stylized sunburst element composed of several elongated orange shapes radiating from a central point, resembling the iconic Walmart logo. To the right of this sunburst is a blue design consisting of two interlocking shapes that resemble the pointed edges of a diamond or an arrow, suggesting a sense of direction or connection.

Below these graphic elements, the words ""Imports Network"" are prominently displayed in bold, white letters. The font is modern and clean, emphasizing clarity and professionalism. This overall logo design conveys a sense of corporate identity, reflecting the themes of commerce and connectivity associated with imports and networks."
BOBN-AA6E2D9F.jpg,"The image features a cheerful cartoon character, depicted as a young child dressed as a knight in shining armor. The child has short, blonde hair peeking out from beneath a traditional Roman-style helmet, which is silver with a decorative plume on top, colored a vibrant shade of purple.

The knight is posed confidently, holding a large, round shield in one hand, which is silver with the words ""Little Crusaders for Christ"" written in bold, playful purple letters. The shield has a smooth, shiny surface that reflects light. 

In the other hand, the child holds a red cross, a symbol of faith, which stands out prominently against the knight's armor. The armor itself consists of a silver breastplate with circular details, a pleated skirt-like section, and matching greaves on the legs. 

The overall style of the illustration is whimsical and friendly, aiming to convey a sense of fun and devotion. The character's wide smile and bright eyes add to the cheerful, approachable vibe of the image."
BOBN-AB5EB62C.jpg,"The image features a logo that has a circular design. At the center, the main text reads ""PET'FOUFS,"" which is prominently displayed in bold, uppercase, black lettering. The font has a classic and elegant style, contributing to the sophisticated appearance of the logo.

Above the main text, there is a decorative element that includes ornate scrollwork or flourishes, adding a sense of artistry to the design. These embellishments are intricately designed, enhancing the overall aesthetic.

Beneath the main text, the phrase ""the FAMILY"" is presented in a smaller, uppercase font. This text is aligned centrally and is also in black, providing a nice contrast against the intricate design elements surrounding it.

The overall color scheme is monochromatic, utilizing only black on a white background, which gives it a clean and timeless look. The logo has a symmetrical and balanced design, making it visually appealing and easy to read."
BOBN-ACBF764F.jpg,"The image depicts a heraldic shield that is divided into two horizontal sections. The upper section features a bold red background with an orange lion displayed prominently, its body facing to the left. The lion has a fierce expression, with its mouth open in a roar and its mane depicted with flowing lines that suggest movement.

The lower section of the shield is painted in a light blue color, which provides a striking contrast to the fiery red above. Crossed diagonally in this section are two swords, stylized with dark red blades and black handles. The swords are positioned so that their points are at the bottom corners of the shield, giving a dynamic appearance.

The overall shield is outlined in a thick golden border, enhancing its regal feel. The background has a light gray color, further accentuating the vibrant colors of the shield design. This image conveys a sense of strength and nobility, typical of heraldic imagery."
BOBN-ADCD43C0.jpg,"The image features a stylized design promoting a football team, likely named ""Falcons."" The background is a solid light blue, creating a calming backdrop that contrasts well with the foreground elements.

At the center, there is a circular emblem that showcases a muscular character wearing a football helmet and gear, suggesting a fierce and competitive spirit. The character appears to have bird-like features, including wings, which emphasize the ""Falcons"" theme. This adds a dynamic and powerful aesthetic to the depiction.

The character is holding a football, both hands gripping it firmly, indicating readiness for action. The detailing on the character’s armor and helmet is intricate, with various shades contributing to a three-dimensional effect. The colors used are mostly monochrome, with gradients of grey and black that enhance the dramatic appearance.

Surrounding this figure, the text ""FALCONS FOOTBALL"" arches over the top of the circle, in a stylized font that conveys strength and energy, while ""Connected"" is prominently displayed at the bottom in a softer, cursive style. This juxtaposition of fonts adds visual interest, suggesting a connection between teamwork and individual strength.

There are subtle graphic elements, like flowing lines at the bottom, hinting at motion, further enhancing the overall athletic theme of the design."
BOBN-AF033EA9.jpg,"The image features a gray background with a bold and prominent design. At the top, the word ""BINGHAM"" is displayed in large, uppercase letters, outlined in blue. Below that, the year ""20"" is shown in a smaller font, followed by the number ""25,"" which is similarly styled.

In the center of the design, there is a graphic featuring two golf clubs crossed over a golf ball, symbolizing the sport of golf. Surrounding this graphic is an intricate laurel wreath, adding a classic touch to the overall aesthetic. 

Below the central image, there is text that reads ""High School"" in a more elegant, cursive font, followed by ""GIRLS GOLF"" in larger, bold lettering. The combination of blue and gray colors, along with the various font styles, creates a cohesive and sporty look, appropriate for a high school team."
BOBN-B814FD26.jpg,"The image features a stylized, cartoon-like character resembling a mischievous gnome or sprite. The character has an exaggerated, expressive face with a wide, toothy grin that implies a playful or mischievous nature. Its eyes are large and somewhat sinister, enhancing the cheeky demeanor.

The character is dressed in a bright yellow outfit that consists of a tunic with a belt and pants, giving it a festive appearance. It sports an orange hat that adds to its whimsical look. In one hand, the character holds a large sword, which adds a sense of action or adventure to the image. The sword has a wide blade, and on the blade, the letter ""N"" is prominently displayed, indicating perhaps a theme or specific identity associated with the character.

The entire image is outlined in a bold black border, contributing to a striking contrast against the white background. Surrounding the character, there is a yellow outline that enhances its visual impact. The background is a grid pattern, suggesting it might be designed for a logo or sticker that could impose structure to the overall playful vibe of the character. The dimensions of the image are indicated at the bottom, making it clear this is a graphic design element."
BOBN-BB4EAEE8.jpg,"The image features a stylized illustration of a mule's head, characterized by its distinctive features. The mule’s fur is depicted in various shades of brown, with darker tones along the mane and lighter browns on the snout and face. The ears are perked up, displaying their elongated shape, and the eyes are created with a simplistic expression. A prominent white stripe runs down the muzzle, adding contrast to the darker colors. 

Above the mule's head, the words ""EDWARDS MULES"" are displayed in bold, capital letters. The text is white and has a slightly arched alignment, resting above the mule in a playful yet striking manner. The background is a soft, light blue, which enhances the overall aesthetic and provides a gentle backdrop to the vibrant colors of the mule and the text. 

The illustration combines elements of realism with a modern, graphic style, making it suitable for branding or an emblem."
BOBN-BC205C7E.jpg,"The image features a logo design that prominently displays the letters ""NEQ"" in bold red uppercase characters. The ""N"" and ""E"" have a block-style font, while the ""Q"" is designed with a more rounded bottom that resembles a volleyball shape. Inside the ""Q,"" there's a graphic illustration of a volleyball, stylized with curved lines that depict the seams of the ball.

Beneath the ""NEQ"" lettering, the full phrase ""NORTHEAST VOLLEYBALL QUALIFIER"" is written in a bright blue, sans-serif font, seamlessly contrasting with the red above. The background of the logo is a soft light blue color, which enhances the overall visual appeal. The composition elements are balanced, with the red and blue colors complementing each other effectively, creating a vibrant and sporty look that represents a volleyball competition."
BOBN-BE9E08BF.jpg,"The image features a detailed graphic design centered around the theme of football, specifically representing a team or concept associated with ""Falcons Football."" 

At the heart of the design is a stylized figure of a football player, characterized by a fierce expression. This player is depicted wearing a full helmet and shoulder pads, embodying a strong and competitive presence. The figure's arms are outstretched, holding a football close to their chest, indicating readiness and determination. 

The design incorporates large, wing-like elements extending from the player's shoulders, emphasizing the ""Falcons"" theme and enhancing the dynamic feel of the composition. The background is circular, segmented into darker and lighter tones that add depth, with radiating lines suggesting motion or energy.

Above the figure, in bold, striking typography, the words ""FALCONS FOOTBALL"" are displayed, capturing attention and reinforcing the sport identity. Below the player, the word ""Cornerstone"" is presented in a stylized, cursive font that contrasts with the boldness of the upper text, adding a softer touch to the overall design.

The color scheme primarily consists of muted blues and greys, creating a harmonious and grounded look, while the figure and typography utilize contrasting colors to stand out against the background. Subtle wave-like shapes can be seen at the bottom, adding an organic feel to the overall composition. 

Overall, the image is a vibrant and energetic representation of a football theme, aimed at energizing fans and embodying the spirit of the team."
BOBN-BFECD6C6.jpg,"The image showcases a circular emblem for the ""John H. Vanderpoel Humanities Academy."" The background consists of a soft blue hue that serves as a backdrop for the emblem’s details. 

At the top, the name ""JOHN H. VANDERPOEL HUMANITIES ACADEMY"" is inscribed in bold, white letters on a darker green border.

The central part of the emblem features a shield divided into four sections, with a prominent green shape at the top that resembles a stylized ""V."" Inside the top left corner of the shield, there is a small musical note and next to it, a book is depicted, highlighting academic and artistic pursuits. The lower left section contains a simple theatrical mask, representing the performing arts, while the lower right section displays a basketball, emphasizing athleticism.

Surrounding the shield is a decorative circular wreath composed of intertwined olive branches, symbolizing achievement and peace. Beneath the shield, the phrase ""The Standard of Excellence"" is written in white font. 

At the bottom of the logo, the year ""1911"" is displayed prominently, also in white, adding a historical element to the design. The overall color scheme features green, yellow, and white, conveying a sense of vitality and school spirit."
BOBN-C2A6E06F.jpg,"The image features a light blue background. Central to the composition is a large five-pointed star that is primarily filled with a bold blue color. The star has a layered appearance, with red and white stripes outlined along the edges, creating a patriotic theme. Above the star, a faint graphic of a caduceus (the medical symbol featuring a staff with two serpents) exists, rendered in a lighter blue, almost blending into the background.

To the left of the star, the title ""medical reserve corps"" is displayed in lowercase lettering. The text is presented in a playful, rounded font and is colored in a darker blue that contrasts nicely with the background. Below the title, in a smaller and more prominent font, the text ""erie county, new york"" is written in a bold orange hue, providing a stark contrast against the light blue backdrop.

Overall, the image conveys themes of health, community service, and patriotism through its use of color and symbols."
BOBN-C575F67C.jpg,"The image features a vibrant and stylized logo of an osprey, showcasing its fierce and dynamic characteristics. The focal point is a large, commanding osprey with outstretched wings, which are decorated in shades of blue, accented with lighter blue highlights and outlined in yellow. 

The head of the osprey is detailed, featuring a prominent beak and intense eyes that convey a sense of power and determination. The head has a distinct white area on the forehead, which contrasts with the darker facial markings.

In its talons, the osprey grips a pair of yellow softball-like objects, indicating a sporting theme. Below the bird, the word ""OSPREYS"" is prominently displayed in bold, yellow block letters, set against a darker blue background. The overall color scheme combines blue, yellow, and white, creating a striking and energetic look.

The image also has a light blue background that enhances the vibrancy of the logo, making it stand out. The design is bold and would likely appeal to fans of sports teams, particularly those affiliated with the name ""Ospreys."""
BOBN-C6AEC52E.jpg,"The image features a stylized and animated mascot that resembles a duck. The duck is depicted in a dynamic, aggressive pose, suggesting movement and energy. Its body is predominantly white with some beige shading, giving it a slightly three-dimensional appearance. 

The head has a bold, orange beak that is prominently displayed, emphasizing its fierce expression. The eyes are slanted and red, portraying a sense of intensity and determination, while the eyebrows are furrowed to enhance the angry look. 

It has muscular features, particularly in its wing which is raised and clenched into a fist, conveying a sense of readiness for action or combat. The wing has some feather-like details, with a blue outline that contrasts against its body color.

The tail extends back behind it and blends into a larger red object that the duck seems to be leaping over or pushing against. This red element adds a layer of color contrast and visual interest to the overall design. 

The entire mascot is outlined in dark blue, which helps delineate the features and adds a graphic quality typical of sports logos. The overall impression is one of a playful yet competitive character, suitable for a team or sports-related context."
BOBN-C750E9A7.jpg,"The image features a graphic design centered around a coffee cup. The cup is depicted with a thick black outline and is filled with dark liquid, representing coffee. Above the cup, there are several wavy lines that represent steam, suggesting that the coffee is hot. 

Prominently displayed on the cup is a stylized illustration of an animal's head, specifically a goat or antelope, characterized by its distinctive curved horns and facial features. The animal's head is colored in shades of red, black, and white, adding a vibrant touch to the design.

Below the cup, in bold, playful typography, the word ""Lopes"" is prominently featured in red, with a slight curvature. Beneath it, the word ""Lounge"" is written in a smaller, more subdued font in black, situated over a brushstroke-style background that contrasts with the blue backdrop of the entire image. The overall color palette consists of light blue, black, red, and white, giving it a modern and inviting look. The design combines elements of a cafe theme with a lively and artistic flair."
BOBN-C7C4D502.jpg,"The image features a logo combining elements from the classic ""Top Gun"" theme with hockey. 

At the top, the words ""TOP GUN"" are displayed prominently in bold, capitalized lettering. The letters are styled with a metallic silver finish that gives a shiny, reflective appearance. Behind the text, there is a stylized graphic resembling wings, which are red with horizontal stripes. The wings taper inward toward the center.

Below the ""TOP GUN"" text, the word ""HOCKEY"" is presented in a larger, bold, and blocky typeface. The letters are a vibrant orange color, set against a black shadow that creates depth and contrast. The overall design has a dynamic feel, suggesting a blend of speed and energy associated with both the aviation theme of ""Top Gun"" and the athleticism of hockey. 

The layout is symmetrical, with the wings framing the text, and the image employs a limited color palette of red, silver, orange, and black, enhancing its visual impact."
BOBN-CA99A232.jpg,"The image features a logo designed for the Historic Downtown Snohomish Association (HDSA). The background is a soft lavender color that contributes to a vintage aesthetic. 

At the top of the logo, there is a decorative white element that resembles a clock tower or ornamental architectural feature. This element frames a circular clock face, which is black with gold accents. The clock features Roman numerals indicating the hours. Prominently displayed on the clock is the year ""ESTD 1888,"" which highlights the historical significance of the association.

Beneath this decorative top section is the text ""HISTORIC DOWNTOWN SNOHOMISH"" in bold, uppercase letters. The font is clean and modern, ensuring legibility. The word ""SNOHOMISH"" is the most prominent and occupies the central part of the logo. Below the main text, there is a smaller text reading ""ASSOCIATION,"" which is also in uppercase but slightly less bold.

At the very bottom, the acronym ""HDSA"" is displayed in a contrasting light color, adding to the overall balanced composition of the logo. The design effectively combines historical and contemporary elements, reflecting the character of the association."
BOBN-CB535F2A.jpg,Error generating caption: You uploaded an unsupported image. Please make sure your image is valid.
BOBN-CE44D9DD.jpg,"The image features a circular logo with a clean and modern design. At the center, two automotive pistons are depicted crossing each other, creating a visual representation of mechanical work and repair. The pistons have a simple gray outline with some detailing to suggest depth and form. 

Above the pistons, the word ""MARKS"" is prominently displayed in a bold, uppercase font, also in a muted gray color, suggesting professionalism and reliability. 

Encircling the pistons, the phrase ""AUTOMOTIVE & HEAVY TRUCK REPAIR"" is presented in a vibrant red font, highlighting the services offered. The text is straightforward and legible, ensuring clarity. 

The overall design is enclosed within a thin circular border, which adds a sense of completeness to the logo. There is also a small dot on either side of the word ""MARKS,"" enhancing the balanced look of the logo. The color palette is primarily gray with a striking contrast from the red, conveying a strong visual identity for the business."
BOBN-CF398E9F.jpg,"The image features a bold and dynamic design centered around a stylized shark. The shark is depicted in an animated style, showcasing a sleek body with a combination of dark blue and turquoise colors. It has a wide mouth filled with sharp teeth, emphasizing a fierce yet playful look. 

The background is designed with a triangular shape, featuring light blue wavy lines that create an abstract pattern within it. Surrounding the triangle, the text “PITTSBURGH” is prominently displayed at the top in vibrant pink letters, while “SHARKS” is rendered in a softer, aqua blue below, both with a slight 3D effect that adds depth. 

At the bottom, the city name “PITTSBURGH” and “PENNSYLVANIA” are written in a simpler font, providing geographical context. The overall color scheme combines shades of turquoise, pink, and dark blue against a light gray backdrop, giving the design a modern and eye-catching appeal."
BOBN-D000A62B.jpg,"The image features a vibrant and colorful logo representing ""Makinen Fire & EMS."" 

1. **Central Symbol**: At the center, there's a depiction of a caduceus, which is a staff with two snakes entwined around it, symbolizing medicine. The caduceus is integrated with other elements related to firefighting and emergency services.

2. **Background Elements**: Behind the caduceus, there are two key components:
   - A red backdrop resembling flames or a fire-related design.
   - A blue backdrop that suggests water or emergency medical services.

3. **Cross Design**: The caduceus and elements like a medical cross are layered and stylized, indicating the dual role of the organization in both fire rescue and emergency medical services.

4. **Text**: Above and below the central design, the words ""MAKINEN"" and ""FIRE & EMS"" are prominently displayed. The font is bold and white, providing a strong contrast against the colorful background, making it easily readable.

5. **Color Palette**: The overall composition employs a mix of reds, blues, and whites, conveying urgency and professionalism, typically associated with emergency services.

The design is dynamic and designed to convey both the nature of the work and the community it serves."
BOBN-D17CC9F5.jpg,"The image features the word ""GUARD"" depicted in a bold, modern font. Each letter is crafted in a distinct style, combining angular and circular elements that create a dynamic visual effect.

1. **""G""**: The letter ""G"" is designed with a curvilinear shape, featuring an open segment that gives it a rounded appearance. The inner curve is accentuated with a thick line at the bottom and an extended horizontal stroke.

2. **""U""**: The letter ""U"" is upright and has straight, parallel vertical lines, topped with a rounded bottom. Its simplicity contrasts with the more intricate elements of the ""G"".

3. **""A""**: The ""A"" stands tall with a triangular form, featuring a horizontal bar across its middle, which gives it a strong presence. The angles are sharp, contributing to the modern aesthetic.

4. **""R""**: The letter ""R"" is similar to the ""A"" in its vertical approach but has a rounded section that curves back. The diagonal leg extends downward, completing the bold look.

5. **""D""**: The ""D"" combines straight and curved elements, maintaining the boldness of the design. The straight vertical line contrasts with the rounded arc that completes the letter.

The entire word is set against a muted gray background, enhancing the white letters' visual impact. The overall composition is clean and emphasizes modern typographic design, making it visually striking and easily legible."
BOBN-D2E587FA.jpg,"The image features a logo set against a gray background. At the center, there's an octagonal shape outlined in white, resembling a fighting cage, common in combat sports. Inside this octagon, there is a stylized pattern consisting of alternating green and red shapes that create a dynamic, flowing design. 

To the left and right of the octagon, the letters ""C,"" ""R,"" ""A,"" ""M,"" and ""M"" are prominently displayed. The letter ""C"" is in green, and the letter ""R"" is in red, while ""AMM"" is in bold, white lettering. The arrangement of letters gives a modern and streamlined appearance.

The overall design is bold and graphic, utilizing a limited color palette that enhances its visual impact. The combination of shapes and colors suggests a connection to martial arts or sports, emphasizing energy and motion."
BOBN-D3CED06B.jpg,"The image features a repeated pattern of text on a light blue background. The text consists of the words ""TALBERT BUILDING SUPPLY,"" with ""TALBERT"" being prominently displayed in a bold, uppercase font. Each occurrence of the text is stacked vertically, with “TALBERT” appearing at the top and ""BUILDING SUPPLY"" below it, slightly smaller in size. 

The text is white, which creates a strong contrast against the light blue background, enhancing its visibility. The overall layout gives a clean and professional appearance, suitable for branding purposes. The repetition of the text creates a rhythmic pattern, making it visually engaging."
BOBN-D566DB3B.jpg,"The image features a stylized logo that prominently displays the word ""BEND"" in bold, capital letters at the top. The lettering is intricately designed with a mix of solid black and white stripes, giving it a dynamic appearance. Below the text, there is a fierce-looking bear's head with a strong expression. The bear has detailed fur, showcasing sharp lines and textures, and its eyes and nose are depicted in a menacing manner.

The bear is holding a vibrant green soccer ball in its mouth, emphasizing the sports theme of the logo. The ball features traditional pentagonal and hexagonal designs, adding a realistic touch. The entire design is framed with a blue outline that enhances the overall impact, and there's a white border surrounding the logo, making it stand out against a light gray backdrop.

The combination of the bear, the bright green soccer ball, and the bold lettering creates an energetic and competitive feel, fitting for a sports team or organization."
BOBN-D5BE069D.jpg,"The image features a circular emblem with a striking design primarily in vibrant red against a dark background. At the top, the text ""RAIDER WRITERS"" is prominently displayed in bold, white lettering that curves along the upper edge of the circle. Below this, the words ""NORTHWEST FLORIDA STATE COLLEGE"" are also written in white, following the curve of the circle at the bottom.

In the center of the emblem, there is a stylized tree with a wide, sprawling trunk and numerous branches that extend outward, filled with leaf shapes that add a sense of growth and creativity, suggesting a connection to literature and writing. Beneath the tree, an open book is depicted, its pages elegantly curved upwards, symbolizing the importance of literature and education. 

To one side of the emblem, a stylized feather or wing is present, adorned with the word ""RAIDER"" in a dynamic, flowing script, further reinforcing the identity of the group or organization associated with this emblem. The overall design conveys a sense of creativity, community, and academic spirit, reflecting the values of writing and education."
BOBN-D65E518F.jpg,"The image features a striking black and white design. At the center is a cartoon-style skeleton, which is wearing a checkered cap. The skeleton is depicted in a dynamic pose, straddling a round object that resembles a cannon or a heavy-duty press. 

The object features a horizontal rod connected to a large cylindrical base. The rod extends horizontally and is being gripped by the skeleton’s skeletal hands, adding a sense of motion and exertion.

Surrounding the skeleton and the cylindrical object are stylized, flame-like shapes that rise upward, creating a dramatic effect. These flames are rendered in bold black, contrasting sharply with the white background. 

Prominent text reads ""DEATH"" in a stylized, edgy font, aligning with the overall rebellious and aggressive theme of the design. Below the main text, it features “by HYROK,” suggesting a creator or brand signature. 

The entire composition evokes themes of bold storytelling, rebellion, and a touch of humor, combining elements of skeleton imagery with a powerful, energetic aesthetic."
BOBN-D7123A97.jpg,"The image features a playful, cartoon-style illustration of an astronaut seated atop a vibrant rocket. The astronaut, wearing a classic white space suit complete with a large black helmet, gives a peace sign with their right hand. The helmet has a reflective visor, enhancing the whimsical feel of the character.

The rocket itself is designed in bright colors, primarily white and red. Its pointed nose and elongated body are typical of classic rocket designs, with bright red fins at the back and a flame bursting from the rocket’s rear, suggesting it's taking off into space. 

In the background, a soft blue color fills the space, giving a sense of a clear sky or outer space. Above the astronaut, the words “SPACE KIDETS” are written in a bold, fun font, emphasizing the playful theme of the image. The letters are white and slightly curved, adding to the cheerful, youthful atmosphere of the design. Overall, the illustration has a light-hearted and adventurous vibe."
BOBN-D8833754.jpg,"This image features a fire department emblem prominently displayed against a vibrant blue background. The centerpiece of the emblem is a shield shape outlined in red, creating a bold contrast with the blue.

At the top of the shield, the word ""MISSION"" is positioned in an arc, rendered in a white font against the red outline. This is followed by the central logo consisting of the letters ""FD,"" stylized in a large, ornate manner with red and white colors, representing ""Fire Department."" The letters feature sharp edges and decorative elements, giving them a distinctive look.

To the left of the ""FD"" letters, there is a graphic of a fire hydrant, illustrated in white with simple lines, providing an iconic representation associated with firefighting. On the right side, a depiction of a ladder is shown, presented in white as well, with a crossbar design that adds character to the emblem.

At the bottom of the shield, the word ""FIRE"" is displayed in an arch, also in white against the red background, which balances the composition and emphasizes the fire department's focus.

Overall, the design is eye-catching and conveys a sense of duty and professionalism associated with firefighting services."
BOBN-D98F9819.jpg,"The image features a logo design that has a modern and artistic flair, centered around the theme of music. The background is a deep gray, creating a contrast against the other elements in the logo. 

At the forefront, a silhouette of a musician playing a trumpet is depicted in a light blue color. The figure is stylized, suggesting a dynamic pose, with the musician wearing a wide-brimmed hat that enhances the visual interest of the design. 

The text is prominently displayed above and below this silhouette, with the word ""MUSICA"" at the top and ""PALTO ALTO"" at the bottom. The font is bold and white, ensuring that it stands out sharply against the gray background. The overall design is framed with a white outline that adds definition and structure to the logo.

This composition conveys a lively and creative atmosphere, likely representing a music event or organization."
BOBN-DA7A5AFE.jpg,"The image features a circular logo for a fictional football club named ""Powerhouse Football Club."" The logo has a clean and modern design:

1. **Outer Circle**: The logo is surrounded by a thick black ring that outlines the design. 

2. **Text**: At the top of the logo, the word ""POWERHOUSE"" is displayed prominently in bold, uppercase letters. It curves along the top edge of the circle. At the bottom of the logo, the text ""FOOTBALL CLUB"" appears in a similar bold style, also in uppercase letters and curving along the bottom edge. 

3. **Color Scheme**: The logo incorporates a combination of colors. The text is primarily black, while the background of the inner circle is white. There is a thin gold ring just inside the black outline, adding a touch of elegance.

4. **Central Graphic**: The centerpiece of the logo is an abstract, black swirling design that resembles a soccer ball or stylized twirl, emphasizing movement and energy. The graphic has a textured appearance, perhaps suggesting the roughness of a football.

5. **Stars**: On either side of the text ""FOOTBALL CLUB,"" there are small gold stars, enhancing the visual appeal of the logo and indicating excellence or achievement.

6. **Background**: The logo is displayed against a soft blue background, which offers contrast to the black and white elements, making the entire design stand out.

Overall, the logo conveys a sense of strength and dynamism, befitting of a sports team."
BOBN-DCB84AD1.jpg,"The image features a logo for the ""Georgia CannaBusiness Chamber of Commerce."" The design prominently incorporates an angular stylized 'G' and 'A' in a combination of bold colors. 

1. **Logo Elements**:
   - **Lettering**: The letters 'G' and 'A' are woven together in a geometric style, featuring various colors. 
   - **Colors**: The logo contains a vibrant palette, primarily showcasing red, brown, gray, yellow, green, orange, and blue. These colors are applied in thick, sweeping lines or segments that create a sense of movement and modernity.

2. **Text**:
   - The text ""Georgia CannaBusiness"" is positioned below the logo, presented in a clean, sans-serif font. It is in a muted white color, providing a strong contrast against the colored elements above.
   - Underneath the main text, the subtitle ""Chamber of Commerce"" is written in a smaller font, emphasizing the organization's formal nature.
   - The phrase ""Equity for Our Community"" appears below the main title, also in white, highlighting the mission of the organization.

3. **Background**: 
   - The background is a subtle, light gray, which enhances the visibility of the colored elements and text.

Overall, the design combines contemporary aesthetics with a clear representation of the organization's focus on cannabis business and community equity in Georgia."
BOBN-DD4DE88A.jpg,"The image features bold, stylized text that reads ""PRIORITY,"" prominently displayed in large red letters. The first half of the word ""PRIOR"" is visually integrated with a colorful puzzle design. This puzzle piece design features multiple colors: red, blue, green, yellow, and white, with a heart shape in the center, suggesting themes of love and connection. 

Below ""PRIORITY,"" there is a smaller, blue text that states ""ACCEPT. UNDERSTAND. LOVE."" This wording further emphasizes the message of inclusion and compassion, encapsulated in a rectangular border that frames the entire design. The overall layout is clean and modern, aiming to convey a positive and uplifting message."
BOBN-DF394A25.jpg,"The image features a circular emblem predominantly characterized by a dark and menacing skull located at its center. The skull has defined features, with pronounced cheekbones and an intense expression, symbolizing aggression or resilience. Above the skull, there are two lightning bolts, suggesting speed or power, and arrows that point outward.

Surrounding the skull is a series of sharp spikes, providing a rugged, militaristic aesthetic. The emblem's color scheme contrasts sharply, with the skull in light gray against a dark circular background, which enhances its striking visual impact.

The outer ring of the emblem is a rich red hue where the words ""B-TACTICAL"" are prominently displayed at the top in bold, white lettering. Additionally, there's a banner at the bottom inscribed with the phrase ""Si vis pacem para bellum,"" which translates to ""If you want peace, prepare for war,"" reinforcing the theme of preparedness.

The background of the emblem features a camouflage pattern in muted earth tones, blending well with military aesthetics. Overall, the design combines elements of warfare and tactical readiness with a bold, graphic style, suitable for a military or tactical organization."
BOBN-E2B86CC4.jpg,"The image features a stylish logo for ""Peasley Real Investment Co."" centered around a large, intricate tree design. The tree has a stylized, swirling canopy filled with shades of green and brown, giving it a dynamic and organic feel. Its trunk is robust, showcasing elegant, wavy lines that emphasize its natural texture.

Encircling the tree is a series of concentric circular lines, which create a sense of depth and frame the tree beautifully. The text ""Peasley"" is prominently displayed at the bottom of the logo in a sophisticated, bold font, with some letters featuring ornate swirls. Below ""Peasley,"" the phrase ""Real Investment Co."" is written in a slightly smaller and more straightforward font, maintaining a classy appearance.

In the top left corner, the abbreviation ""EST."" indicates the establishment year of 2025, which is also featured at the top right for balance. The overall color palette consists of earthy tones against a black background, which helps the logo stand out and gives it a contemporary, yet timeless look."
BOBN-E4D26E74.jpg,"The image is a vibrant and bold logo featuring a muscular, cartoonish gray rock that resembles a curling stone. The character has a fierce, confident expression, displaying a wide, toothy grin that reveals sharp teeth. It sports large, bulging biceps adorned with muscles, showcasing strength and determination.

In its hands, the rock holds two wooden brooms, one in each hand, emphasizing its role in the sport of curling. The brooms appear slightly worn, suggesting they have been used often. The character is set against a circular background that consists of a red outer ring, adorned with white stars above and below the stone. 

The words ""ICE HUGGERS"" are prominently displayed in bold white lettering in the red ring at the top, while the phrase ""EST 2019"" is placed at the bottom in a similar font. The logo is designed with a playful yet competitive spirit, merging elements of sports and a cartoon style to represent a fun yet fierce team identity."
BOBN-E7BD8221.jpg,"The image displays a logo for the Hoosier Mountain Bike Association (HMBA). The logo features the acronym ""HMBA"" in bold, uppercase letters. 

1. **Text and Font**: 
   - The letters ""HMBA"" are prominently placed and have a modern, slightly angular font. 
   - Below this, in a smaller size, the full name ""HOOSIER MOUNTAIN BIKE ASSOCIATION"" is displayed in a similar font but is lighter and more spaced out.

2. **Graphic Elements**: 
   - To the left of the ""H"" is a stylized figure of a mountain biker, depicted in black, riding a bicycle. This adds a dynamic feel to the logo.
   - Behind the text, there are simplified mountain shapes illustrated in various shades of teal and blue, reinforcing the outdoor and adventurous theme associated with mountain biking.

3. **Background**: 
   - The background is a muted, soft grey that helps the text and graphic stand out, creating a balanced and visually appealing logo.

Overall, the design effectively communicates the association's focus on mountain biking, using a clean and modern aesthetic."
BOBN-E7D3AB14.jpg,"The image features a circular design with a vibrant thematic representation of New York and its skyline. 

**Elements:**

1. **Text:**
   - At the top of the circle, the phrase ""New York"" is prominently displayed in a bold, stylized font that gives a sense of excitement and vibrancy.
   - The year ""2025"" appears to the right, also in a bold font, emphasizing a future event.
   - In the center, ""HS"" is artistically intertwined with musical notes, highlighting the choir focus. The text ""Choirs"" is located beneath ""HS"" in a more straightforward font.
   - At the bottom of the design, ""Des Moines, IA"" is included, grounding the image in its location.

2. **Visual Elements:**
   - Surrounding the circle, there is a series of stylized depictions of iconic elements from the New York City skyline, such as buildings and structures. These outlines create a rich, textured border.
   - The skyline elements are drawn in varying heights, suggesting dynamism and movement, and appear to be in a dark brown color, contrasting against the lighter background of the circle.

3. **Color Scheme:**
   - The primary colors are dark brown for the skyline and a bright, sunny yellow for the text, evoking a cheerful and optimistic tone. The background of the inner circle is likely a clean white or light color, enhancing the visibility of the text and details.

Overall, this image creatively blends elements of music with iconic architecture, celebrating both the destination and the choir event."
BOBN-ED733B56.jpg,"The image features a circular logo with a striking contrast between gold and black. At the center, there is a powerful lion’s head, stylized with bold lines and prominent features. The lion has a majestic mane that appears dynamic, flowing outward, and is enhanced by a small crown placed atop its head, signifying strength and authority.

Surrounding the lion, the text ""LIONS DEN"" is prominently displayed in an elegant, uppercase font, arching along the top edge of the circle. The words ""PROPERTY SERVICES"" are printed in a smaller font along the bottom edge. Both text elements are in gold, matching the lion and enhancing the overall regal aesthetic of the logo.

The background of the logo is black, which contrasts sharply with the gold elements, creating a luxurious feel. The entire logo is encircled by a thin gold border, adding a final touch of sophistication. Additionally, the background of the image outside the circle is a light blue, providing a soft contrast to the black and gold within the logo."
BOBN-F10BADF3.jpg,"The image features a bright blue background and is centered around a whimsical sewing theme. 

At the forefront, there is a vintage sewing machine that is artistically decorated with colorful floral patterns in shades of pink, blue, and green. The machine includes various mechanical elements, such as a needle poised for sewing and a functional handle. A decorative spool of thread sits prominently on the top.

To the left of the sewing machine, there's a stack of neatly rolled fabric in vibrant colors: pastel blue, sunny yellow, and a muted green, all tied together with measuring tape for a charming touch. A classic red pincushion, adorned with colorful pins, sits atop this stack to signify sewing essentials.

Next to the sewing machine, several wooden spools of thread are arranged in a neat pile, showcasing a varied palette of thread colors, including beige, orange, and pastel shades.

Incorporating decorative elements, the text ""beautiful things come together"" arches gracefully above the sewing machine, while the phrase ""one STITCH at a time"" is playfully displayed below, utilizing multi-colored lettering that resembles fabric patterns. This composition creates a warm and inviting atmosphere, celebrating the art of sewing and creativity."
BOBN-F648071B.jpg,"The image features a stylized logo prominently featuring the letter ""S"" in bold red. The ""S"" is thick and has sharp angles, giving it a dynamic appearance. Across the ""S,"" there is a black axe that is diagonally positioned, with a large axe head on top and a streamlined handle extending downward.

The axe head has a shiny metallic appearance, detailed with a white edge highlighting its sharpness. The handle of the axe is solid black, contrasting sharply with the red of the letter. The background is a light gray, which enhances the vibrancy of the colors in the logo. The overall design is striking and combines a sense of strength and athleticism, suggesting themes of power and energy associated with sports or team spirit."
BOBN-F7D44F3E.jpg,"The image is a colorful digital flyer promoting the ""Annual Children's Carnival"" organized by the Mayo Clinic in Rochester, MN. 

At the top, the title ""Annual Children's Carnival"" is presented in a playful and vibrant font, featuring mixed colors and styles, enhancing the festive theme. 

Below the title is the location ""Mayo Clinic in Rochester, MN,"" written in a simpler, yet clear font.

The central section contains a heartfelt mission statement: ""Our mission is to transport the tiniest patients out of their hospital room and into a world full of sparkling crowns and carnival fun!"" This text is designed to evoke warmth and enthusiasm, emphasizing the purpose of the event.

Towards the bottom, there is a graphic of two hands, gently cupping a bright red heart that has the words ""Thank You to Our Sponsors"" inscribed within it. This symbolizes gratitude and community support.

The lower part of the flyer lists the sponsors of the event in a bullet-point format, including names like ""Masonic Lodge of Sparta, WI,"" ""Taphouse Twenty,"" ""Sparta Cinema,"" ""American Unions Embroidery & Screen Printing,"" and ""Brite-Way Window Service."" 

The design features a blue background, which provides a calm yet friendly feel, with rounded corners giving the flyer a soft appearance. Overall, the flyer conveys a sense of community, celebration, and support for young patients."
BOBN-F95A3407.jpg,"The image is a logo for ""Techton Custom Builders Ltd."" It features a minimalist design with geometric elements representing houses. The logo includes:

1. **Color Scheme**: The logo primarily uses black and a shade of gold-yellow.
  
2. **Graphic Elements**: 
   - There are two stylized roof shapes in the logo; one is black, and the other is gold-yellow. 
   - The roofs are designed with sharp, angular lines, suggesting a modern aesthetic.
   - Below these geometric shapes, the name ""TECHTON"" is prominently displayed in bold, uppercase black letters.
   - The words ""CUSTOM BUILDERS"" are placed beneath ""TECHTON,"" in a lighter font that is also in uppercase, colored in gold-yellow.
   - ""LTD."" is included in a smaller size next to ""CUSTOM BUILDERS.""

3. **Layout**: The layout is clean and straightforward, effectively conveying a sense of professionalism and modernity, suitable for a construction or building company.

Overall, the design balances simplicity and elegance, using sharp lines and a contrasting color palette to create a memorable visual identity."
BOBN-FA126C85.jpg,"The image features a logo designed for a basketball organization called ""C.H. ELITE."" The design includes several key elements:

1. **Background**: The logo sits against a light blue background which helps the colors of the logo stand out.

2. **Main Structure**: The logo has a shield-like shape with a bold red outline. The outer section of the shield is black, creating a striking contrast.

3. **Text Elements**:
   - At the top, there is a stylized basketball graphic, which is prominently displayed. The basketball is white and has clear black lines outlining its panels.
   - Below the basketball, the letters ""C.H."" are prominently displayed in a substantial black font, followed by the word “ELITE” in an even larger and bolder font, also in black. This text is presented on a white banner that curves along the top part of the shield.
   - At the bottom of the logo, the word ""BASKETBALL"" is written in white, set against the black background of the shield, providing a clean and professional look.

4. **Star Accent**: There is a small red star located beneath the word ""BASKETBALL,"" adding a decorative element to the logo.

Overall, this logo effectively communicates a sporty and dynamic aesthetic suitable for a basketball program."
BOBN-FA45FEFD.jpg,"The image features a circular emblem representing the District Attorney's office for the 40th Circuit, specifically for Clay County, Coosa. 

1. **Background**: The background of the emblem is a solid light blue.

2. **Outer Ring**: Surrounding the central design is a gold ring adorned with white stars, giving it a classic seal appearance. 

3. **Text**: The top of the outer ring includes the words ""DISTRICT ATTORNEY"" in bold blue lettering. The lower part of the ring features ""CLAY 40th CIRCUIT COOSA"" in a similar bold style, reinforcing the authority and identity of the office.

4. **Central Map**: Inside the ring, the main feature is a stylized map representing the states of Alabama and its neighboring states. The map is predominantly yellow, showcasing various rivers, including the Coosa River and the Alabama River, as well as regions within Alabama.

5. **Neighboring States**: The states surrounding Alabama are colored distinctly: 
   - **Tennessee** is at the top, presented in blue.
   - **Georgia** is depicted in green on the right side.
   - **Mississippi** is on the left side, shown in red.
   - **Florida** is displayed on the bottom, also in red, with a label indicating the Gulf of Mexico in light blue.

6. **Details**: Numerous smaller details such as rivers and state boundaries are illustrated, providing a more comprehensive geographical context.

Overall, the emblem combines elements of geography with civic representation, clearly indicating the jurisdiction and purpose of the District Attorney's office."
BOBN-FC118603.jpg,"The image features an embroidered patch with a circular design. At the top of the patch, the text ""NEW RIVER BRIDGE"" is prominently displayed in bold capital letters, curving along the edge. The bottom of the patch features the words ""FAMILY CAMPGROUND,"" also in bold capital letters, matching the top text's curved design.

Central to the patch, four oars are arranged in an X shape, creating a cross-like pattern. Each oar is depicted in solid black, emphasizing the outdoor and water activity theme.

In the corners and center of the design, there are various symbols representing camping and outdoor recreation:

1. **Top Center**: A person is shown kayaking, complete with a paddle, sitting atop stylized water swirls.
2. **Left Side**: A simple depiction of a cabin, drawn with basic lines to represent windows and a roof.
3. **Right Side**: An outline of a retro-style camping trailer or RV, characterized by rounded edges.
4. **Bottom Center**: A pair of triangular tents, indicative of camping, with simple designs representing their openings.

The entire patch is outlined in a thick black border, and the background is kept simple, likely in white or a light shade, enhancing the black symbols and text. The overall feel of the patch communicates a sense of adventure and outdoor family activities."
BOBN-FC675D2A.jpg,"The image features a minimalist design depicting the state of Massachusetts, outlined in a thick black line. In the foreground, the words ""PIONEER VALLEY"" are prominently displayed in bold, black, capital letters, which occupy a significant portion of the central area of the image. 

Behind the text, a stylized depiction of a flowing river or stream is illustrated in a soft turquoise color, creating a contrast against the stark black outline of the state. The background is a light pastel blue, providing a gentle backdrop that highlights the outlines and lettering.

Overall, the design is modern and clean, effectively showcasing the geographical and cultural significance of the Pioneer Valley within the context of Massachusetts."
BOBN-FFBAA40F.jpg,"The image features a vibrant and playful design combining themes of surfing and St. Patrick's Day. 

At the top, the word ""MAINE"" is written in bold, red letters, arching slightly over the main graphic. Below it is the phrase ""to MAYHEM,"" also in red but in a more dynamic, stylized font that conveys a sense of excitement.

Central to the design is a cartoonish leprechaun-like character. He has a joyful expression, wearing large dark sunglasses and a tall green top hat adorned with a shamrock. His hair and beard are a bright, fiery red, emphasizing his playful and whimsical nature. 

The leprechaun is skillfully balancing on a bright green surfboard as he rides a wave, with one hand raised, holding a frothy mug of beer. His shorts are decorated with white shamrocks, tying in the festive theme.

The background features crashing blue ocean waves, accentuated by splashes of white foam, adding to the energetic feel of the scene. A yellow sun can be seen in the background, casting rays of light that enhance the cheerful atmosphere. 

Overall, the image is colorful, fun, and captures a mix of outdoor adventure and festive spirit."
COLD-011EF6A0.jpg,"The image features a heraldic emblem that combines various symbolic elements reflective of patriotism and duty. At the center, there is a majestic eagle, representing strength and freedom, with outstretched wings that curve upwards. The eagle is depicted in a naturalistic style, detailed with feathers and an intense gaze, clutching a ribbon banner in its beak.

Behind the eagle, there is a shield with a vibrant design, incorporating the emblem of the United States: the Great Seal. This is flanked by two crossed flags—one resembling the American flag, featuring stars and stripes in bold red, white, and blue colors. The American flag is flowing elegantly, with the blue field and white stars prominent.

Above the eagle, there is a banner that reads “NEVER FORGET” in bold, uppercase letters, indicative of remembrance and honor. Below, the eagle clutches additional banners inscribed with the words ""DUTY,"" ""SACRIFICE,"" and ""HONOR,"" alluding to values of service and commitment. The overall color palette is warm, utilizing golds, reds, blues, and whites, contributing to a sense of solemnity and reverence. 

The design emphasizes themes of patriotism, service, and respect for sacrifices made, likely intended to honor those who serve the country."
COLD-0306832E.jpg,"The image showcases a vibrant logo for an event called ""Flood City Challenge,"" taking place in Johnstown, Pennsylvania, in 2025. 

1. **Background**: The backdrop is a solid gray color, creating a neutral foundation that makes the other elements pop.

2. **Text Elements**: 
   - The words ""FLOOD CITY"" are prominently featured at the center. ""FLOOD"" is rendered in large, bold white letters, giving a sense of strength and urgency. The word ""CITY"" is slightly smaller, also in bold white, and positioned right next to ""FLOOD.""
   - Below ""FLOOD CITY,"" the word ""CHALLENGE"" is displayed in red letters, providing a striking contrast. It’s in a slightly elongated, modern font, creating a dynamic feel.
   - At the bottom, there’s a smaller caption saying ""JOHNSTOWN, PA 2025,"" also in red, aligning with the color scheme and emphasizing the location and year of the event.

3. **Graphic Elements**: 
   - To the left, an abstract wave design in blue flows around the text, suggesting movement and energy. The wave has stylized foamy white tops, enhancing the aquatic theme.
   - Overlapping the wave are two volleyballs, each a bright turquoise with light blue detailing, hinting at the athletic aspect of the event.

4. **Structural Icons**: 
   - Below the main text, there are two red train-like structures with yellow windows, depicted on a black track. This element adds an interesting architectural component, possibly referencing local culture or history tied to the region.

Overall, the design is vibrant and energetic, effectively conveying the essence of a water-related challenge event, mixing sport with community identity."
COLD-5D17F300.jpg,"The image features a stylized logo predominantly in shades of red and white, accompanied by a grey outline. The design is characterized by a sharp, angular shape that resembles a mountain peak or arrowhead.

1. **Shape**: The logo has a bold triangular form, with a prominent peak at the top pointed upwards. The sides taper down, and there are protrusions on the left and right sides, creating an impression of dynamic movement.

2. **Color**: The primary color is a vibrant red that dominates the majority of the logo’s body. This red area is bordered by a thin grey outline, which adds definition and contrast to the overall design.

3. **Lettering**: At the center-left of the logo, there’s a white letter ""J"" that stands upright. The letter is substantial and bold, making it the focal point of the design. Its clean and simple font style complements the sharp angles of the logo’s geometric shape.

Overall, the logo conveys a sense of energy and modernity, with its vivid colors and striking design elements."
COLD-633BB090.jpg,"The image features a simple logo with a clean, modern design. It consists of the text ""STOVER AVIATION,"" likely indicating a company related to aviation. The text is presented in a minimalistic font, positioned in a way that emphasizes clarity and professionalism. Above the text, there's an illustration of an aircraft, rendered in a simplistic style, which adds a dynamic element to the logo. The overall color scheme appears to be light, primarily using white, giving it a soft and understated look suitable for aviation branding. The design suggests a focus on air travel, professionalism, and reliability."
COLD-65736438.jpg,"The image is a cheerful and colorful logo design featuring a cartoonish, playful theme. It includes the following elements:

1. **Text**: The words ""TAN PEAKS"" and ""ALASKA"" are prominently displayed at the bottom. ""TAN PEAKS"" is larger and in a bold, white font with a slight pink outline. ""ALASKA"" is smaller, appearing underneath in a teal-colored font.

2. **Bunnies**: Two cartoon rabbits are depicted, one on the left and one on the right. Both bunnies have big smiles, and each is holding a colorful Easter egg. The left bunny is also holding a wooden cross, adding a playful religious element to the scene.

3. **Easter Eggs**: Various decorated Easter eggs in bright colors and patterns are scattered on the grassy ground. These include pastel colors and intricate designs like stripes and swirls.

4. **Sun**: Above the text, there’s a large, stylized sun with rays extending outward. The sun is bright yellow with a shiny appearance, contributing to the joyful atmosphere.

5. **Background**: The background contains grassy fields and small white flowers, enhancing the springtime feel of the image.

6. **Overall Shape**: The logo is contained within a diamond-like shape, outlined in teal and accented in pink, creating a cohesive and inviting design.

This logo conveys a festive and family-friendly vibe, likely associated with an Easter event or celebration in Tan Peaks, Alaska."
COLD-7194BE75.jpg,"The image features the emblem of the University of Louisiana at Lafayette. Central to the design is a circular seal, prominently displaying an eagle at its top, symbolizing strength. The eagle appears to be holding a banner or a scroll. Below the eagle, inside the seal, there are several elements: a star, a fleur-de-lis, and a castle, each representing different aspects of Louisiana's heritage and history.

Encircling the emblem, the text reads “UNIVERSITY OF LOUISIANA” in bold, uppercase letters, while directly underneath the seal, in a smaller font, it says “LAFAYETTE.” The word “AT” connects the university name with the city, seamlessly integrating into the overall design. 

On either side of the circular seal, there are stylized olive branches or laurel leaves, which traditionally symbolize peace and academic achievement, framing the emblem and adding to its richness. The entire design is monochromatic, likely in black and white, which provides a classic and formal appearance. The bold font contrasts sharply against the intricate seal, creating a strong visual impact."
COLD-C2BE59BA.jpg,"The image features a vibrant and colorful logo representing ""Tan Peaks, Alaska."" The design is structured within a hexagonal shape that incorporates various elements of nature and outdoor activities associated with the region.

1. **Sun**: At the top, there is a bright, stylized yellow sun with radiating rays, symbolizing warmth and brightness, which adds a positive energy to the logo.

2. **Nature Elements**: Surrounding the sun are lush green trees and shrubs, invoking a sense of the wilderness that Alaska is known for. There are also blue flowers on the left side, enhancing the natural beauty of the design.

3. **Water Scene**: Below the sun, a picturesque scene features a tranquil water body. Two individuals in kayaks are depicted on the water, suggesting adventure and exploration.

4. **Wildlife**: On the left side of the logo, there's a vivid illustration of a salmon fish, representing the rich aquatic life of Alaska. Additionally, on the right side, a brown bear rests against a log, symbolizing the wildlife native to the region.

5. **Typography**: The words ""TAN PEAKS"" are prominently displayed in large, bold, green letters, with ""ALASKA"" in smaller, white letters below it, alluding to the location.

Overall, the logo is playful and engaging, effectively capturing the essence of outdoor adventure and the natural beauty of Alaska."
COLD-C7E0918F.jpg,"The image features a bold and vibrant graphic design celebrating a soccer team's achievements. The background is solid black, which enhances the visibility of the text and colors.

At the top, the phrase ""The Beautiful Game!"" is written in a dynamic, cursive font, emphasizing the passion for soccer. Below that, the word ""CHAMPS"" is prominently displayed in large, red capital letters, immediately drawing the eye. It conveys a sense of victory and pride.

Beneath ""CHAMPS,"" the word ""STATE"" appears in a narrower, blue font on the left side, creating a visual contrast with the larger text. The year ""2024"" is centered and presented in oval-shaped, blue lettering, providing a modern touch.

The name ""FORGE"" is featured prominently in a bold, stylized typeface that combines red and black elements, hinting at strength and resilience. It is flanked by the terms ""MEN'S SOCCER,"" printed in white on a black background, which ensures clarity and legibility.

Additionally, the phrase ""UNDEFEATED @ HOME"" appears in bold white letters, positioned at the bottom, reinforcing the team's impressive record. A small soccer ball icon follows this text, completing the sports theme.

Overall, the design is energetic and celebratory, encapsulating the spirit of achievement in men's soccer."
COLD-DF81C841.jpg,"The image features a logo primarily in white against a black background. At the top, the letters ""BMS"" are displayed in a bold, uppercase font. These letters are neatly aligned and positioned above the main graphic.

Central to the design are two golf clubs crossed diagonally. The clubs are depicted in a simple yet recognizable silhouette style, emphasizing their shapes with a focus on the heads and grips. Below the intersection of the clubs, there is a small golf tee, represented as a rounded top on a thin stem.

Beneath the crossed clubs, the word ""GOLF"" is displayed in a matching bold, uppercase font, creating a cohesive look with the ""BMS"" letters above. The overall composition effectively combines sport and style, making it clear that this logo is related to golf, likely representing a team, organization, or event."
COLD-F2879722.jpg,"The image features a logo design for a company named ""A'n'T Services LLC,"" based in Soldotna, AK. The logo is set against a stylized background, predominantly featuring a gradient of blue and turquoise, evoking a natural landscape. 

In the foreground, there's an illustration of a large piece of construction machinery, likely a type of compact track loader or skid steer. This machine is shown in a dynamic, three-dimensional perspective, highlighting its features. The cab of the machine is enclosed with a mesh grille, providing a sense of robustness. It is colored primarily in black and yellow, with additional details in gray and silver. 

The machinery is equipped with a toothed, rotating drum at the front, indicating its capability for digging or landscaping tasks. Surrounding the machinery, there are silhouettes of evergreen trees, anchoring the design in a natural, outdoor setting. 

Below the illustration, the text ""A'n'T SERVICES LLC"" is prominently displayed in bold, black letters, with a decorative ribbon-style banner underneath it featuring ""SOLDOTNA, AK"" in a contrasting color, enhancing the overall design and readability. The combination of colors and elements conveys a professional yet rugged image, suitable for a service-oriented business in construction or landscaping."
GRXS-0127E1C8.jpg,"The image features a stylized silhouette of a large, hairy figure, likely representing a mythical creature such as Bigfoot. This figure is depicted striding confidently from left to right, holding a sturdy staff or walking stick. The creature is characterized by a strong build, with broad shoulders and distinct facial features, including a prominent brow and beard.

In the background, there's an orange and yellow gradient creating the appearance of a sunset. The gradient transitions from a deeper orange at the top to a lighter yellow near the bottom. Silhouetted against this vibrant sky are elements of a cityscape, including various building outlines of different heights and shapes, suggesting an urban environment.

Prominently featured above the creature is the text ""URBAN LEGENDS,"" styled in a bold, modern font. The text curves along the top edge of the circular image, emphasizing the theme of urban myths.

Additionally, to the right, there's a stylized rendition of a large suspension bridge, its cables reaching towards the skyline, further reinforcing the urban theme. Overall, the design combines elements of folklore and city life, creating a captivating visual that evokes curiosity about urban legends."
GRXS-0190C080.jpg,"The image presents a circular logo featuring a stylized wave, inspired by traditional Japanese art, on a backdrop of a red circle which symbolizes the sun. The wave is predominantly depicted in blue and white, showcasing dynamic curves and frothy crests that evoke movement and energy. Behind the wave, subtle representations of mountains emerge, suggesting depth and tranquility.

Encircling this central imagery is the text “ORTHOPAEDICS & PODIATRY,” rendered in a bold, flowing font that is colored in a bright yellow. This text arches along the upper hemisphere of the logo, giving it a vibrant and inviting feel. At the bottom of the circle, the words “OKINAWA, JAPAN” are also presented in a similar yellow font, maintaining consistency and balance within the design.

Overall, the logo effectively combines elements of nature with medical themes, reflecting both the clinical focus of orthopaedics and podiatry and the cultural essence of Okinawa, Japan. The use of color, imagery, and typography work in harmony to create a memorable visual identity."
GRXS-0202307A.jpg,"The image features a circular logo with a warm, inviting design. The background is a soft pastel green surrounded by a coral-red outer ring. At the center of the logo is an illustration of a pig's head, depicted in a cartoonish style. The pig has a light pinkish-brown hue with darker accents, especially around the ears and snout. Its facial features include small, expressive eyes and a broad nose that showcases two nostrils.

Above the pig is the text ""TERRY'S"" in bold, white, slightly curved lettering that follows the arch of the circle. Below the pig's head, the words ""DIRTY THIRTY"" are displayed in a similar style and size. Between the two lines of text, the phrase ""SINCE 1995"" is written in smaller lettering, centered just above the pig’s mouth.

The design is accented with two starburst shapes on either side of the text at the bottom, adding a touch of whimsy and playfulness to the overall composition. The logo effectively conveys a fun, rustic vibe, suitable for a brand or event celebrating a milestone."
GRXS-02243644.jpg,"The image features a stylized design for the ""47th Semi-Annual Gamma Games,"" prominently displaying the event's details. 

- **Background and Layout**: The background is mostly white, allowing the main elements to stand out clearly. 

- **Main Elements**: 
  - Central to the design is a large, glossy gray disc, potentially representing a vinyl record or a game piece. 
  - Resting on top of this disc is an iconic film reel, depicted in a dark gray color with circular apertures.
  - A black film strip runs horizontally across the image, topped with a shield emblem featuring the Greek letters """" (Gamma Sigma). 

- **Text**: 
  - At the top, the text ""47TH SEMI-ANNUAL"" is prominently displayed in a bold, blue font.
  - Below that, ""GAMMA GAMES"" stands out in the same blue font style.
  - At the bottom, the date ""MARCH 20TH, 2025"" is presented in a larger font, also in blue, ensuring it's clear and legible.

- **Design Details**: 
  - The image features a slightly playful and informal design, likely appealing to a youthful audience.
  - The film strip extends off the sides of the disc, suggesting action or movement, and possibly symbolizes entertainment or cinematic themes.

Overall, the image effectively combines elements of film and gaming while maintaining a clean, eye-catching aesthetic."
GRXS-0226C618.jpg,"The image features a graphic design that integrates a vintage-style illustration with bold text. 

At the center, there is a strong, determined woman depicted in a stylized, retro manner, reminiscent of propaganda art from the World War II era. She has a confident expression, with her brows slightly furrowed and lips pursed, suggesting empowerment and resilience. Her hair is tied back with a polka dot bandana, adding to the vintage aesthetic.

The woman is wearing a work shirt, rolled up at the sleeves, which emphasizes her muscular arms and denotes labor. She is holding a large pitchfork in a way that suggests both readiness and strength; its prongs are extended outward, adding a dynamic aspect to her pose.

Above her, the phrase ""AMERICA RUNS ON"" is written in large, bold, white letters that stand out against a green background. The text is straightforward and impactful, conveying a strong message. Below her, the word ""FARMING"" is prominently displayed in a matching bold green color, reinforcing the theme of agriculture and labor.

The overall design is graphic and emblematic, combining elements of strength, determination, and a sense of pride in farming as a vital aspect of American culture."
GRXS-05437296.jpg,"The image features a stylized logo that presents a regal and dynamic design. At the center, there is a shield shape outlined in a soft yellow hue. Within the shield, the letter ""7"" is prominently displayed alongside a stylized ""J,"" suggesting a brand identity that combines luxury with strength.

Flanking the shield are two rearing horses, each depicted in a similar yellow tone, symbolizing grace and power. The horses are designed with flowing manes and tails, contributing to a sense of movement and vitality. Above the shield, a crowned emblem adds a touch of elegance, reinforcing a royal theme. 

Below the shield, the words ""CONCRETE & CONSTRUCTION"" are boldly presented, using a larger font size, emphasizing clarity and readability. The text maintains the same soft yellow color, harmonizing with the overall design of the logo. 

Overall, the logo exudes an impression of sophistication, strength, and reliability, making it suitable for a construction company with an emphasis on quality. The combination of elements—horses, crown, and strong typography—creates a distinct brand image."
GRXS-070F9358.jpg,"The image features the word ""FIBER"" prominently displayed in a stylized font. Each letter of the word is designed in a bold, uppercase style. The letters are primarily a light blue color, with horizontal stripes running through them that alternate between blue and slightly lighter blue, creating a dynamic visual effect.

To the right of the word, there is a simplistic silhouette of a figure in motion, depicted running. The figure is outlined in the same light blue, blending harmoniously with the text. It conveys a sense of speed and energy, complementing the theme of fitness or activity.

Above and below the word ""FIBER,"" there are yellow horizontal bars. The upper yellow bar has thin, vertical lines, while the lower bar features a different pattern that adds texture and visual interest. The background is plain white, providing a crisp contrast to the blue and yellow colors, emphasizing the overall design elements."
GRXS-078D5BA0.jpg,"The image features a bold, graphic design centered around a military or tactical theme. At the top, the text ""OPERATION SHAWSHANK"" is prominently displayed in a strong, capitalized font. Below this, two pistols are artistically crossed in an X formation, suggesting a sense of action or confrontation. 

The numbers ""20"" and ""25"" are placed between the guns, likely indicating a specific year or model reference, styled in a bold typeface that makes them stand out. 

Surrounding the design is a circular border made of intertwined barbed wire, enhancing the tough, rugged aesthetic. At the bottom, the phrase ""WILDCAT STRIKE"" is also shown in capital letters, echoing the military vibe. 

Overall, the color scheme is monochromatic, relying on black and white tones that create a striking contrast, lending the image a strong, dramatic presence."
GRXS-07F417A1.jpg,"The image features a circular logo with a bold and modern design. At the center, there is a stylized silhouette of a squirrel, which is rendered in black. The squirrel is depicted in profile, facing right, with its bushy tail arched upward, giving it a dynamic pose.

Above the squirrel, a small drone is illustrated, also in black, symbolizing technological elements likely related to video production. The outer ring of the logo is black, while an inner ring features white text. 

The text ""DIRTSQUIRREL4X4"" is prominently displayed at the top, arching along the curvature of the circle. Below the squirrel, the phrase ""OFFROAD VIDEOPRODUCTIONS"" appears in a bold font that spans the lower part of the circle. 

There's a small red play button icon located towards the left side of the logo, indicating a connection to video content, likely associated with platforms like YouTube. The text ""EST. 2022"" is placed to the right of the squirrel, marking the establishment year of the brand. Overall, the design combines elements of nature and technology, reflecting a focus on off-road adventures and video production."
GRXS-07FB7B49.jpg,"The image is a circular emblem featuring a stylized design that prominently includes the heads of a lion and a lioness, side by side. The lion, on the left, is depicted with a pronounced mane, conveying strength and majesty, while the lioness on the right has a more streamlined appearance, showcasing gracefulness.

Surrounding the animal images, there is a circular text that reads ""GRAND LODGE OF PENNSYLVANIA"" at the top, and ""SONS AND DAUGHTERS OF ITALY"" at the bottom. The year ""EST. 1913"" is placed centrally beneath the lion and lioness, emphasizing the establishment date.

The overall design is rendered in a monochromatic color scheme, predominantly black and white, giving it a classic and formal appearance. The lines are bold and clear, enhancing the visibility and impact of the emblematic imagery and text."
GRXS-0928944B.jpg,"The image features a logo that prominently displays stylized text and an emblematic figure. 

1. **Central Figure**: The logo includes a muscular, red-colored humanoid figure with an exaggerated pose, arms outstretched, conveying a sense of motion and energy. The figure has a mischievous grin, pointed ears, and sharp facial features that give it a somewhat devilish appearance.

2. **Text Elements**: Above and below the central figure is text in decorative fonts. The word ""VAGOS"" is displayed in a green color, with distinct, ornate lettering that includes flourishes. Below the figure is the word ""OAK HILLS,"" also in green, with a similarly stylized script. 

3. **Wheel Element**: The figure appears to be near or atop a black wheel with a spoke design, which may symbolize a motorcycle or a sense of movement. To the side of the wheel is a wing motif in green, suggesting speed and freedom.

4. **Color Scheme**: The overall color palette consists of red, green, and black on a white background, which enhances visibility and creates a bold contrast.

5. **Overall Impression**: The design captures a vibrant and rebellious spirit, typical of motorcycle club logos, combining elements of fantasy with a sense of adventure."
GRXS-0ACA12A9.jpg,"The image features a stylized graphic design of a vintage Volkswagen-style van, commonly associated with surf culture. The van is illustrated in a light green and aqua color scheme, with distinct outlines that emphasize its retro shape. On the roof of the van, a classic wooden surfboard is perched, suggesting a connection to sunny beach days and surfing activities.

Above the van, the words ""Statewide Mortgage"" are prominently displayed in a bold, playful font. The lettering is in a bright red color, adding a vibrant and welcoming contrast to the overall design. Below the van, a tagline reads, ""Welcome Home to the Sunshine State,"" also in a red font, reinforcing the warm, inviting theme of the image that resonates with the idea of Florida or another sun-kissed location.

The composition is clean and graphic, combining elements of fun and nostalgia, appealing to a sense of adventure and warmth associated with both the van life and the sunny lifestyle. The overall tone is friendly and upbeat, making it effective for marketing purposes."
GRXS-0AFAAB0C.jpg,"The image features a bold and dynamic logo for a track and field team named ""Wildcats."" At the center is a large, stylized letter ""M,"" rendered in bright yellow with black outlines. This letter “M” is characterized by a fierce wildcat face, showing prominent features such as expressive eyes, pointy ears, and a fierce expression, suggesting strength and competitiveness.

Above the ""M,"" the word ""WILDCATS"" is displayed in uppercase letters, also in black, creating a strong visual presence that conveys team spirit. Below the ""M,"" the words ""Track & Field"" are presented in a similar bold, uppercase style but slightly smaller in size, maintaining the black color scheme.

Additionally, towards the bottom of the logo, there are silhouettes of runners depicted in motion. These figures are in yellow, facing different directions, representing the dynamic nature of track and field sports. The overall design gives a sense of energy and athleticism, capturing the essence of a spirited team."
GRXS-0D361C93.jpg,"The image features a stylized graphic design primarily in two colors: blue and yellow, set against a dark background. At the center, there is a large, prominent star with multiple points radiating outward. The star is colored with shades of blue and yellow, creating a striking visual effect. 

Above the star, the word ""Bethlehem"" is displayed prominently in a bold, cursive font, rendered in blue, with graceful curves that enhance the dynamic feel of the design. Below the star, there is a depiction of an eagle's head, illustrated in a stylized and aggressive manner. The eagle is primarily yellow with black and white accents, emphasizing its fierce expression and detailed features.

The word ""EAGLES"" is placed in a bold, blocky font beneath the eagle, making it clear which team or entity the design represents. The overall composition combines elements of sports team logos and school spirit, exuding energy and pride. The contrast between the colors and the center star's radiance against the dark background adds depth and impact to the visual presentation."
GRXS-0DF30476.jpg,"The image depicts a circular logo featuring a stylized representation of a dog's head. The dog's silhouette is predominantly gray, with clean lines and minimal detail, focusing on the outline and shape rather than intricate features. 

Surrounding the dog's outline is a circular band, which is divided into two colored segments. The outer ring is colored in a light blue, contrasting with the gray of the dog. Inside the circle, there are two sets of text positioned at the top and bottom. At the top, in bold blue letters, is ""DCH8,"" while at the bottom reads ""THE OCHO,"" also in blue, but in a smaller font.

The overall design is modern and simplistic, emphasizing the dog's profile against the bright background, and creating an eye-catching visual suitable for branding or an organization related to dogs or animal care."
GRXS-0F49329A.jpg,"The image features a striking and vibrant design centered around a large, stylized skull. The skull is a glowing mint green, with pronounced features such as the jawline and eye sockets outlined in deep black. The teeth are exaggeratedly large and bright green, creating a bold contrast.

Surrounding the main skull are several smaller skulls in various colors. To the left and right, there are two small pink skulls with cartoonish expressions, while beneath the central skull are two larger skulls: one deep purple and another a slightly darker green. These smaller skulls are arranged in a visually balanced layout, contributing to the overall composition.

The background is adorned with swirling elements that resemble smoke or vapor, enhancing the supernatural theme. These tendrils are illustrated in shades of purple and green, adding to the eerie yet vibrant atmosphere of the piece.

At the top of the design, the text ""MOJO BAG"" is prominently displayed in a bold, uppercase font with a playful green hue that matches the central skull. The overall aesthetic mixes elements of the macabre with a playful, cartoon-like style, making it visually engaging and suitable for various artistic interpretations."
GRXS-0F81746F.jpg,"The image features a logo that combines elements of urban culture and basketball. At the center is a stylized basketball, predominantly orange with black stripes, reflecting the classic design of a basketball.

Above the basketball, a silhouette of a city skyline is displayed, consisting of various skyscrapers and buildings, hinting at a metropolitan backdrop. The skyline appears in black against the vibrant colors of the logo.

Prominently featured in the foreground are the initials ""NG,"" depicted in a bold and dynamic red font. The letters are sleek and angular, suggesting motion and energy, characteristic of street culture.

Beneath the basketball, in an elegant cursive font, the phrase ""New in the Streets"" is written in white. This text contrasts well with the dark background, adding a touch of sophistication and flair to the overall design.

The background of the logo is solid black, which enhances the brightness of the colors used in the design and gives it a modern look. Overall, the logo exudes a sense of urban vibrancy and athleticism, ideal for representing a contemporary street basketball brand or event."
GRXS-0F9E27E5.jpg,"The image features a minimalist and stylized logo for ""Jackson Hole, WY."" At the center, there is a graphic representation of a cowboy hat, which is rendered in a bold red color. The hat is depicted with smooth, flowing lines that evoke a sense of movement and grace, suggesting a western theme. The brim is wide and curved, while the crown is slightly tapered, typical of classic cowboy hats.

Beneath the hat, the text ""JACKSON HOLE, WY"" is displayed in a clean, modern font. The text is also in red, providing a cohesive color scheme with the hat graphic. The words are arranged horizontally, with ""JACKSON HOLE"" on a prominent line and ""WY"" (the abbreviation for Wyoming) located beneath it, likely in a smaller font size.

The overall design is simple yet effective, with a contemporary feel that reflects the outdoor and adventurous spirit associated with Jackson Hole, a popular destination known for its skiing, hiking, and natural beauty. The use of red adds a lively touch, standing out against any background it may be placed on."
GRXS-0FA859B9.jpg,"The image features a stylized emblem primarily in black and white. At the top of the emblem is an eagle, depicted in a fierce and regal posture, with its wings extended outward. Its head faces to the right, showcasing a strong beak and sharp eyes, adding to its commanding presence. 

Below the eagle, there is a globe representing the Earth, primarily shaded in black with outlines that suggest the continents. The globe is prominently featured in the center of the image. 

To the left of the globe, there is a rope that is intertwined around an anchor, which symbolizes maritime strength and connection to the sea. The anchor is depicted with a curved shank and a thick fluke, emphasizing its sturdy nature. 

The overall composition combines elements of military and maritime symbolism, encapsulating themes of strength, protection, and global presence. The emblem is bold and striking, with clean lines and a clear, powerful imagery."
GRXS-0FF634AC.jpg,"The image features a logo related to MIHS Girls Water Polo for the 2024-2025 season. 

1. **Central Design**: At the center of the logo is a stylized water polo ball. The ball is depicted with alternating curved horizontal lines that represent the traditional rubber surface of a water polo ball. 

2. **Text Elements**: Surrounding the water polo ball are the words “MIHS GIRLS WATER POLO” arranged in an arch above the ball. The text is bold and appears in a deep maroon color, reflecting school spirit and energy.

3. **State Outline**: To the right of the ball is a silhouette of a state shape, which appears to be a representation of New Jersey. The silhouette includes a small heart shape within it, suggesting a pride or affection for the state.

4. **Year Designation**: Below the water polo ball, the years ""2024-2025"" are presented in a curved format. This text also matches the bold, maroon color theme.

5. **Overall Style**: The design is clean and graphic, using a limited color palette that emphasizes the maroon hue, providing a strong identity for the team.

The entire logo conveys a sense of teamwork, pride, and athleticism associated with the water polo team, while maintaining clarity and simplicity."
GRXS-119A1AAE.jpg,"The image features a black and white design that incorporates a stylized knot motif, often resembling a Celtic knot. This knot is symmetrical and consists of several interwoven loops that create a circular pattern at its center. The design is intricate, with the loops overlapping and intertwining in a way that forms a cohesive shape.

Above this central knot design, the text ""NUIDC"" is displayed prominently. The letters are presented in bold, uppercase font, indicating a sense of strength and clarity. The overall aesthetic is clean and impactful, making the knot and text stand out against the white background. The combination of the intricate knot and the bold lettering creates a visually appealing balance of complexity and simplicity."
GRXS-11EBBE3F.jpg,"The image features a stylized logo for ""Solvang Brick & Builds."" 

1. **Windmill Design**: At the center of the logo is an illustration of a windmill. The windmill is primarily white with black and orange details. The blades of the windmill are prominently represented in a red-orange hue, forming an 'X' shape. 

2. **Structural Elements**: The base of the windmill consists of black and orange bricks, giving it a solid foundation appearance. The windmill has a traditional turretted top, completing its classic look.

3. **Text Elements**: The word ""SOLVANG"" is prominently featured in large, bold letters beneath the windmill. The font is rounded and modern, transitioning from a bright yellow at the top to an orange hue at the bottom, resembling a gradient.

4. **Subtext**: Below ""SOLVANG,"" smaller text reads ""BRICK & BUILDS,"" which is in a more robust, rectangular format, colored in a contrasting solid orange. 

5. **Curved Lines**: Additionally, a yellow curved line arcs around the windmill, adding a dynamic feel to the logo.

6. **Overall Composition**: The overall design is clean and minimalistic, reflecting a playful yet professional aesthetic suitable for a business related to construction or creative building activities."
GRXS-12B42C32.jpg,"The image features a vibrant and engaging design centered around a lion, which embodies the spirit of the ""Battle of the Books"" event at Lincoln Elementary. 

1. **Central Element**: A stylized lion's head is prominently displayed at the center. It has large, expressive blue eyes and a majestic mane that is richly colored in shades of orange and brown. The lion appears fierce yet regal, exuding confidence.

2. **Books**: Behind the lion's head, there is an open book with its pages fanned out, serving as a foundation for the design. The book is embellished with colorful volumes, including red, green, and blue, featuring star symbols on their spines. This symbolizes the importance of reading and literature.

3. **Text**: The phrase ""BATTLE OF THE BOOKS"" is boldly rendered across the bottom in large, colorful letters. ""BATTLE"" is in white with a slight 3D effect, whereas “OF THE” is in smaller letters and “BOOKS” is in a rainbow of colors, emphasizing the excitement of the competition. Above the lion, the word “LINCOLN” is displayed on a blue banner.

4. **Additional Elements**: Various decorative elements like starbursts, arrows, and lightning bolts add dynamic energy to the composition, suggesting action and enthusiasm. The overall color palette is bright and appealing, with a mixture of yellows, greens, reds, and blues, making it visually striking and youthful.

5. **Background**: The background is a clean white, which helps to highlight the colorful elements of the design.

Overall, the image captures a sense of fun and competition in a school setting, promoting literacy and teamwork among students."
GRXS-12E06FB7.jpg,"The image features a black-and-white illustration designed for a BBQ cook-off event. At the top, the word ""Chivos"" is prominently displayed in a bold, vintage-style font. Below this, there is a detailed depiction of a goat's head, showcasing its prominent horns and facial features, including an expressive eye and a strong jawline. 

The goat is artistically stylized, with wavy lines suggesting fur texture and movement, giving it a dynamic appearance. Beneath the goat, a banner in an elegant, curved form contains the text ""BBQ Cook-OFF,"" written in a playful, yet rustic typeface that matches the overall theme of the illustration.

At the bottom of the image, the year ""2025"" is included in a straightforward, clear font. Five stars are arranged in a decorative manner above and below the year, enhancing the celebratory feel of the design. The entire composition emphasizes a fun and festive vibe associated with a barbeque event, likely celebrating culinary skills with a nod to goat symbolism."
GRXS-130E04A8.jpg,"The image features a circular badge design with a playful, vibrant aesthetic. The outer border of the badge is formed in a wavy, scalloped shape and is colored in a bright lime green. Inside this border, the primary content is arranged.

At the top of the badge, the bold, uppercase text reads ""GIRLS TRIP"" in a large, striking blue font. This text is clearly legible and stands out against the background. Below this, the design includes two animated musical notes with expressive eyes, one of which appears cheerful and the other slightly concerned, adding a whimsical touch. They are bright green with blue outlines, placed against a deep blue circular background.

Surrounding this central graphic are concentric circular lines that add depth and visual interest. At the bottom of the badge, the text ""MEMPHIS, TN 2025"" is presented in the same bold blue font, maintaining the playful theme of the design. Overall, the color palette and design convey a fun and energetic vibe, suggesting a festive event or gathering."
GRXS-132A1E54.jpg,"The image features a stylized graphic representation of a donkey or mule, characterized as a ""Superfan."" The mule is depicted in a dynamic pose, holding a flag in one hand and a megaphone in the other. 

1. **Color Scheme**: The overall color scheme is primarily navy blue, with accents in white. This gives the image a bold and striking appearance.

2. **Mule Character**:
   - The mule has a friendly but enthusiastic expression, with large eyes and a wide mouth, implying excitement or encouragement.
   - Its mane is stylized, flowing back to suggest motion, and the mule wears a harness.

3. **Attire**: The mule is dressed in a tank top, which prominently features a logo of a horse's head, further emphasizing its connection to sports or school spirit.

4. **Accessories**: 
   - The flag, held aloft, bears a large letter ""C,"" possibly representing the name of a school or team.
   - The megaphone, positioned close to its mouth, indicates that the mule is cheering or rallying support, enhancing the spirited atmosphere.

5. **Text Elements**: 
   - Beneath the mule, the words ""MULES SUPERFAN"" are displayed. The font is bold and chunky, reinforcing the energetic theme of the image.
   - ""MULES"" is in slightly smaller text, while ""SUPERFAN"" is larger, emphasizing the enthusiasm of the character.

6. **Design Style**: The overall illustration leans towards a retro or vintage style, with hatching and shading techniques that give depth and character.

This image captures the spirit of fandom and school pride, making it ideal for merchandise or promotional materials related to a sports team or school event."
GRXS-1381A359.jpg,"The image features a bold and energetic graphic design that emphasizes a sports or competition theme. At the center, the letters ""KGS"" are prominently displayed in a large, stylized font. Each letter is predominantly dark blue, adding a strong, dynamic feel to the text. The top of the letters is capped with a frosty, icy effect, where drips and icicles suggest a chilling theme.

Surrounding the ""KGS"" text, there are geometric shapes in the background, colored in red and light blue. These shapes form a layered and angular backdrop that creates a sense of movement and excitement. 

Below the main ""KGS"" text, the phrase ""IS ICY"" is presented in a slightly smaller but equally bold font, maintaining coherence with the larger letters. 

At the bottom of the image, the date ""PLAYOFFS 2025"" is displayed in a bold, black font, providing essential context to the graphic. The overall color scheme of red, blue, and white enhances the energetic and competitive atmosphere, suggesting a winter sports theme or icy challenge. The design combines excitement with a catchy phrase, perfect for promotional materials related to a sporting event or competition."
GRXS-13B90654.jpg,"The image features a graphic design representing the ""Shamrock Shootout"" event associated with TNBA South Tournaments. 

1. **Background**: The design incorporates the state of Florida, which is outlined in a darker green color. The geographical shape is recognizable, emphasizing the regional context of the event.

2. **Text Elements**: 
   - The text ""TNBASOUTH TOURNAMENTS"" is positioned above the shape of Florida, rendered in a simple, bold font. This text is white against the dark green of Florida, ensuring good contrast for visibility.
   - The central focus of the design is the word ""SHAMROCK,"" which is in a large, stylized font. The letters are thick and predominantly a bright green color, enhanced with darker green shadows to create a dimensional effect.
   - The word ""SHOOTOUT"" is situated below ""SHAMROCK,"" presented in a smaller size. It is stylized in a bold and slightly italicized font, colored in white with a subtle drop shadow to maintain readability against the background.

3. **Design Aesthetic**: The overall design has a modern and energetic feel, with a vibrant color palette dominated by greens, which may align with the theme of St. Patrick's Day (suggested by the term ""Shamrock""). The combination of fonts adds a sense of dynamism suitable for a sports tournament theme.

4. **Visual Composition**: The arrangement of text in relation to the Florida outline creates a balanced composition, drawing the viewer’s eye naturally from the top down. The use of contrasting colors and bold text enhances the visibility and impact of the information presented.

This design effectively communicates the nature of the event while maintaining a visually appealing aesthetic."
GRXS-1480B78A.jpg,"The image features a logo for ""1775 LAWNCARE."" The logo is circular, with a light blue background that gives a fresh, vibrant feel. At the center, there is a cartoon-style bulldog character, depicted as muscular and determined. The bulldog is wearing a yellow wide-brimmed hat and a red shirt, which adds a pop of color. Its expression is serious yet approachable, emphasizing hard work and reliability.

The text ""1775"" is prominently displayed at the top of the logo in bold black numbers, while ""LAWNCARE"" is positioned below in a stylized font that conveys a sense of professionalism and care. The logo is bordered by black stripes, giving it a clean, modern appearance.

At the bottom of the logo, there is additional contact information: the phone number ""405-245-9477"" and the name ""Kyle Clark, Owner Operator,"" both in a simple, readable font. The overall design combines elements of fun and professionalism, effectively representing the lawn care business."
GRXS-158CFD0F.jpg,"The image is a logo for the Anderson University Dance Program. It features a circular design that encapsulates a scenic landscape within an oval border. 

### Design Elements:
1. **Text**: At the top, the words ""ANDERSON UNIVERSITY"" are prominently displayed in bold, uppercase letters. Directly beneath that, the phrase ""DANCE PROGRAM"" is also in uppercase, slightly smaller, indicating the specific focus within the university.

2. **Visual Motif**:
   - **Mountains**: Two mountain peaks rise prominently in the background, characterized by sharp, angular lines and some hatching to signify texture and depth.
   - **Sun**: Above the mountains, there is a stylized sun with rays extending outward, suggesting brightness and energy.
   - **Clouds**: Fluffy clouds are depicted near the sun, adding a sense of atmosphere and serenity to the scene.

3. **Foreground Details**:
   - **River**: A winding river flows from the bottom center of the oval, drawn with smooth curvy lines, indicating movement and continuity.
   - **Trees**: Tall pine trees are scattered throughout the landscape, imbuing the design with a sense of nature and wilderness.
   - **Rocks**: A few small rocks are depicted along the riverbank, adding more texture and detail to the scene.

4. **Additional Text**: At the bottom of the oval, the phrase ""GRAB IT AND GROWL"" is written in a playful font, suggesting an energetic and bold attitude associated with the dance program.

### Color Scheme:
The entire logo is designed in a deep maroon color, providing a strong and cohesive aesthetic that adds to its collegiate feel.

Overall, the logo blends elements of nature with artistic expression, effectively representing the spirit of the dance program at Anderson University."
GRXS-162F3669.jpg,"The image features a stylized graphic text that reads ""STEVE CREATIN."" The lettering is bold and has a slightly distressed appearance, giving it an edgy, urban feel. The letters are primarily black with a gradient transition to white, creating a high-contrast effect. The edges of the letters are jagged and irregular, adding to the rough aesthetic.

Dripping effects, resembling paint or liquid, extend from certain letters, emphasizing the artistic and gritty design. The background is a muted gray, which helps the text stand out prominently. Overall, the design combines elements of graffiti and contemporary art, making it visually striking and dynamic."
GRXS-18B5F52A.jpg,"The image features a cartoon-like representation of a cheerful figure resembling a laughing Buddha. The figure has a round head with a bald top and prominent, rosy cheeks that enhance its jolly expression. Its wide smile reveals a set of teeth, and the eyes are squinted in joy, conveying a sense of happiness and contentment.

The figure is seated cross-legged, adorned in an orange robe that covers a large portion of its body. Its arms are raised, with the hands showing an unconventional gesture—possibly the middle fingers, which adds a humorous and irreverent touch to the depiction.

The background features a circular red outline that contrasts with the orange of the robe, creating a vibrant backdrop. Above the figure, in bold, black font, the text reads ""BEEN THERE DUN THAT,"" which complements the playful tone of the image.

Overall, the piece combines elements of traditional iconography with a modern twist, characterized by its whimsical and light-hearted nature."
GRXS-18C7D78B.jpg,"The image features a circular logo representing the Delaware State Police Pipes & Drums. 

At the center of the logo is a stylized silhouette of a male figure, identified as a state trooper. He is depicted wearing a wide-brimmed hat characteristic of state police uniforms, which prominently features a badge or emblem on the front. The figure's face is shown in profile, with a serious expression, the features subtly defined in black.

The trooper is dressed in a uniform that includes a tie and epaulettes on the shoulders, which adds to the authoritative appearance. 

Surrounding the silhouette, the text ""DELAWARE STATE POLICE"" arcs along the upper half of the circle, while the words ""PIPES & DRUMS"" are positioned along the bottom. Both text sections are bold and prominently displayed in a sans-serif font.

The overall color scheme is monochromatic, utilizing black and white, which gives the logo a classic and formal appearance. The circular design emphasizes unity and professionalism within the organization."
GRXS-192CBC5C.jpg,"The image features a stylized logo prominently displayed within a shield shape, which is reminiscent of the state emblem of Pennsylvania. The shield is primarily red with a bold gold outline, giving it a strong visual presence.

Inside the shield, the text ""F&M"" is displayed in a large, modern font, with the letters ""F"" and ""M"" being emphasized while the ampersand (""&"") is relatively smaller and centrally located. The characters are rendered in a dark color, likely black or dark red, which contrasts well against the red background.

Above the shield, the phrase ""THE ALLEGHENY ROUTE"" is written, suggesting a transportation or travel theme, though the text is less prominent than the shield and its contents.

To the left and right of the logo are the years ""1985"" and ""2025"" respectively, both in a vibrant yellow font that draws attention. This highlights a significant time span, likely indicating a celebration of 40 years, as ""40 YEARS"" is inscribed in larger text below the shield in a subtler color, possibly white or light gray shades, blending slightly into the background.

Overall, the design conveys a sense of celebration and nostalgia, marking a milestone with clear, bold details that communicate identity and importance."
GRXS-195524E9.jpg,"The image features a bold graphic design against a vibrant blue background, predominantly incorporating a white color scheme. At the top, the text ""VACATION BIBLE SCHOOL 2025"" is displayed in a curved format. Below this, a prominent mountain range is illustrated, standing tall with several layered peaks. 

In the foreground, a bear is depicted, outlined in a simple, stylized manner. Surrounding the mountains and bear are silhouettes of birds in flight, adding a sense of movement and liveliness to the scene. 

The main title ""TRUE NORTH"" is centrally positioned in large, bold lettering, with a textured appearance that suggests ruggedness. Below this title, the phrase ""TRUSTING JESUS IN A WILD WORLD"" is presented in a smaller font, maintaining the same color scheme. 

Radiating lines extend from the mountains outward, suggesting rays of light or inspiration, further enhancing the theme of guidance and trust. At the bottom, ""CELEBRATION COMMUNITY CHURCH"" is included in a semi-circle, completing the design with a communal touch, inviting participants to join the event. Overall, the imagery evokes themes of nature, adventure, and faith."
GRXS-19894BFF.jpg,"The image features a circular emblem predominantly using a golden-yellow color scheme. At the center, there is a stylized depiction of a Brahman bull’s head, characterized by its prominent horns and a smooth, rounded face. The bull's features are simplified, focusing on its recognizable attributes, such as the horns and the snout.

Surrounding the bull's head, there are two textual elements. The phrase ""THE ORDER OF THE GOLDEN BRAHMAN"" curves gracefully along the lower arc of the circle, rendered in a bold, serif font that enhances its visibility. Above the bull’s head, the abbreviation ""EST. 2012"" is prominently displayed in a similar style, indicating the establishment year of the organization or group represented by the emblem.

The background of the emblem is white, which provides a strong contrast against the golden-yellow elements, making them stand out and giving the design a clean and professional look. Overall, the emblem conveys a sense of tradition and identity linked to the Brahman bull, likely reflecting values such as strength and resilience."
GRXS-19F68971.jpg,"The image features a logo for ""Biome Brigade."" Central to the design is a bold, stylized letter ""B"" in a vibrant blue color. The ""B"" has a slightly wavy, dynamic design, suggesting movement or fluidity. Behind the ""B,"" there is a circular background in a lighter blue shade, which creates a lively contrast.

To the left of the ""B,"" there are two stylized molecular structures depicted in a darker blue, adding a scientific theme to the logo. These structures consist of interconnected nodes and lines, representing a biochemical or ecological motif.

At the bottom of the image, the words ""BIOME BRIGADE"" are prominently displayed in a solid, dark blue font. The font is modern and bold, making it clear and easy to read. Below the text, there is a small trademark symbol (®), indicating that the name is a registered trademark.

Overall, the logo combines elements of science and vitality, reflecting a theme related to biology or ecology."
GRXS-1A1AFD47.jpg,"The image features a logo for a law firm named ""Just Comp, PLLC,"" which specializes in work injury law. 

1. **Main Elements**:
   - At the center, there is a circular design resembling a gear or saw blade. 
   - Inside the circle, two crossed tools, likely representing a hammer and a wrench, symbolize construction or industrial work.

2. **Text**:
   - The top portion of the logo prominently displays the phrase “JUST COMP” in bold, uppercase letters. 
   - The letters are black and have a solid, strong appearance, emphasizing reliability and strength.
   - Beneath the main name, the letters ""PLLC"" are written in a smaller font and positioned to the right of ""COMP,"" indicating the firm’s legal structure.
   - A blue rectangular bar underneath contains the text “WORK INJURY LAW” in white, capitalized letters. This phrase clearly states the firm's area of expertise.

3. **Color Scheme**:
   - The overall color palette consists of black and white for the main text and imagery, paired with a blue background for the rectangular bar, providing a clear and professional look.

4. **Design Style**:
   - The design merges elements of legal professionalism with symbols of manual labor, making it relevant and relatable to their target clientele in the workforce. 

Overall, the logo is clean, direct, and effectively communicates the firm’s focus on aiding individuals injured in the workplace."
GRXS-1A289D52.jpg,"The image features a circular design with text and small illustrations related to a religious theme. 

At the top, the phrase ""St Anthony of Padua"" is written in a bold, elegant font that curves along the upper edge of the circle. Below that, the word ""UNITED"" stands out prominently in larger letters, with the word ""in"" nestled within it in a smaller, cursive style. The word ""FAITH"" is bold and capitalized, making it a central focus within the circle.

Beneath ""FAITH,"" the phrase ""Queen of Peace"" appears in a flowing, italicized font along the bottom of the circle, adding a gentle touch to the overall design.

On either side of the word ""FAITH,"" there are small illustrations of simplistic church outlines, depicting steeples and crosses. To the left, a curved line features the text ""up the hill,"" while to the right, another line reads ""down the road,"" adding a narrative element to the visual.

Overall, the design combines spiritual themes with a sense of community unity, employing a balance of bold and delicate typography. The black-and-white color scheme gives it a classic and timeless feel."
GRXS-1A76E173.jpg,"The image features a logo for ""Beech Tree Counseling."" At the top center, there is an elegant, circular emblem that encloses a stylized depiction of a leaf, representing growth and nature. The leaf is delicately outlined, showcasing its veins and contour, and is rendered in a soft green hue.

Below this emblem, the name ""Beech Tree"" is prominently displayed in a modern, clean typographic style. The font is light and airy, emphasizing tranquility and approachability, and the text also appears in a coordinating soft green shade. The word ""Beech"" is slightly larger, with a gentle curve to the letters, while ""Tree"" is rendered in a similar style. 

Slightly smaller, centered beneath ""Beech Tree,"" the word ""COUNSELING"" is presented in all capital letters, maintaining the same color theme to ensure a cohesive design. The overall aesthetic of the logo conveys a sense of calmness, professionalism, and connection to nature, making it suitable for a counseling service focused on well-being. The background is plain white, enhancing the minimalistic and tranquil feel of the design."
GRXS-1B0C53A9.jpg,"The image features a bold and striking graphic design centered around the themes of ""Gulf High Track & Field."" 

At the top, the phrase ""GULF HIGH"" is prominently displayed in large, capitalized, bold letters. The lettering is characterized by a vibrant green color, accented with black patterns that give it dimension and texture. This text is stylized with a slightly rugged appearance, enhancing its energetic vibe.

Below the main text is a dramatic illustration of a skull, which dominates the center of the design. The skull has an expressive, menacing grin and is depicted wearing a stylized cap. Its eyes are wide open, conveying an intense and aggressive energy. The skull is surrounded by flowing elements that resemble fabric or banners, which enhances the dynamic feel of the design. 

A notable feature of the skull is its green bandana, which creates a bold contrast against the black-and-white color scheme of the skull and surrounding details. 

The phrase ""TRACK & FIELD"" is prominently placed beneath the skull, rendered in a similar bold font as ""GULF HIGH."" This text is again colored in green with shadowing effects that match the upper text, tying the overall composition together cohesively.

The background is a light gray color, providing a subtle contrast that allows the graphic elements to stand out sharply. Overall, the design conveys a sense of sportiness and intensity, making it visually appealing for a track and field theme."
GRXS-1B136800.jpg,"The image features a regal and stylized king's portrait, characterized by an imposing and assertive expression. The king has long, flowing hair and a well-groomed beard, both depicted in shades of gray and black, giving him a mature and dignified appearance. 

He wears a metallic gold crown adorned with prominent ornaments, including spikes and jewels, which conveys authority and nobility. His armor is intricately designed, made of polished gold and silver tones, with layered shoulder plates that emphasize strength and rank. The chest armor showcases bold lines and detailing, enhancing the dynamic look of the figure.

Below the portrait, the text ""COURONNE NORD"" is prominently displayed in a bold, stylized font. The first part of the name, ""COURONNE,"" is large and in a silver gradient with dark outlines, while ""NORD"" is in a contrasting black font, situated beneath it. There are decorative elements like stars around the text, contributing to a regal and heroic theme. The background is simple, allowing the intricacies of the king and the text to stand out, giving the overall image a vibrant and striking appearance."
GRXS-1B58AE02.jpg,"The image features a circular design resembling a film reel, framed with a light yellow border made up of alternating solid and empty rectangular sections, which evoke the look of classic movie film. At the center, there's a vibrant illustration that combines travel and cinema themes.

In the backdrop, a stylized globe shows the continents, prominently highlighting Europe and Africa, rendered in various shades of blue and green. An airplane, depicted in white with black accents, is flying towards the upper right, emphasizing the travel aspect.

On the globe, there are curving lines that suggest flight paths. Overlaying this scene, a large, bold text in orange reads ""Big Screen,"" followed by ""Big World Travel"" in a slightly smaller font beneath it. To the left, there's a film reel design depicted in dark brown, integrating the cinematic theme into the travel motif, making it evident that this image is promoting the idea of travel through movies or film-related journeys. Overall, the design is colorful, eye-catching, and encapsulates the excitement of exploring the world through the lens of cinema."
GRXS-1BD207EC.jpg,"The image features a stylized, three-dimensional cube outlined in black with a vibrant green fill. The cube's design consists of overlapping geometric shapes and lines that create a sense of depth and perspective. 

On the front face of the cube, the letters ""M,"" ""D,"" and ""G"" are prominently displayed in a bold, modern font, each character integrating seamlessly into the cube's structure. The letter “M” appears at the top left, formed by two vertical lines and a triangular shape in the middle. The “D” is positioned below it and features a flat edge on the left and a rounded right edge. The letter “G” can be seen on the bottom right of the cube, distinguished by its angular curves and unique design.

The use of green provides a fresh, energetic feel that contrasts against the black outline, emphasizing the sharpness and clarity of the shapes. This design could suggest themes of technology, innovation, or creativity, making it suitable for branding purposes."
GRXS-1BF7BF20.jpg,"The image features the iconic title ""The Wizard of Oz"" presented in a stylized font. The text is predominantly black, with a bold and elegant design. 

- The word ""The"" is positioned at the top left, written in a simpler script.
- ""WIZARD"" stands out prominently, with capitalized letters that have a playful flair, featuring slight curves and embellishments that give it an enchanting appearance.
- The word ""of"" is smaller and nestled between ""WIZARD"" and ""Oz.""

At the center, there is a circular silhouette that depicts four recognizable characters: a Scarecrow, a Tin Man, a Cowardly Lion, and Dorothy, the girl in a dress and pigtails. They are arranged in a dynamic pose, seemingly marching or dancing together, creating a sense of camaraderie and adventure. The simplicity of the silhouettes contrasts with the detailed lettering, emphasizing their significance in the story.

The entire composition is set against a white background, allowing the black text and silhouettes to stand out vividly, making it visually striking and instantly recognizable."
GRXS-1C48E8AD.jpg,"The image features a stylized logo consisting of interconnected, flowing shapes that create a symmetrical design. The logo is primarily in a bright orange color, which stands out against a white background. 

At the top of the logo, there are two rounded arches that curve upward, resembling two small horns or ornate elements, which give a sense of liveliness. Below this, the design transitions into a set of curves and angles that form a central figure resembling a knot or a symmetrical formation. The design utilizes simple geometric shapes, where various lines and sections flow into one another seamlessly.

Beneath the emblematic design, the text ""EADELF"" is displayed in bold, uppercase letters. The font is modern and clean, ensuring legibility and a contemporary feel. The letters are also in orange, creating a cohesive look with the logo above.

Overall, the logo conveys a sense of unity and modernity, with an elegant balance between abstract art and readability."
GRXS-1CA841FD.jpg,"The image features a stylized logo for the ""Colonial Heights AgriProject."" At the center, there is a large rose that combines natural elements with a symbolic globe. The rose petals are elegantly outlined, showcasing a smooth, flowing design that enhances its floral characteristics. Within the center of the rose, a depiction of the Earth is visible, with continents and oceans represented in a simplified black-and-white style.

Surrounding the rose are circular text elements. The top arc reads ""Colonial Heights AgriProject,"" emphasizing the project's name, while the bottom arc states ""Grown Locally Since 2016,"" indicating its local roots and the year it was established. The font used is clear and bold, enhancing readability.

Additionally, there are two small dots flanking the text at the bottom, adding a decorative touch to the logo. The overall color scheme is monochromatic, focusing on black outlines against a white background, which gives it a clean and professional appearance. The design blends agricultural themes with a global perspective, suggesting sustainability and local production."
GRXS-1D883677.jpg,"The image is a vibrant and dynamic logo design celebrating the ""Don Wilhour Selinsgrove Classic."" The overall color scheme is predominantly blue, with a gradient effect that fades from darker to lighter shades, giving a sense of energy and movement.

In the central part of the design, bold lettering spells out ""DON WILHOUR"" in a striking blue font, with a slightly distressed texture that adds to its visual appeal. Below this, in a sleek white font, the words ""SELINSGROVE CLASSIC"" are featured, signifying the event's name.

The background is animated with a splash of swirling blue and white, reminiscent of motion and excitement, which seems to explode outward, enhancing the theme of athleticism. 

Several silhouettes of athletes performing different sports are present: on the left, a female figure is depicted in a running pose, suggesting speed and agility. Above her, another silhouette illustrates a pole vaulter in mid-air, capturing the grace of the event. On the right side, a male figure is shown in a throwing stance, possibly a shot putter, emphasizing power and strength.

Additionally, a circular emblem with a winged shoe icon is integrated into the design, symbolizing speed and excellence in athletics. This elements contribute to a cohesive and exciting visual narrative surrounding the theme of competition and sportsmanship."
GRXS-1DAB4BC4.jpg,"The image features a logo design primarily composed of the letters ""PBSA"" in a bold, modern font. Each letter is rendered in a different color: the 'P' is bright green, the 'B' is a rich teal, the 'S' is a vibrant blue, and the 'A' is a bright orange. Below the acronym, the words ""STEAM Educator"" are displayed, indicating a focus on education in the fields of Science, Technology, Engineering, Arts, and Mathematics.

Directly underneath this text, there are subtle graphics representing the elements of STEAM. These include a simplified atomic symbol, a robot, gear icons, and a painter's palette with a paintbrush, each illustrating different aspects of the educational spectrum. The background is largely white, ensuring the colors and graphics stand out prominently.

Further below, the phrase ""Fueled by STEAM, Driven by Passion!"" is displayed in a slightly smaller font, reinforcing the educational mission and enthusiasm behind the initiative. Overall, the design is clean, colorful, and visually engaging, reflecting a modern approach to STEAM education."
GRXS-1F116F9B.jpg,"The image features a text-based graphic that emphasizes the theme of performing arts at Waters Elementary. 

1. **Text Style**:
   - The phrase ""PERFORMING ARTS"" is prominently displayed in large, bold, three-dimensional lettering. The letters are outlined, possibly giving a shadow effect, which makes them appear raised or popping out from the background.
   - The word ""ARTS"" is slightly smaller than ""PERFORMING,"" but still carries a bold presence, with a playful style that suggests creativity.

2. **Color**:
   - The entire text is rendered in a deep blue color, contrasting well with a white background, enhancing its visibility.

3. **Decorative Elements**:
   - On either side of ""ARTS,"" there are starburst symbols, adding an energetic and whimsical touch to the design, suggesting excitement and vibrancy associated with the performing arts.

4. **Additional Text**:
   - Below the main phrase, “WATERS ELEMENTARY” is presented in a simpler, bold font, still in the same deep blue color. This indicates the specific institution associated with the performing arts program. 

5. **Overall Design Impression**:
   - The design is clean, engaging, and child-friendly, appealing to an elementary school audience while effectively communicating the spirit of creativity and artistic expression at Waters Elementary."
GRXS-1FAF0492.jpg,"The image is a logo design for a company named ""F&B Tree and Landscape."" At its center, there is a stylized tree depicted with a symmetrical design. The tree features branches that are colored in various shades of green, symbolizing vitality and growth. The trunk and part of the base of the tree are illustrated in a light brown or gray, suggesting the earth or ground from which the tree emerges.

Surrounding the tree is a circular border in a darker green shade, adding emphasis to the logo. Below the circular design, the company name ""F&B Tree and Landscape"" is written in a simple, modern font. The text is colored in a coordinating shade of earthy green, which complements the logo's overall theme of nature and landscaping. The logo conveys a sense of professionalism and connection to the natural environment, making it suitable for a business focused on tree care and landscaping services."
GRXS-2008078B.jpg,"The image features a stylized anchor, which serves as the central graphic element. This anchor is depicted in an array of colors, transitioning from blue at the top, to orange in the middle, and then yellow at the bottom. The colors exhibit a textured, slightly distressed appearance, giving it a vintage or worn look.

Attached to the anchor is a chain, which is also presented in a similar color palette. Below the anchor graphic, the text reads ""GOLDEN CRUISE"" in a large, modern font, using a soft gray color. Below that, in a smaller orange font, the words ""CAPPS FAMILY"" are included. At the very bottom, there’s the year ""2025"" displayed, also in a muted gray tone.

The overall design has a cheerful, nautical theme that conveys a sense of fun, adventure, and family bonding, likely related to a cruise experience. The background is plain white, allowing the colorful elements and text to stand out prominently."
GRXS-200A5C8E.jpg,"The image features a logo that is primarily designed using a bright aqua blue color. It consists of a circular shape that resembles a splash of liquid at the top, with several fluid and dynamic splashes radiating outward. Inside the circular shape, the text is prominently displayed.

The top portion of the logo contains the words ""TENTH PLANET"" in bold, uppercase letters, presented in a clean, modern font. The letters are white, creating a strong contrast against the blue background. 

Underneath ""TENTH PLANET,"" there are smaller text elements reading ""zip jits,"" rendered in a playful, cursive style that adds a sense of energy and fun. This portion is also white.

At the bottom of the circle, the word ""WATERLOO"" is placed in a slightly smaller, uppercase format, centered and also in white. The overall design conveys a vibrant and youthful feel, likely aimed at promoting an active lifestyle or sport, with a focus on energy and friendliness."
GRXS-205B0590.jpg,"The image features a stylized logo for the ""Olney Trojans,"" primarily in shades of blue. The design showcases a classic Trojan helmet, symbolizing strength and valor, positioned centrally in the composition. 

Above the helmet, the word ""OLNEY"" is displayed in bold, light blue letters, while below, the word ""TROJANS"" is rendered in a larger, bolder font using a darker blue hue. 

Flanking the helmet are two lacrosse sticks, positioned diagonally. Their designs include the netting characteristic of lacrosse, further emphasizing the sporty nature of the logo. 

At the bottom, the phrase “EST. 2023” is included in smaller text, adding a sense of establishment to the branding. The overall layout is clean and modern, appealing to both athletes and fans alike."
GRXS-21D9A108.jpg,"The image depicts a logo for a business called ""Sun and Shield Automotive Appearance Protection."" 

1. **Logo Shape**: The logo is structured within a shield-like shape, which symbolizes protection. The shield has a blue outline that forms a slightly angular edge.

2. **Background**: The upper part of the shield features a stylized sun, with rays radiating outward, indicating brightness and protection from the sun's harmful effects.

3. **Icon**: Inside the shield, there is a minimalist, grey silhouette of a car. The car design is streamlined and modern, showcasing an emphasis on automotive appearance.

4. **Text Elements**:
   - The phrase ""SUN AND SHIELD"" is presented prominently in yellow, using a bold, sans-serif font to capture attention.
   - Below that, the words ""AUTOMOTIVE APPEARANCE"" are in a smaller, more subdued blue font, suggesting a professional and sleek aesthetic.
   - The word ""PROTECTION"" is emphasized at the bottom in the same bold yellow font as the top, completing the company's message of safeguarding vehicles.

5. **Color Scheme**: The overall color palette includes blue, yellow, and grey, conveying a sense of trustworthiness and professionalism.

This design effectively communicates the business's focus on protecting automotive finishes and appearances, highlighted by the sun and shield motifs."
GRXS-22BE0C91.jpg,"The image features a logo with a minimalistic design. At the top, there is a stylized graphic emblem composed of interlocking geometric shapes. The design consists of solid black forms that create a pattern resembling a stylized cross or a plus sign with an abstract twist.

Below the emblem, the name ""J.A. Jennings"" is prominently displayed in bold, uppercase letters, with a slightly modern font. The text is black, contrasting sharply against the white background. Underneath ""J.A. Jennings,"" the words ""Builders/Construction Managers"" are presented in a smaller, yet also bold font, maintaining uniformity in color and style. The overall layout is clean and professional, projecting a sense of reliability and expertise in the construction industry. The stark black and white color palette enhances readability and gives the logo a timeless feel."
GRXS-22CD6FE9.jpg,"The image features a logo design centered around a pineapple motif, which is rendered in a warm, golden brown color. The pineapple is stylized with elongated, abstract leaves that create a textured appearance. 

Prominently featured in front of the pineapple are two silhouette forms, one larger and one smaller, representing a pair of animals, possibly llamas or goats. Their profiles are solid black, contrasting with the warm tones of the pineapple background. The larger animal stands beside the smaller one, giving a sense of companionship.

Above and to the left, the text ""Est."" is displayed, indicating the establishment year, which is noted on the right as ""2018."" At the bottom, the logo includes the words ""PINEAPPLE HILL"" in bold uppercase letters, centered, with ""farm"" written in a smaller font size below it. The overall composition presents a friendly and inviting aesthetic, suitable for a farm or agricultural brand."
GRXS-230B877F.jpg,"The image features a stylized, black-and-white illustration of a gorilla. The gorilla is depicted in profile, showcasing its muscular build and thick, shaggy fur, which is intricately detailed with bold, expressive lines. It has a prominent, rounded head with a pronounced brow ridge and a wide, flat nose. Its eyes are large and expressive, looking directly at the viewer with a confident and somewhat playful expression.

In its right hand, the gorilla holds a large, frosty mug of beer, which is filled to the brim with frothy foam. The mug has ornate details and a sturdy handle, and the surface of the beer reflects light, adding to the realism of the drink. The gorilla’s arm is muscular and adorned with thick fur, emphasizing both strength and a relaxed vibe as it casually enjoys the beverage.

The overall composition is dynamic, with strong lines and a playful attitude, suggesting a humorous interaction between the gorilla and its environment. The stark contrast between the black ink and the white background gives the illustration a striking and eye-catching appearance."
GRXS-23D4A8BE.jpg,"The image features a logo for a ""Chinese Club"" that incorporates a playful cartoon panda. The panda is depicted in a dynamic pose, seemingly in mid-action, as if it's excited or invigorated. 

**Details of the panda:**
- The panda has a round face with bright, expressive eyes and a friendly smile, giving it a cheerful demeanor.
- It is wearing a traditional Chinese outfit, characterized by a loose-fitting top tied together with a belt.
- One of its arms is raised, making it look as if it's waving or engaging with an audience, while the other arm is positioned at its side.

**Surrounding design elements:**
- The panda is enclosed within a circular border that features decorative patterns associated with traditional Chinese art, likely resembling elements from a traditional Chinese scroll or textile.
- Above the panda, the words ""CHINESE CLUB"" are displayed prominently in bold, stylized lettering.
- At the bottom of the logo, the school initials ""NHS"" along with the years ""2024-2025"" indicate the period the club is associated with.

**Color scheme:**
- The primary color of the design is a deep burgundy, contrasting with the white of the panda, enhancing the overall visibility and impact of the logo.

The logo illustrates a blend of culture and community spirit, with the panda representing friendliness and approachability, suitable for a club environment."
GRXS-23E8B3BD.jpg,"The image depicts a playful and stylized logo for ""Camp Osborn."" At the center of the design is a cartoonish black bear, sitting comfortably on a log. The bear is wearing oversized sunglasses and has a relaxed expression, exuding a fun, carefree vibe. 

In its paw, the bear holds a skewer with marshmallows, indicating a camping tradition of roasting treats over a campfire. 

To the right of the bear, there is a lively campfire with flames dancing upward, illustrated in a whimsical style, accompanied by twinkling stars for added charm. The campfire is made up of logs arranged in a teepee formation.

Above the bear, the text ""CAMP OSBORN"" is prominently displayed in bold, green letters. Below the bear is the text ""BIG BEAR LAKE JUNE 2025,"" written in a smaller, similarly colored font, providing context about the location and date of the camp. The overall color scheme is primarily black and green, creating a striking and cohesive design that evokes a sense of outdoor adventure and fun."
GRXS-2465845F.jpg,"The image features bold and vibrant pink typography that reads ""PUCK YOU!"" prominently in the center. The letters are large, capitalized, and have a playful, sans-serif style, conveying a sense of humor or irreverence. 

Above the text, there are two curved shapes resembling devil horns, also in pink, accentuating a mischievous theme. Below the main text, there is a playful, curvy line that resembles a tail, ending with a small arrowhead, further emphasizing the devilish motif.

At the bottom of the image, the URL ""www.PUCKYOU.ORG"" is displayed in smaller text, maintaining the same pink color. The background is white, which enhances the visibility of the pink elements and adds to the overall striking appearance of the design. Overall, the image is simple yet eye-catching and effectively communicates a lighthearted, cheeky vibe."
GRXS-24680354.jpg,"The image features a cartoon-style illustration of a character resembling a mole or similar small animal. This character is depicted wearing protective goggles and a lab coat, embodying a scientific theme. In one hand, the character holds a test tube, while in the other, it grasps a flask, suggesting engagement in a chemistry experiment. 

Surrounding the illustration are bold, stylized letters that read ""DVHS AP CHEMISTRY,"" indicating the association with a specific school and Advanced Placement Chemistry course. The numbers ""24-25"" are positioned below the character, likely denoting a school year or event timeline. The overall color scheme is simple, featuring a dark blue against a white background, giving it a clean and focused look."
GRXS-2469B463.jpg,"The image features a circular design that highlights the name and affiliation of an organization. The text ""SONS AND DAUGHTERS OF ITALY"" curves around the top of the circle, with ""SONS AND DAUGHTERS"" in a green, bold font and ""OF ITALY"" in a contrasting red. Below this text, centered within the circle, is the city name ""HARRISBURG, PA"" displayed in black.

At the center of the design are two beverage containers: a bottle and a can, illustrated in a simplistic but detailed style. The bottle is depicted on the left with a label featuring a graphic emblem of a lion, possibly symbolizing strength or heritage. Next to the bottle, there's a can, showing a minimalist and smooth design. Both containers are positioned adjacent to a glass filled with ice cubes and a straw, suggesting refreshment.

At the bottom of the circle, the word ""LODGE"" is written in red, following the theme of the top text, and ""#"" followed by ""2857"" is also featured in red, indicating a lodge number. This combination of elements reflects a sense of community and cultural pride connected to Italian heritage."
GRXS-24BFF483.jpg,"The image features a bold graphic design with a playful, cartoonish character at its center. This character appears to be an exaggerated, whimsical figure with large, expressive features: wide eyes, a prominent smile, and distinctively shaped hair, resembling a mischievous yet friendly personality. They are dressed in a deep red shirt with blue shorts.

The character is depicted in a dynamic pose, seemingly sitting or sliding, with their legs extended forward. This adds an element of action and fun to the design. The shoes are large and cartoonish, emphasizing the playful nature of the image.

Surrounding the character is a circular design, possibly resembling a badge or emblem, with a distressed texture to give it a rugged, vintage feel. The outer circle includes splashes and smudges, enhancing the energetic vibe.

Above the character, the word ""Birdbrain"" is prominently displayed in a stylized, graffiti-like font, combining sharp angles and curves. Below the character, the word ""Apparel"" is scripted in a more flowing, cursive style, providing a contrast to the bold top text. The overall color palette consists of earthy tones alongside vibrant reds and blues, set against a solid black background, which gives it a striking appearance."
GRXS-26F442C4.jpg,"The image features a logo for the Chattanooga Fab Institute, which emphasizes innovation and engineering. 

1. **Color Scheme**: The primary colors include vibrant green, bright orange, and various shades of gray.

2. **Central Graphic**: 
   - At the left, there is a large, stylized gear in green with an orange power button symbol at its center. The gear's design has jagged edges, suggesting movement and activity.
   - The power button symbol is circular with a thick outline, intersected by a vertical line at the top, indicating an ""on"" state.

3. **Text Elements**: 
   - To the right of the graphic, the words ""CHATTANOOGA FAB"" are displayed prominently in gray uppercase letters. The word ""FAB"" stands out due to its larger font size.
   - Below this, ""INSTITUTE"" is written in a smaller size with a similar gray styling.
   - The phrase ""MAKE IT MOVE"" appears at the bottom of the logo. The words ""MAKE"" and ""MOVE"" are in bold gray letters, while ""IT"" is highlighted in bright orange, connecting visually with the power button motif.

4. **Gears and Mechanisms**: 
   - There are two additional interlocking gears in gray and orange towards the bottom right, positioned to suggest a mechanical theme. One gear features an orange lever, adding an element of dynamism.

The overall design conveys a sense of creativity, engineering, and motion, aligning with the mission of a fabrication and innovation institute."
GRXS-27137B1E.jpg,"The image features a logo for ""greencard,"" which represents a payment solution specifically for the cannabis industry. The logo has a modern and clean design, emphasizing a connection to financial technology.

1. **Color Scheme**: The predominant color is a vibrant green, symbolizing growth and sustainability, often associated with the cannabis plant. The green is contrasted by black text, creating a strong visual impact.

2. **Logo Design**: 
   - The letter ""G"" is stylized and encapsulated within a circular shape. This portion has a slightly lighter green color with a segmented design, illustrating a contemporary aesthetic.
   - The word ""greencard"" follows in a bold, lowercase font. The ""green"" part of the text is rendered in the same vibrant green as the logo, while the ""card"" portion is in black, providing a clear distinction.

3. **Tagline**: Beneath the main logo, there is a tagline reading ""The new standard in cannabis payments."" This text is in a simple, sans-serif font and is entirely in black, making it easily readable and reinforcing the credibility of the brand.

Overall, this image presents a polished and professional appearance, aimed at conveying innovation in the cannabis payment sector."
GRXS-271EF9F6.jpg,"The image features a logo for Lufkin Road Middle School's Honor Society. 

At the top, the name ""LUFKIN ROAD MIDDLE SCHOOL"" is displayed in a bold, uppercase font that curves along the perimeter of a circular emblem. 

Within the circle, the initials ""LR"" are stylized to represent the school. The letters are interwoven with striking diagonal lines resembling lightning bolts, which add a dynamic element to the design. The overall color scheme is primarily black and white, enhancing its bold and clear appearance.

Beneath the circular emblem, the words ""HONOR SOCIETY"" are presented in a blocky, uppercase font, emphasizing its significance. The design features a lightning bolt integrated into the word ""HONOR,"" reinforcing the energetic theme.

Overall, the logo conveys a sense of achievement and pride associated with being part of the Honor Society at Lufkin Road Middle School."
GRXS-273EBDA7.jpg,"The image depicts a stylized logo that combines elements of nature and typography. At the center, there is a large, bold letter ""J"" rendered in a bright, vibrant green. This ""J"" is surrounded by a circular border that matches its hue, creating a cohesive look. 

Inside the letter ""J,"" there is an illustration of a tree depicted in white. The tree features a thick trunk and a canopy of rounded clouds, implying lush foliage. The branches extend outwards, giving the tree a full, flourishing appearance.

At the base of the ""J,"" there's also a hint of green grass, accentuating the natural theme and grounding the design. The overall composition has a clean, modern aesthetic, suggesting a focus on environmental themes or sustainability. The color scheme primarily uses varying shades of green and white, imparting a fresh and eco-friendly vibe."
GRXS-280BAB39.jpg,"The image features a logo set against a solid black background. The logo consists of a stylized letter ""Q"" that appears to have a flowing design, giving it a sense of motion. This ""Q"" is visually complemented by three letters ""T"" and ""S"" that are positioned inside an oval shape, which is also white. The letters ""QTS"" are bold and prominently displayed in a clean, modern typeface. 

Above the letters, there's a small registered trademark symbol (®) in the top right corner. The overall color scheme is stark, with white elements contrasting sharply against the black background, enhancing the logo's visibility and maintaining a sleek and contemporary look. The design conveys professionalism and simplicity, making it easily recognizable."
GRXS-28311AEB.jpg,"The image features a circular logo for ""Sterling Farms Golf Course."" The logo is predominantly divided into two color sections: a deep green background and a white silhouette in the center.

In the center, a stylized representation of a farm scene is depicted. This includes the outlines of a house with a peaked roof, a smaller structure resembling a barn, and a flagpole with a golf flag, symbolizing the golf aspect of the course. The flag is positioned prominently, adding to the theme of golf.

Below the graphic, the text ""STERLING FARMS"" is presented in bold, uppercase letters, emphasizing the brand name. Directly underneath, in a smaller font, the words ""GOLF COURSE"" are displayed in a simpler style. The overall design conveys a sense of elegance and tranquility, consistent with the environment of a golf course, surrounded by farmland or nature."
GRXS-285F920E.jpg,"The image is a circular logo featuring a bold, black and white design. At the center, there is a prominent silhouette of a horse's head, specifically in the style of a knight's chess piece, highlighting its mane and features. This horse silhouette is set inside a shield-like shape, which is outlined by a curved border.

Above the horse imagery, the word ""FILLIES"" is displayed in bold, uppercase letters, emphasizing the name of the entity represented by the logo. The bottom part of the circular design features ""LUBBOCK, TX"" in smaller text, also in uppercase, indicating the location.

On either side of the horse silhouette are small images of soccer balls, which add a dynamic element to the logo and signify a connection to soccer. The overall design is clean and modern, utilizing stark black and white contrasts that give it a strong visual impact. The circular format is typical for sports team logos, suggesting unity and community."
GRXS-28D2ED6E.jpg,"The image features a stylized representation of the state of Ohio, depicted as a purple outline filled with a vibrant purple and green design. 

The primary focus of the image is a triangular shape that extends diagonally across the state silhouette. This triangle is white and contains a circular green emblem within it. 

Inside the green circle, the letters ""HGL"" are prominently displayed in purple, with two horizontal lines through the letters. Surrounding the circle, there are several small purple stars present, accentuating the design. 

The background of the state is split into two horizontal sections; the upper part is purple while the lower part is green, creating a contrast between the sections. 

The overall design combines elements of a flag with a modern artistic interpretation, emphasizing colorful symbols and shapes."
GRXS-28FBB002.jpg,"The image features a logo for ""NEOVIA."" The design incorporates geometric shapes and bold text. 

1. **Geometric Shapes**: On the left side, there are three triangular and one hexagonal shapes in varying shades of green and one in orange. The green shapes are primarily lighter shades, creating a fresh and vibrant look. The arrangement suggests movement and growth, with the triangular shapes pointing upward.

2. **Text**: The word ""NEOVIA"" is presented in a bold, sans-serif typeface that is solid black. The letters are evenly spaced, exuding a modern and professional feel. The text aligns horizontally to the right of the geometric shapes, providing a strong contrast against the graphics.

Overall, the logo conveys a sense of innovation and sustainability, utilizing a minimalistic and contemporary design style. The combination of geometric elements with bold typography reflects a balance of creativity and professionalism."
GRXS-292839A3.jpg,"The image features a stylized logo for ""Disney Newsies Jr."" The logo is composed of bold, block letters that spell out ""NEWSIES"" in a playful and slightly retro font. Each letter appears to be enclosed within its own rectangular box, emphasizing each character distinctly.

The word ""DISNEY"" is positioned at the top in smaller, elegant text that reflects the iconic Disney branding. The text is accompanied by a simple graphic representation of the Disney logo, which is a stylized castle silhouette with a star above it, further enhancing its recognizable brand.

In the bottom right corner, ""JR."" is presented in a smaller, individual box, making the designation clear. The overall color scheme is monochromatic, featuring shades of gray and white, giving it a classic and timeless feel. The logo is designed to evoke a sense of fun and adventure, aligning with the themes of the ""Newsies"" musical, aimed at a younger audience."
GRXS-29D3858A.jpg,"The image features a stylized design consisting of a heart shape and a ribbon intertwined. The heart is formed with a smooth, curved outline in a vibrant turquoise color. It has a slightly pointed top, suggesting warmth and affection.

Adjoining the heart, there is a ribbon that also embodies the same turquoise hue. The ribbon starts at one side of the heart, flowing gracefully downwards and crossing itself before tapering off. The ribbon has a soft, rounded appearance, enhancing its friendly look, and contributes to the overall theme of support and hope.

The background is plain white, which emphasizes the striking color of the heart and ribbon, giving the image a clean and modern aesthetic. This design could symbolize a cause or awareness related to health, support, or love."
GRXS-2A0A8DF3.jpg,"The image consists of two circular badges representing a reading challenge for 2025. 

### Left Side:
- **Design**: Features a detailed illustration of a young girl with wavy hair, looking slightly to the side. Her expression appears thoughtful or contemplative.
- **Text**: Surrounding the image are the words ""NHS 2025 READING CHALLENGE"" in a bold, uppercase font, evenly spaced around the top and bottom of the circle. The text is likely white against a darker background that emphasizes visibility.

### Right Side:
- **Design**: This side showcases a silhouette of a castle structure positioned centrally. The castle has two prominent towers and a flat base, indicative of a medieval style. It appears set against a striped background that features alternating dark and light bands, providing contrast.
- **Text**: Similar to the left side, it has the wording ""NHS 2025 READING CHALLENGE,"" which encircles the top and bottom of the badge. 

Overall, both badges convey a sense of engagement with literature and creativity, reflecting a reading initiative tied to a specific year and organization."
GRXS-2AD50C54.jpg,"The image features a logo design that combines geometric and typographic elements. The logo displays a prominent ""P"" shape, created using bold, black lines. This letter is partially circular, with a noticeable curve and a straight vertical line, giving it a modern and sleek aesthetic. 

To the left of the ""P,"" there is a smaller, colored square in a vibrant purple. This square intersects with horizontal and vertical lines that form a grid-like pattern, enhancing the design's structure. 

The text ""aramount Xterior"" is written in a clean, sans-serif font and is aligned to the right of the ""P."" The font is also in black, ensuring consistency with the rest of the design. The word ""aramount"" is slightly larger and positioned above ""Xterior,"" which is written in a smaller size, maintaining a professional and balanced appearance. 

Overall, the logo conveys a sense of modernity and sophistication, with the use of simple shapes and a minimalist color palette."
GRXS-2B4E08F7.jpg,"The image is a graphic design for an event titled ""A Run/Walk Through History - 2025,"" featuring a 5K challenge. The overall shape of the design is an elongated shield with a dark background.

In the foreground, a silhouette of a runner is depicted in mid-stride, suggesting motion and energy. The runner is positioned to the right, showcasing a dynamic pose with one arm raised and the other pumping at their side. The figure is simplified, primarily using solid black to stand out against the background.

Behind the runner, there is a stylized cemetery scene, with tombstones of various heights, hinting at an atmosphere of historical intrigue. A prominent stone cross stands tall among the gravestones, adding to the thematic elements of history. In the background, gothic architecture is represented by the outlines of a church, complete with pointed arches and stained glass windows, providing a sense of depth.

The top of the design features decorative elements, including roses on both sides, which enhance the visual appeal with swirling vines and leaves. The text ""A Run/Walk Through History"" is prominently displayed at the center in bold, white lettering, along with ""2025"" directly beneath it. The event’s distance ""5K"" is elegantly framed at the bottom of the design, completing the overall layout.

The color palette consists of shades of teal and black, contributing to a moody yet inviting atmosphere, appropriate for the historical theme of the event."
GRXS-2C9C9F70.jpg,"The image features a stylized, graphic illustration of a figure that embodies both a strong female presence and justice symbolism. The figure has a smooth, featureless face, devoid of distinct facial features, which adds to its universal representation. 

On top of the head, there is a striking crown-like structure that resembles the spikes of the Statue of Liberty but is entirely in vibrant pink. This design signifies empowerment and a call for justice, linking to themes of social activism.

The figure is dressed in a black outfit, giving a stark contrast to the vivid pink elements. This contrast emphasizes the figure’s role as a symbol of authority and justice. 

In one hand, the figure holds a pair of scales, also depicted in pink, which conveys the theme of balance and fairness often associated with legal justice. The scales hang delicately from a central point, highlighting their significance in representing justice.

Above the figure, the word ""LYSISTRATA"" is prominently displayed in bold, pink, capital letters, adding to the overall theme of empowerment and social commentary. The choice of color and typography suggests a modern interpretation of classical themes of gender and power dynamics. 

The background is predominantly white, enhancing the boldness of the illustration and making the pink elements pop visually. Overall, the image conveys a powerful message about justice and empowerment."
GRXS-2EF53D46.jpg,"The image features a bold and vibrant logo for the ""Rocky Mountain Cigar Festival."" The design elements are striking against a warm, beige background. 

At the top, the text ""ROCKY MOUNTAIN"" is prominently displayed in a large, white font, set against a circular black border. Below this is a stylized depiction of the mountains, rendered in dark and light shades to create depth, with snow caps accentuating their peaks. 

The backdrop features a large circular graphic with a red and white sun rising against the horizon, symbolizing Colorado's iconic scenery. The middle layer of the logo showcases the words ""CIGAR FESTIVAL"" in a bold, black font, ensuring it's clear and eye-catching. 

On either side of the text, two detailed illustrations of cigars stand upright, each adorned with a circular Colorado emblem in red, white, and blue. 

Additional decorative elements include a thin ribbon-like design underneath the text, along with some stylized smoke curling from the top left corner, giving the overall logo a dynamic and lively feel. 

At the bottom, the phrase ""Cigar PXRN"" is written above ""It's just a life style,"" both in a more understated font, completing the design with a casual, inviting touch. The overall aesthetic combines elements of nature, local pride, and the celebration of cigar culture."
GRXS-2EFDEE7A.jpg,"The image features a vibrant and dynamic design centered around the title ""CHARLIE AND THE CHOCOLATE FACTORY."" 

1. **Text Design**: 
   - The title ""CHARLIE"" is prominently displayed in bold, large letters, with a playful font that gives it a whimsical feel.
   - Below ""CHARLIE,"" the words ""and the CHOCOLATE FACTORY"" are presented in a smaller font, maintaining the playful theme. 
   - The title is in a striking yellow color, which contrasts effectively against the background.

2. **Background and Color Scheme**: 
   - The background is a radiant burst of color, predominantly in a rich purple. This burst design has sharp, elongated points radiating outward, creating an energetic and exciting atmosphere.
   - The use of purple enhances the fantastical theme associated with the story.

3. **Additional Text**: 
   - Beneath the main title, the text ""EHS Spring Musical 2025"" is included. This text is smaller and displayed in a bright yellow, mirroring the color of the title, providing a cohesive look.

4. **Visual Elements**: 
   - The overall composition is lively and attention-grabbing, characteristic of a theatrical promotional piece. 
   - There is a sense of movement and joy, echoing the whimsical and imaginative spirit of the original story by Roald Dahl.

This design effectively captures the essence of an engaging and fun school production."
GRXS-312C3619.jpg,"The image features a vibrant and stylized yellow cowboy hat, depicted in a bold and playful manner. The hat has a wide brim and a rounded crown, showcasing its classic cowboy design. A distinctive graphic element is added with a bright red logo or emblem on the front of the hat, which appears to feature a small character or symbol, possibly resembling a cowboy or an abstract design.

The hat is illustrated with clean lines and has some shaded areas that give it dimension, particularly around the brim and the crown. Below the hat, there is a whimsical typographic element that reads ""Par for the Course"" in a flowing, cursive font. The text is in a soft white color that contrasts with the hat, enhancing its visibility.

The background of the image is a muted gray, which allows the bright colors of the hat and the text to stand out prominently. Overall, the design conveys a fun and playful theme, likely associated with a casual or outdoor event, possibly related to golf or country culture."
GRXS-3179D9EC.jpg,"The image features a logo for ""Crawford's Painting."" At the top, there is a stylized representation of a mountain range, depicted by two peaked triangles oriented upwards and connected by a curved black arc, suggesting a semi-circle, which could symbolize the sky. Below this mountain graphic, a colorful rainbow design emerges, presented as a series of vibrant, diagonal stripes. These stripes transition through various colors: red, orange, yellow, green, blue, and purple, symbolizing diversity and creativity.

The text ""CRAWFORD'S PAINTING"" is prominently displayed beneath the mountain and rainbow graphic. The font is bold and modern, using uppercase letters that convey strength and professionalism. Below the main name, a tagline reads ""PAINTING WITH EXPERIENCE AND INTEGRITY,"" which is in a slightly smaller size but retains the same boldness, emphasizing the company's commitment to quality service. 

Overall, the logo combines earthy and vibrant elements, which represent both the nature of painting and the values of the business."
GRXS-32111A53.jpg,"The image features a cartoonish character with a distressed expression, prominently displaying a combination of exaggerated features. The character has a round face with a broad forehead, small nostrils, and a wide, open mouth that conveys a sense of overwhelming emotion. Its eyes are squinted or closed tightly, with tears streaming down from them, rendered in a vibrant aqua blue.

The hairstyle is distinctive, characterized by slicked-back, shiny black hair with streaks of blonde. The hair has a slightly glossy finish, enhancing its stylistic appearance. 

Surrounding the character is a circular layout that features a light pink background, contrasting nicely with the darker colors of the face. Above and below the character, there are playful, bold letters in black that read: ""I GOT TATTOOED AT EMERALD TABLET"" at the top and ""I ONLY CRIED A LITTLE” at the bottom. The font is somewhat whimsical, adding to the lighthearted tone of the image. 

Overall, the composition combines humor and a bit of irony, showcasing the character's dramatic reaction in a playful manner."
GRXS-32D82E81.jpg,"The image features a logo, prominently displaying the head of a bear, which is illustrated in a bold, graphic style. The bear's face is shown in a frontal view, with a fierce expression; its mouth is open, revealing sharp teeth, conveying a sense of strength and determination. The bear's fur is depicted using strong, sweeping lines that suggest texture and movement.

Surrounding the bear's head is circular text that reads ""SAN LUIS OBISPO CLASSICAL ACADEMY,"" with letters spaced evenly around the top half of the circle. The font is simple, bold, and clear, enhancing the logo's overall impact. At the bottom of the circle, the abbreviation ""CAJCL"" is displayed, likely representing a specific program or organization within the academy.

Flanking the text, there are decorative elements, such as a small branch or vine with leaves, which adds a touch of sophistication and a natural element to the design. The entire logo is monochromatic, utilizing a stark black and white contrast that makes it visually striking and easy to reproduce across various formats. Overall, the design effectively communicates a sense of identity and pride associated with the institution it represents."
GRXS-32DF7212.jpg,"The image features a logo consisting of the word ""MEDPAC"" prominently displayed. The logo employs a bold and modern font, rendered in a bright orange color that stands out against a white background. The letters of ""MEDPAC"" are all capitalized, with a distinctive visual treatment to the letters ""M,"" ""D,"" and ""C"" which are more angular, while the letters ""E"" and ""P"" have smoother curves.

A vertical line vertically intersects through the letters, specifically dividing the ""E"" and ""D"" from the ""P"" and ""A,"" creating a sense of organization and balance. The overall design is sleek and professional, suggesting a focus on healthcare or medical themes, likely intended for branding purposes.

The white space not only helps the orange letters pop but also contributes to a clean and contemporary aesthetic, making the logo easily recognizable and memorable."
GRXS-330DA128.jpg,"The image features a logo for a company named ""Eminent Pools Inc."" The text is prominently displayed in a bold, uppercase font. The word ""Eminent"" is positioned at the top, and ""POOLS INC"" is shown beneath it, with ""POOLS"" being slightly larger and more emphasized.

In the center of the logo, there is a stylized image of a swimming pool, represented in a deep blue color. The pool is outlined with a wave-like form and has a small diving board, indicated by a figure resembling a person diving in. This gives a playful touch to the design.

Beneath the main logo, there is a tagline: ""POOL AND SPAS, DONE EXCEPTIONALLY WELL,"" written in a smaller font. The overall color scheme primarily features shades of blue, conveying a sense of tranquility and connection to water. The logo has a clean and professional appearance, appropriate for a business focusing on pools and spas."
GRXS-33BDDBC7.jpg,"The image features a circular design with the text ""INTRAMURAL CHAMPIONS"" arranged along the top arc. The letters are bold and slightly tilted, creating a dynamic visual effect. The color of the text is a muted gray. Below this arc, there is a prominent yellow number ""2025"" displayed in a larger, bolder font, situated at the bottom center of the design. In the background, there is a faint shadow or text that reads ""-D-H-CROSSFIT MEP,"" which is less emphasized compared to the main title and year. The overall aesthetic gives a sporty vibe, likely meant for a championship event. The background is white, ensuring the text stands out clearly."
GRXS-33FF5829.jpg,"The image features a logo representing a chess club, specifically titled ""UHS CHESS CLUB."" 

1. **Shield Shape**: The main element of the logo is a shield, divided into two sections. The left side is colored white, while the right side is colored a deep navy blue.

2. **Chess Piece**: On the white section, there is a prominent image of a chess pawn, depicted in a stylized manner. The pawn is colored white with a subtle shading to give it depth.

3. **Crossed Swords**: Behind the shield, two crossed swords are visible, rendered in solid black. The swords’ design adds a sense of strength and strategy, which aligns well with the theme of chess.

4. **Gold Accents**: At the top of the shield, there are two triangular gold shapes that resemble a crown or wings, giving the logo a regal touch.

5. **Text**: Below the shield, the words ""UHS CHESS CLUB"" are written in a clear and bold serif font. The text is navy blue, maintaining consistency with the color scheme of the logo. The word ""CLUB"" is positioned directly below ""UHS CHESS,"" creating a balanced visual effect.

Overall, the logo effectively combines elements of chess symbolism with bold colors, creating a distinctive representation for the chess club."
GRXS-3416DFA2.jpg,"The image features a stylish logo for an eatery named ""Purslane."" The text is composed in a soft, elegant serif font, with the word ""Purslane"" prominently displayed at the top. The letters are a light beige color, creating a warm and inviting feel. Below ""Purslane,"" the word ""EATERY"" is rendered in a slightly bolder style, also in beige, providing a clear and direct indication of the establishment's purpose.

Flanking the text at the bottom are decorative floral elements. These illustrations appear to be a combination of stylized flowers and leaves, drawn in the same beige hue. The flowers are simple yet charming, adding an organic touch to the design that complements the eatery's name. The overall design conveys a sense of comfort and sophistication, suggesting a welcoming atmosphere for diners. The use of a minimal color palette further enhances its elegance."
GRXS-349B59D1.jpg,"The image features a stylized logo with the text ""GLASS WATER DETAILING."" The letters are rendered in a fluid, modern typography that emphasizes a sense of motion and cleanliness. The color scheme consists of a light blue hue, which evokes feelings of clarity and freshness, reminiscent of water.

The design includes a graphic element that resembles splashes of water, adding dynamic visual interest. The water effects appear to drip and flow around the letters, enhancing the theme of detailing and cleanliness associated with glass. The overall composition conveys a professional yet approachable feel, suitable for a business focused on car or property detailing services. The design is likely intended to be eye-catching and memorable, contributing to effective brand recognition."
GRXS-34F98735.jpg,"The image depicts an emblem associated with the United States Coast Guard, specifically for the Intelligence Specialist ""A"" School. 

### Key Elements:

1. **Overall Shape**: The emblem is circular in design, featuring a bold, red border that emphasizes the central imagery.

2. **Text**: 
   - The words ""UNITED STATES COAST GUARD"" arc along the top of the emblem in a prominent font.
   - The phrase ""INTELLIGENCE SPECIALIST 'A' SCHOOL"" is displayed at the bottom in a similar bold style, reinforcing the educational focus of the program.
   - The Latin phrase ""INTEGRITAS SUPREMUS TOTUS"" is positioned between the top and bottom text, hinting at a guiding principle or motto.

3. **Center Imagery**:
   - At the center, there's a graphic representation of an eagle positioned with one wing raised.
   - The eagle is depicted in a stark white silhouette, emphasizing its importance and symbolizing vigilance and strength.
   - Below the eagle, there is a stylized map that outlines countries in the relevant area, colored in red. This map likely represents the regions the Coast Guard monitors or operates within.

4. **Additional Symbols**: 
   - A shield is located on the left side of the emblem. It features stripes and stars, showcasing the national colors and emblematic motifs.
   - Below the shield, there is a depiction of a pair of wings or a jet aircraft, indicative of military operations and air support.

5. **Binary Code**: Surrounding the central elements, there's a strip of binary code, adding a modern, technical touch which aligns with intelligence and data analysis roles.

The overall color scheme emphasizes red and white, evoking a sense of patriotism and connection to national service. The design is intricate but displays an organized balance, reinforcing the professionalism and seriousness of the Coast Guard's intelligence training."
GRXS-3545F656.jpg,"The image features a clean, white background that contrasts sharply with prominent red and black text. 

At the top, the word ""VITAS"" is displayed in large, bold letters, suggesting it is the name of an organization. Below that, ""Healthcare"" is presented in a slightly smaller font, still maintaining a substantial appearance.

On the left side, a stylized red heart icon features a white checkmark inside it. This heart symbol is representative of health and care, reinforcing the image's theme centered around medical services.

Below the heart, the text reads ""American Heart Association® Certified Care™"" in red, which indicates an accreditation or endorsement by a recognized medical authority.

The next line outlines specific services: ""Palliative/Hospice Heart Failure,"" detailing the type of care provided. The layout is organized and professional, aimed at conveying trust and authority in health care services."
GRXS-3658718F.jpg,"The image features a design symbolic of a veteran organization, prominently displaying an eagle, which is typically associated with strength and freedom. The eagle is depicted in mid-flight, its wings spread wide, suggesting both power and a sense of vigilance. 

Behind the eagle, there is a graphic representation of a chain-link fence, adding a theme of captivity or restriction, which contrasts with the eagle’s freedom. Positioned centrally, there's a sign that reads ""CHAPTER 1 ARKANSAS,"" indicating a specific local chapter of the organization.

At the bottom of the image, there are banners with the acronyms ""POW"" (Prisoner of War) and ""MIA"" (Missing in Action) placed on either side of the phrase ""WE WILL NEVER FORGET."" This text emphasizes remembrance and respect for those who have served, alluding to the core values of the group.

The overall color palette is muted, primarily using shades of gray, which may evoke a somber tone, enhancing the message of remembrance and honor. The entire design is framed to create a cohesive look, embodying the organization's commitment to veterans and their sacrifices."
GRXS-36C2C6BE.jpg,"The image features a vibrant, stylized skyline of a city, characterized by a modern, flat design aesthetic. The buildings are represented in a variety of bright colors, creating a lively and cheerful atmosphere. 

On the left, there's a pink building with a distinctive triangular apex, followed by taller, orange and yellow structures with varied patterns and textures. The central building, depicted in green, has a broad base and multiple horizontal bands, topped with a flag that features rainbow stripes, symbolizing inclusivity. 

To the right, there are dark blue and turquoise buildings, one of which has a unique detached architectural feature resembling a tower. Another building showcases a narrow spire, rendered in a soft purple hue.

In the foreground, small, rounded trees provide a touch of greenery, enhancing the overall liveliness of the scene. At the bottom of the image, the name ""Crofoot"" is prominently displayed in a playful font, colored in shades of pink, orange, and light blue, alongside ""MD"" in blue, indicating a medical context. 

A horizontal rainbow stripe runs beneath the text, integrating the themes of diversity and health, unifying the elements into a coherent, visually engaging composition."
GRXS-36FFB06E.jpg,"The image features a stylized logo of a bear, specifically a Kodiak bear, which is depicted in a striking blue color. The bear's head is shown in profile, with an aggressive expression characterized by a bared set of sharp teeth and intense eyes. Its ears are rounded and perked up, adding to its fierce demeanor.

The bear appears to be emerging from a dynamic swirl of blue and black tones, enhancing the impression of motion. The claws are prominently displayed, emphasizing its strength and ferocity, with the black contrast making them stand out.

Beneath the bear, the word ""KODIAKS"" is boldly inscribed in large, angular letters. The text is in a light blue hue, outlined with a darker shade, creating a three-dimensional effect. The overall design is modern and aggressive, suitable for a sports team mascot or logo, reflecting themes of power and tenacity. The background is simple, ensuring the bear and text are the central focus of the design."
GRXS-3710C9AB.jpg,"The image features a playful and colorful design, primarily in a warm beige palette. 

At the center, the letters ""D65"" are illustrated in a bold, rounded style, giving them a soft, inflated appearance, reminiscent of cartoonish bubble letters. The numbers and letters are interconnected, with some sections featuring small shine marks that create a glossy effect, enhancing their playful vibe.

Below the ""D65,"" the text reads ""DCON 2025"" in a slightly different font that is more straightforward but still retains a casual feel. The letters are also in beige, maintaining consistency with the rest of the design.

Accompanying the text is a whimsical illustration of a turtle that appears to be holding a vinyl record, with musical notes and various geometric shapes scattered around it. The turtle has a stylized shell that features a segmented pattern, and there are lines indicating a sense of movement, suggesting a fun, lively theme associated with music or a festival.

Overall, the design combines elements of fun and creativity, signaling an event likely related to arts or music, specifically targeting a younger audience."
GRXS-3761D855.jpg,"The image features the text ""THE TEXTURES"" prominently displayed in a stylized font. The lettering is bold and playful, with a retro aesthetic that evokes a feeling of fun and creativity. The letters exhibit varying widths and curves, giving them a dynamic, flowing appearance.

The color scheme is predominantly deep blue with white accents. This contrast enhances visibility and adds depth to the design. Behind the text, there is an illustrative element resembling a rocket ship, which is depicted launching into space. The rocket is designed with a sleek aesthetic, featuring fins and flames to indicate motion, suggesting excitement and exploration.

Surrounding the rocket are several stylized stars, enhancing the cosmic theme. These stars are scattered throughout the background, contributing a sense of whimsy and a celestial vibe.

Overall, the composition combines playful typography with dynamic imagery to convey a feeling of adventure and creativity, ideal for representing a brand or project associated with fun, art, or exploration."
GRXS-3781D0E8.jpg,"The image features a whimsical illustration of a soft-serve ice cream cone. The ice cream is swirled in vibrant hues of orange and yellow, creating a visually appealing pattern with a glossy finish. At the very top of the ice cream swirl sits a shiny red cherry, adding a pop of color.

Beneath the ice cream is a classic waffle cone that is a light beige color, textured with a crisscross pattern characteristic of a waffle cone design. On the cone, there is a label that reads ""CREAM TEAM"" in a playful, handwritten font. The overall aesthetic of the illustration is fun and cheerful, evoking a sense of nostalgia and enjoyment typically associated with ice cream. The background is predominantly white, which helps the ice cream cone stand out prominently."
GRXS-3791DDBF.jpg,"The image features a playful and humorous logo design. 

1. **Text Elements**: 
   - The word ""Belly"" is written in a bold, black font that conveys strength and visibility. It curves gently into the letter ""P"" of the next word, ""Pans."" This word is stylized in a bright, vibrant blue with a flowing script, contrasting sharply with ""Belly.""

2. **Graphic Element**:
   - Prominently featured is a silhouette of a chubby figure, portrayed in a playful pose as they lean against a vertical pole. This figure sports a small cap and appears to be enjoying a lighthearted moment, emphasizing a sense of fun and whimsy.

3. **Secondary Text**:
   - Underneath the primary logo, there is a smaller and more mechanical-looking font that reads ""Vasko Speed & Performance."" This text is in deep red and black, accompanied by a graphic of a turbocharger, which adds a dynamic element suggesting automotive performance.

4. **Overall Composition**:
   - The background is plain white, allowing the colors of the text and graphics to stand out prominently. The logo has a lighthearted and humorous tone, combining elements of personal charm with a nod to automotive culture. The combination of playful imagery and automotive references suggests a business that likely blends entertainment with a focus on vehicle performance."
GRXS-37F62DC8.jpg,"The image features a stylized logo consisting of a bold, uppercase letter ""R"" in a vibrant red color. The letter is designed with strong lines and a prominent structure. 

Integrated into the top right section of the ""R"" is a depiction of a silhouette that represents a head, likely with a ponytail or stylized hair, colored in a darker gray. This silhouette adds an artistic element to the logo, suggesting movement or dynamism.

The background is clean and white, providing contrast with the red ""R"" and the gray silhouette, allowing both elements to stand out distinctly. The overall design combines simplicity with a lively flair, making it visually compelling."
GRXS-381FAEDB.jpg,"The image features a stylized illustration representing Brigham Young University, specifically focusing on the sociology department. 

In the center, there is a prominent building characterized by large glass windows and a modern architectural design. The building appears to have multiple stories, with a structured façade that showcases symmetry and a contemporary aesthetic. To the left of the main building, an adjacent structure has a more traditional design, featuring rounded arches along its base.

Surrounding the building is a landscaped area featuring a geometric garden layout. The garden has several pathways that intersect, creating a hexagonal pattern. Small trees are positioned in the garden, providing a touch of greenery, while a couple of rounded shapes, possibly representing water features or artistic sculptures, can be seen within the garden space.

At the top of the illustration, the name “Brigham Young University” is written in an elegant, arching font, contributing to the academic feel of the design. Below the garden area, the word “SOCIOLOGY” is prominently displayed in bold, stylized letters, further emphasizing the focus of the artwork.

The overall color scheme is simple and monochromatic, predominantly using blue outlines on a white background, giving it a clean and minimalist look."
GRXS-38629C83.jpg,"The image features a graphic design primarily showcasing the title of a theatrical production. The words ""Sweeney Todd"" are prominently displayed in a bold, stylized font that conveys an edgy and dramatic feel, with the letters being a vibrant red color. 

Below the title, in a slightly more subdued but still bold font, the text reads ""SCHOOL EDITION,"" indicating that this version of the production is adapted for a school setting. The additional text, ""THE DEMON BARBER OF FLEET STREET,"" is presented in a clear, clean font and arches above the main title, reinforcing the theatrical theme. 

Finally, at the bottom of the image, the phrase ""A MUSICAL THRILLER"" is also prominently displayed, telling viewers about the genre of the performance. The overall layout is structured within a white background, which makes the red text stand out vividly, enhancing the visual impact of the design."
GRXS-38A9B7CE.jpg,"The image features a stylized logo predominantly in green. The central figure represents a muscular silhouette of a person flexing their arms to showcase strength. This figure is comprised of a rounded head atop broad shoulders, with each arm forming a bicep curl. The body's outline emphasizes a dynamic and powerful stance.

In the foreground, the letters ""GPC"" are prominently displayed in white, arranged in a bold, modern font that slightly overlaps with the figure. The overall shape of the logo resembles a shield or emblem, contributing to the theme of fitness and strength. The use of a single color palette gives the design a clean and cohesive look. The background is white, enhancing the vibrancy of the green figure and text. Overall, the logo conveys a sense of empowerment and vitality, making it suitable for a fitness or sports-related entity."
GRXS-39363AF5.jpg,"The image features a logo for ""Nationwide Parking Services,"" rendered in a bold, modern style. The main component of the logo is the text ""NATIONWIDE,"" which appears in uppercase letters and is designed with a strong, geometric typeface. The characters are thick and slightly condensed, giving a sense of stability and authority.

The logo also includes a stylized representation of the letters ""N"" and ""W,"" placed prominently above the text. The ""N"" is formed from two pillars that are connected by diagonal lines, while the ""W"" has a clean and angular design, reinforcing the modern aesthetic. 

Beneath the main text, the words ""PARKING SERVICES"" are displayed in a smaller, yet still prominent font, maintaining the same bold style. This part of the logo emphasizes the company's service focus. 

At the bottom, the text ""EST. 1992"" indicates the establishment year and adds a touch of heritage to the brand.

The overall color scheme is monochrome, primarily in black, which gives the logo a sleek and professional appearance, suitable for a service-oriented business. The clean lines and modern font choices contribute to a sense of efficiency and reliability in their offerings."
GRXS-3AA44EFA.jpg,"The image depicts a symbolic emblem primarily designed in a bold yellow color against a white background, featuring a combination of military and symbolic elements. 

At the center of the emblem is a triangular shape that is split into three sections labeled ""B,"" ""S,"" and ""C."" The letter ""B"" is positioned at the top point of the triangle, while ""S"" is located on the left side, and ""C"" on the right.

Inside the triangle, there is a stylized representation of a cloud resembling an explosion, prominently featuring a dark, inverted spade shape at its core, symbolizing a theme possibly related to intelligence or strategy.

Flanking the triangle, there are two significant objects: on the left, a sword that appears ready for use, and on the right, an arrow, indicating precision and direction. At the bottom of the triangle, there is a horizontal banner that reads ""1st INTEL BN,"" which likely refers to a designation within a military unit.

Below this banner, a trident silhouette is present, symbolizing strength and versatility. A curved banner below the trident displays the acronyms ""IMIG"" and ""IMEF,"" suggesting a connection to military operations or units.

Overall, the emblem combines elements of warfare, intelligence, and camaraderie, creating a bold and meaningful representation likely intended for a military context."
GRXS-3B37486A.jpg,"The image features a beautifully illustrated landscape scene centered around a vibrant sunset. The foreground showcases a figure of a backpacker, standing with their back to the viewer. This person wears a cap and a casual outfit, with a backpack slung over their shoulders, evoking a sense of adventure and exploration.

Surrounding the figure is a mix of trees, which include tall pines and other stylized flora, creating a natural frame. The background consists of rolling mountains that reflect warm hues of red, orange, and yellow, suggesting a twilight sky. Fluffy clouds are scattered across the sky, and birds are depicted flying in silhouette, adding life to the scene.

Above this stunning landscape, the word ""ROCKBRIDGE"" is prominently displayed in bold, colorful letters. The letters are in a retro-styled font, with the colors varying from teal to orange, enhancing the overall whimsical and adventurous vibe of the image. The entire composition beautifully merges the themes of nature, exploration, and the beauty of the outdoors."
GRXS-3B501AD6.jpg,"The image features a stylized graphic design centered around a bee theme, likely representing a school mascot or sports team. 

1. **Background**: The background is solid black, which provides contrast to the elements in the foreground.

2. **Hexagonal Pattern**: Prominently displayed in the center are several hexagonal shapes, typical of honeycomb, outlined in yellow. These hexagons vary in size and are arranged in a way that draws the eye toward the center of the composition.

3. **Letter ‘B’**: At the heart of the image, a large letter ‘B’ is depicted. The letter is composed of two colors: a golden brown (reminiscent of honey) for the outer part of the letter and a vibrant green for the interior portion, symbolizing life and nature.

4. **Bee Characters**: Flanking the letter ‘B’ are two cartoonish bee characters. Each bee is illustrated in a dynamic pose, suggesting they are in motion or taking action. These bees are primarily yellow and brown with wings illustrated in white, and they wear a small jersey-like outfit that features the letter ‘B’ on a green background, representing the team or institution.

5. **Text**: At the bottom of the image, the phrase “ALWAYS A YELLOWJACKET” is displayed in a bold, white font that contrasts against the black background, adding a strong statement to the overall design.

The combination of elements creates a vibrant and spirited representation, likely intended to instill pride and team spirit."
GRXS-3B9921D9.jpg,"The image depicts a logo celebrating a milestone, featuring a stylized illustration of a cheerful man with a vintage appearance, reminiscent of mid-20th century advertising. He has neatly combed dark hair and a wide smile, indicating enthusiasm and positivity. His attire includes a classic suit with a tie, and he is giving a thumbs-up gesture with his right hand.

Surrounding the man is a circular design, predominantly colored in warm shades of orange and yellow. The background behind the man's image is designed with jagged edges, resembling a sunburst, which adds a dynamic and festive aspect to the logo.

Above the figure, the word ""CHICAGO"" is prominently displayed in bold, green letters, indicating the location related to the event being celebrated. Below, ""2025"" is shown in a bright yellow, highlighting the year. The phrase ""10 Years"" is written in a flowing, cursive, golden font, emphasizing the significant anniversary being acknowledged.

In addition, the initials ""BGWD"" are arranged in a prominent position within the circular design, enhancing its branding element. The overall color palette includes vibrant hues that evoke a sense of celebration and joy. The design elements together create a memorable logo that likely represents a special event or anniversary in Chicago in 2025."
GRXS-3BBB2A5A.jpg,"The image features a logo for ""Mr. G's Old Fashioned Ice Cream."" The design is circular and prominently showcases a soft serve ice cream cone on the right side. 

1. **Color Scheme**: The logo uses a palette of warm brown tones, soft cream, and light blue-gray.
  
2. **Font and Text**:
   - The top part of the logo reads ""Mr. G's"" in a bold, playful font.
   - ""Old Fashioned"" is placed underneath in a smaller, more traditional blue font.
   - The words ""ICE CREAM"" are highlighted in a large, bold red font, emphasizing the main product.
   - At the bottom, ""Home Made & Soft Serve"" is written in a simpler font, indicating the types of ice cream offered.

3. **Background and Design**: 
   - The background features light, striped patterns creating a vintage feel.
   - The entire logo is enclosed within an oval outline in blue, which helps to frame the text and image, giving it a polished look.

Overall, the logo conveys a classic, nostalgic vibe, suitable for an ice cream shop that prides itself on traditional recipes and homemade products."
GRXS-3C5D03E0.jpg,"The image features a bold, graphic design promoting ""St. Al's Annual Pancake Breakfast."" At the top, the text ""ST. AL'S ANNUAL"" is displayed in large, uppercase letters with a vibrant black outline, giving it a striking appearance. Below that, the word ""PANCAKE"" is structured similarly, maintaining the bold and playful font style.

In the center, there is a cartoon-style illustration of a stack of pancakes. The pancakes are golden brown, slightly uneven, implying they are homemade, and they are drizzled with syrup, which is depicted as a glossy, brown liquid cascading down the sides. Topped on the stack is a pat of butter, which appears to be melting slightly, creating a visually enticing effect.

The background of the image is plain white, ensuring that the text and pancake illustration stand out prominently. The overall feel of the design is cheerful and inviting, hinting at a fun community event centered around food."
GRXS-3D48D02D.jpg,"The image features a circular logo predominantly in black and white. 

- At the top of the circle, the text ""Life Tabernacle"" is displayed in uppercase letters, slightly arched to follow the curve of the circle.
- The main focus is the word ""Revive,"" which is positioned centrally and written in a playful, bold, and slightly tilted cursive font, suggesting energy and movement. The 'R' and 'v' are particularly emphasized, adding a dynamic touch.
- Below ""Revive,"" the number ""25"" is prominent and stylized, possibly indicating an anniversary or milestone, and is placed within or near the central design of the word.
- Along the bottom curve of the circle, the text ""Celebrate Recovery"" appears in a more straightforward font, also in uppercase letters, contributing to the overall message of hope and renewal.
- The entire logo is designed to convey a sense of community and support, likely associated with recovery programs or spiritual revitalization. The black and white color scheme adds a clean and modern aesthetic to the design."
GRXS-3D5CA814.jpg,"The image features a bold outline of the state of Texas, depicted in a stylized manner. Inside the outline, the prominent text ""Lone Star Online Academy"" is artistically arranged, with ""Lone"" and ""Star"" flowing in a fluid, handwritten style. The initials ""LSOA"" are displayed prominently, with ""Online"" written smaller and more delicately in between the letters.

Above the text, ""Roscoe ISD"" appears in a more formal typeface, possibly indicating the educational institution associated with the academy. A small blue star icon is located near ""Roscoe ISD,"" adding a pop of color and emphasizing the Texas ""Lone Star"" theme.

At the bottom right corner, there's a creatively designed star shape outlined in red and blue, with the word ""Stars"" inscribed in a playful, cursive script, suggesting a mascot or theme for the academy.

The background remains white, which enhances the artistic elements and makes the colors and text stand out, providing a clean and professional look that is suitable for an educational theme."
GRXS-3D8AB508.jpg,"The image features a cartoon character that resembles a anthropomorphic lion or panther, standing in an athletic pose as if about to hit a golf ball. This character has a bright yellow coat with a playful expression, showcasing green eyes and a prominent smile that gives it a friendly appearance.

The character wears a blue and yellow plaid shirt with the word ""Pitt"" prominently displayed across its midsection in yellow text. The shirt adds a sporty yet casual vibe. The arms are muscular, indicating strength, and one arm is raised high, gripping a golf club that extends diagonally across the image.

The legs of the character are clad in solid yellow, tapering down to its shoes, which feature a checked pattern in blue and white. The character's shoes are notably stylish, adding an additional layer of flair to its golf attire. Overall, the illustration has a vibrant color palette, primarily of yellow and blue, and conveys an energetic, sporty feel, likely meant to represent a school mascot or athletic team spirit. The background is plain, allowing the character to stand out prominently."
GRXS-3E0C5E01.jpg,"The image features the logo of ""Nothing Bundt Cakes,"" which is presented in a simple yet elegant design. 

- **Typography**: The text is primarily in a bold, sans-serif font for the words ""NOTHING"" and ""CAKES,"" which are rendered in a dark brown color. The word ""bundt"" is written in a more stylized, script-like font, lending a playful and inviting tone to the logo. 

- **Layout**: The words are arranged in a slight arch, creating a rounded effect. The letter ""u"" in ""bundt"" has a decorative flourish, adding a charming touch to the branding.

- **Border Design**: Surrounding the text is a dotted outline that resembles stitching, giving the impression of a crafted or homemade feel. This design element enhances the warmth and friendliness associated with baked goods.

- **Trademark Symbol**: A small registered trademark symbol (®) is placed after the word ""CAKES,"" indicating the brand's registered status.

Overall, the logo conveys a sense of warmth and indulgence, reflecting the essence of the cakes offered by the brand."
GRXS-3E424314.jpg,"The image features a large, bold, stylized letter ""E"" formed from a collage of small, yellow icons related to science and academics. These icons include a wide array of scientific and educational symbols, such as:

- Microscope
- Beaker
- Test tube
- DNA helix
- Chemical formulas
- Balances
- Globes
- Mathematical symbols
- Light bulbs
- Gears

The background is white, which creates a stark contrast against the bright yellow symbols, making them stand out. 

Below the large ""E,"" the text reads ""EAST GRAND RAPIDS"" at the top in uppercase, bold yellow lettering, followed by ""SCIENCE OLYMPIAD"" at the bottom, also in uppercase and bold. The entire design is centered and has an academic theme, highlighting a focus on science and education, likely for an event or organization related to science competitions. The overall composition is energetic and visually appealing, emphasizing creativity in the field of science."
GRXS-3E4DD86E.jpg,"The image features a design for an event labeled ""SPRING RETREAT."" At the top, there is a circular emblem with the letters ""RCF"" in a contrasting dark color against a light blue background.

Below the emblem, the words ""SPRING RETREAT"" are displayed prominently in large, bold, and slightly distressed typography, which adds a casual and inviting feel. The text is colored dark blue to stand out against the white background.

The design is complemented by stylized wave-like shapes in varying shades of light blue, suggesting themes of freshness, nature, and movement. These flowing lines create a dynamic visual effect, enhancing the overall theme of rejuvenation typically associated with spring. The use of clean lines and soft colors contributes to a cheerful and uplifting aesthetic."
GRXS-3E5AA8F0.jpg,"The image features a minimalist logo design consisting of the word ""YARD"" stylized in a modern, geometric font. The letters are rendered in a light gray hue against a white background, creating a contrast that emphasizes simplicity and elegance. 

The letter ""Y"" has a triangular shape at its base, resembling an upward-pointing triangle, while the ""A"" is formed to include a square cutout in the center, which adds a distinctive element to the overall design. The letters ""R"" and ""D"" are straightforward and complement the geometric theme introduced by the ""Y"" and ""A."" 

Overall, the design conveys a contemporary look that could suggest themes of precision, structure, or outdoor spaces, fitting for a brand that values minimalistic aesthetics."
GRXS-3E666BAD.jpg,"The image features the stylized text ""FosterEd,"" crafted in a vibrant and educational theme. 

- **Letter ""F""**: Formed by a blue ruler, with measurement markings visible along its edge, giving a school-related feel.
  
- **Letter ""o""**: This letter takes on a red apple shape, a common symbol of education and teaching.

- **Letter ""s""**: This letter resembles a cartoonish worm, colored in green and blue, perhaps symbolizing learning and exploration in nature.

- **Letter ""t""**: Styled as a yellow pencil, with a pointed tip and an eraser, further emphasizing the educational theme.

- **Letter ""e""**: Designed with a playful pattern featuring children, depicted in bright colors, engaging in various activities, possibly representing diversity in learning.

- **Letter ""d""**: This letter is accentuated by a textured yellow design, resembling a block or building material, perhaps reinforcing a foundation theme in education.

Above the word, a cheerful cartoon bee is illustrated, wearing glasses and reading a book, symbolizing knowledge and curiosity, adding a whimsical touch to the overall design.

The color palette includes reds, yellows, blues, and greens, creating a lively and inviting vibe, suitable for an educational or child-focused program."
GRXS-3E8C514B.jpg,"The image is a logo representing ""Samuel Ogle Kid Wind Middle School."" 

### Elements of the Design:
1. **Wind Turbine**: 
   - The central feature is a stylized wind turbine with three blades. The turbine is depicted in black, with curved lines radiating outward, suggesting movement or energy generation.

2. **Circular Emblem**: 
   - At the center of the turbine is a circular emblem. This emblem incorporates several elements:
     - **Buildings**: There are illustrations of buildings, likely representing a cityscape or community setting.
     - **Solar Panels**: One section shows solar panels, emphasizing renewable energy.
     - **Maryland Colors**: The background of the circle includes the Maryland state flag design with its distinctive black and yellow checkerboard pattern, and a red and white striped design.

3. **Sun**: 
   - A bright yellow sun is depicted in the background, contributing to the theme of energy and sustainability.

4. **Text**: 
   - The name ""SAMUEL OGLE"" is displayed at the top in bold, uppercase letters, primarily black.
   - ""KID WIND"" is centrally positioned beneath, with ""KID"" in black and ""WIND"" in a vibrant red, creating contrast.
   - ""MIDDLE SCHOOL"" is presented at the bottom in a larger, bold black font.

### Color Scheme:
- The logo uses a vibrant and dynamic color palette, prominently featuring black, red, yellow, and green hues, aligning with themes of education and renewable energy.

### Overall Impression:
The logo communicates themes of sustainability, education, and community involvement, making it well-suited for a middle school focused on environmental awareness and renewable energy initiatives."
GRXS-3EA75D84.jpg,"The image features a minimalist design predominantly in black and white. At the center, the text ""LVIS DRAMA CLUB"" is displayed in bold, playful font, creating a sense of fun. Below this, the number ""2025"" is prominently featured, suggesting a focus on the upcoming year.

Adorning the text, there are whimsical, irregular shapes mimicking cow spots, which add a thematic element related to the concept of drama or playfulness. These black patches are scattered throughout the image, giving it a lively and dynamic feel. The overall composition is balanced, combining simplicity with an engaging visual theme tied to the drama club's identity."
GRXS-3EFF9695.jpg,"The image features a logo for ""Timber Creek Landscaping."" It is designed in an oval shape with a vibrant green background that conveys a sense of nature and vitality. 

At the top of the logo, the words ""TIMBER CREEK"" are displayed prominently in bold, white capital letters, using a sturdy, serif font that reflects a rugged, outdoor aesthetic. Beneath it, the word ""LANDSCAPING"" appears in a similar style, also in white and slightly smaller, ensuring clarity.

To the left, a stylized white silhouette of a tree with a bushy top is included, enhancing the natural theme. On the right side of the design, there are smooth, rounded mountain shapes rendered in white, which further emphasize the landscaping focus.

A winding blue river flows beneath the mountains, adding a dynamic element to the composition. This river curves gently, suggesting movement and creating a sense of tranquility. 

Lastly, the entire logo is outlined in a dark brown circular border, providing contrast and framing the elements within, which collectively represent the company’s dedication to natural landscaping."
GRXS-3F8EE2AB.jpg,"This image appears to be a logo or graphic design featuring a tropical theme related to swimming. 

1. **Background**: The backdrop consists of a circular sun setting, transitioning through a gradient of colors that includes vibrant yellows, oranges, and reds, evoking a warm, sunset atmosphere.

2. **Silhouettes**: In the foreground, there are several black silhouettes:
   - **Palm Trees**: Two prominent palm trees are positioned on the left side, their fronds fanning out, adding to the tropical feel.
   - **Birds**: Above the sun, a group of birds can be seen in flight, depicted in a simplified manner, contributing to the serene tropical vibe.

3. **Swimming Figure**: To the right, a swimmer is illustrated in a dynamic pose, representing motion and activity. The swimmer is streamlined against a wave-like shape that flows horizontally across the image.

4. **Text**: The text ""IRVINE BOYS SWIM"" is placed at the top in a bold, playful font, with a slight curve to fit the shape of the sun. The bottom part includes the words “HAWAII 2025” in a large, bold font, suggesting an event or competition scheduled for that year.

Overall, the image combines elements of nature with sport, conveying a sense of adventure and excitement associated with swimming in a tropical location."
GRXS-3FBE9D48.jpg,"The image features a stylized depiction of a phoenix, a mythological bird known for its association with fire and rebirth. The phoenix is illustrated in a rich, deep shade of burgundy. Its wings are outstretched dramatically, showcasing a strong, upward motion with elongated feathers that taper at the ends. 

The head of the phoenix is portrayed with a sharp expression, focused and slightly turned to one side, suggesting movement and poise. The beak is pointed, enhancing its fierce appearance, while the eyes are closed, adding an air of calm within the dynamic pose.

Flames rise around the base of the phoenix, crafted with flowing, wave-like shapes that mimic the motion of fire. The flames are also in a matching burgundy hue but may have a lighter gradient to suggest glowing embers or lighter heat. Overall, the design is both elegant and powerful, conveying the themes of strength and renewal often associated with the legendary creature. The clean lines and simplicity of the shape give it a modern and bold graphic quality."
GRXS-40DE2560.jpg,"The image consists of a logo featuring the word ""HINSHAW."" The design is minimalistic and modern, primarily utilizing a deep blue color scheme.

1. **Background**: The logo has a solid blue background, providing a strong contrast to the white elements.

2. **Logo Design**:
   - On the left side, there is a stylized letter ""H."" This letter is formed with geometric shapes: a square that is open on the right and two vertical rectangles extending downward to create the appearance of the letter ""H"". 
   - The ""H"" is a white color that stands out against the blue background.

3. **Text**:
   - To the right of the emblem, the text ""HINSHAW"" is displayed in uppercase letters. The font is bold and modern, enhancing readability.
   - The letters are also white, maintaining consistency with the logo's color palette.

4. **Overall Style**: The design is sleek and professional, suggesting an emphasis on clarity and contemporary aesthetics. The arrangement of the elements conveys a sense of stability and trustworthiness. 

This logo design would typically be used by a company or organization, likely in sectors like law, consulting, or finance, given the formal nature of its presentation."
GRXS-40E152C0.jpg,"The image features a stylized logo or badge design that represents ""Slickrock Off Road"" in Moab, Utah. The overall shape of the logo is a shield or patch with rounded edges.

1. **Background:**
   - The design includes a sun setting or rising in the background, indicated by rays emanating from it, giving a sense of light and warmth.
   - Below the sun, there are wavy lines that suggest the contours of the slick rock formations typical of the Moab area. These lines create a sense of movement, representing trails or pathways.

2. **Central Element:**
   - A tall, skinny cactus is prominently featured, symbolizing the desert environment of Utah. It has two arms extending out, characteristic of certain cactus species, and is located on the left side of the image.

3. **Text Elements:**
   - At the top, the words ""MOAB, UTAH"" are displayed in a bold, uppercase font, suggesting the geographic location.
   - The establishment year ""EST. 2016"" is placed in a smaller font, with a slight stylistic flourish around the ""EST."" to add visual interest.
   - The main title ""SLICKROCK"" is centered in a large, textured font that gives it a rugged and adventurous feel. It's likely designed to evoke the thrill of off-roading.
   - Below ""SLICKROCK,"" the phrase ""OFF ROAD"" is written in a smaller but similarly rugged font, reinforcing the adventurous theme.

4. **Design Elements:**
   - The entire design employs a simple black-and-white color scheme, enhancing its boldness and allowing for easy reproduction on various materials, such as stickers or apparel.
   - The outer border of the logo is jagged, resembling the gears or tires associated with off-road vehicles, further linking the design to the off-roading theme.

This logo effectively captures the adventurous spirit of off-roading in the striking landscape of Moab, emphasizing both the natural beauty and the thrill of the experience."
GRXS-41CF31B2.jpg,"The image features a logo that combines both graphic elements and text. 

1. **Graphic Element**: On the left side, there is a stylized depiction of the letter ""C"" that appears bold and black. It seems to be partially encircled by curved lines, suggesting movement or motion, possibly representing waves or connections.

2. **Text**: To the right of the graphic element, the words ""CHAMPIONS CLUB"" are prominently displayed in uppercase letters. The font is modern and sans-serif, contributing to a clean and contemporary appearance. 

3. **Additional Details**: Below the ""CHAMPIONS CLUB"" text, in a smaller font but also in uppercase, is the phrase ""COSTA RICA 2025,"" which indicates a specific location and year. The overall design emphasizes clarity and professionalism, with a monochromatic color scheme that adds sophistication.

The elements work together to convey a sense of achievement, unity, and future-oriented vision, particularly in the context of events or organizations related to sports or excellence."
GRXS-4208BC43.jpg,"The image features a bold graphic design set against a solid black background. At the center, the word ""THE"" is presented in all capital letters and is colored white. Below it, the word ""PICKLR"" is depicted in larger, more prominent white text, also in all capital letters. 

The overall design includes a stylized graphic element resembling the shape of a pickleball paddle, outlined in a bright turquoise color. The paddle's handle extends downward, creating a visual connection to the letters. The combination of the white text and turquoise outline contrasts sharply with the black background, giving the design a modern and dynamic feel. This logo likely represents a brand or entity related to pickleball, emphasizing clarity and visual appeal."
GRXS-4273F935.jpg,"The image features a logo designed for ""Le Bon Berger, Académie Canine."" The logo is primarily monochromatic, utilizing a black and white color scheme.

1. **Shape and Structure**: The logo is framed within a hexagon shape, emphasizing a structured and cohesive design.

2. **Graphic Element**: Inside the hexagon, there is a stylized silhouette of a dog's head, specifically resembling a German Shepherd. The dog's profile showcases distinct features such as pointed ears, a strong muzzle, and a confident expression. The lines forming the dog's head are bold and angular, contributing to a modern and dynamic look.

3. **Text**: Below the hexagon and the dog graphic, the text reads ""LE BON BERGER"" in a large, bold font. The words are evenly spaced and capitalize, contributing to a sense of professionalism. Below this, ""ACADÉMIE CANINE"" is presented in a slightly smaller font but maintains the same bold formatting, ensuring brand coherence.

Overall, the logo conveys a sense of authority, professionalism, and expertise in canine training, reflecting the mission of an academic institution devoted to dog education."
GRXS-43500949.jpg,"The image features a logo for ""JJ's Pool Service."" The design prominently displays the text ""JJ's"" in bold red letters, capturing attention immediately. Below this, the words ""POOL SERVICE"" are rendered in a larger, sky blue font, offering a striking contrast against the white background.

Incorporated into the design is a graphic element resembling a stylized pool, represented by a rounded oval shape with a thin, black outline. Inside this oval, there are gentle, light blue lines that suggest water ripples, enhancing the theme of pool maintenance. A minimalistic representation of a pool skimmer or cleaning device, illustrated with simple geometrical shapes in black, adds to the concept of pool service. Overall, the logo effectively communicates its purpose through a clean and professional aesthetic, suitable for a service-oriented business."
GRXS-45364255.jpg,"The image features a vibrant and playful design centered around the theme of children's activities. It prominently displays a large blue banner with the text ""PLAY-A-THON"" written in bold, white, block letters. Above the banner, there's the phrase ""MANDALA CHILDREN'S HOUSE,"" in smaller, white text, indicating that this is a promotional or event graphic.

Surrounding the banner are cheerful, cartoon-style illustrations of various insects and colorful shapes. The centerpiece includes a smiling, round character that appears to be a child, surrounded by whimsical elements such as:

- A pink dragonfly with outstretched wings,
- A ladybug with black spots,
- A pair of cute, smiling green caterpillars,
- A friendly, yellow bee with black stripes.

In addition to the insect characters, there are colorful, abstract shapes in various shades, including orange, blue, pink, and green, adding to the lively and fun aesthetic. The overall look is energetic and inviting, perfect for engaging children in playful activities. The background features a bright rainbow pattern that enhances the cheerful tone of the design."
GRXS-45D61EFE.jpg,"The image features a simplistic and playful design of a ghost character. The ghost is outlined in a vibrant blue color and has a friendly expression, characterized by small, round eyes and a smiling mouth. It appears to be holding a banner or sign with both hands.

The banner is also blue and has a wavy shape. It displays the words ""FACCHINI HOMEROOM,"" written in a casual, hand-drawn font. The letters are bold and vary in thickness, enhancing the informal and cheerful tone of the design. The overall look conveys a sense of whimsy and charm, making it appealing and approachable."
GRXS-46ADD4E8.jpg,"The image features a stylized logo for ""Mazzocca Bros. Furniture & Antiques."" The design incorporates elegant typography, with the text arranged diagonally. 

- The word ""MAZZOCCA"" is prominent and stands out due to its larger size, using bold, serif lettering that imparts a classic feel.
- ""BROS."" is smaller but retains the same design style, positioned to the right of ""MAZZOCCA.""
- Below these words, ""FURNITURE & ANTIQUES"" is presented in a more understated font, providing additional context about the business's offerings.
- The entire logo is rendered in a soft beige color that contrasts against a white background, giving it a vintage appearance.
- Decorative elements like flourishes and lines enhance the logo, contributing to its antique and artisanal vibe. The lines suggest a sense of craftsmanship and quality often associated with furniture and antique shops.

Overall, the logo conveys sophistication and a connection to tradition, ideal for a business specializing in furniture and antiques."
GRXS-46EA3B60.jpg,"The image features a vibrant, cartoonish design centered around a yellow softball depicted as being grasped by a dragon's claw. The softball is bright green, adorned with pink stitching that forms a classic softball pattern. Around the ball, detailed claws are prominently displayed in shades of dark green and black, emphasizing the dragon theme. 

Beneath the graphic, the word ""Dragons"" is written in an elegant, flowing script that contrasts with the boldness of the claws. The letters are primarily black, with a slightly glossy appearance that adds depth. The overall color scheme is dynamic, with a light gray background that highlights the bright colors of the softball and claws, creating a striking visual appeal."
GRXS-46F384C7.jpg,"The image features a decorative design centered around the theme of music and school spirit. At the top, the text ""McKinley High School"" is displayed in a lighter color, possibly white or pale yellow, creating a clean backdrop. Below this, the phrase ""Band and Orchestra"" is prominently featured in a dynamic font that combines boldness with a playful flair. The words are primarily in a rich green with a slight brushstroke effect, enhancing their visual appeal.

Surrounding the text are various decorative elements. Musical notes in shades of brown and yellow float above the title, adding a lively musical theme. To the sides and bottom, there are intricate, swirling vines that incorporate small yellow flowers and green leaves, giving a vibrant, organic feel. 

Additionally, there are various paw prints scattered throughout the design, further emphasizing school spirit, perhaps in reference to a mascot or team identity. The overall layout is cheerful and inviting, with a blend of colors and motifs that celebrate both music and community in a school setting. The background remains mostly white, providing a fresh and uncluttered canvas for the elements."
GRXS-47169021.jpg,"The image features a stylized, monochromatic representation of a jackalope, a mythical creature combining features of a rabbit and antlers. The jackalope is depicted in profile, seated with its body curving gracefully. Its silhouette is solid black, characterized by a smooth, rounded body, long ears, and prominent antlers sprouting from the top of its head. The antlers resemble those of a deer, with several branches extending outward.

Above the figure, the word ""JACKALOPES"" is prominently displayed in bold, uppercase letters, also in black. The font is blocky and slightly reminiscent of western-style lettering, enhancing the whimsical and mythical theme of the image. The background is clean and white, ensuring that both the jackalope and the text stand out clearly. This design evokes a fun and quirky interpretation of the legendary creature."
GRXS-4791CE20.jpg,"The image features a circular emblem representing the City of Auburn, New York. At the top of the circle, the words ""CITY OF AUBURN"" are prominently displayed in bold lettering, framing the seal. Below this, the word ""NEW YORK"" appears in slightly smaller text, enhancing the official nature of the emblem.

In the center of the seal, there is a detailed illustration that includes a shield. The shield contains various elements: an artistic depiction of water waves with a fish, alongside two crossed items, possibly a paddle and a rake, indicative of the city's connection to nature and possibly its water resources. Above the shield, there is a banner inscribed with the Latin terms ""PAX ET LABOR,"" which translates to ""Peace and Labor,"" symbolizing the community's values.

Surrounding the entire emblem are small stars, adding decorative elements to the design. The base of the image prominently features the words ""WATER FILTRATION"" in bold, capital letters, signaling a focus or theme related to water treatment or supply services within the city. The overall composition conveys a sense of civic pride and environmental awareness."
GRXS-49DCCB8E.jpg,"The image features a vibrant and dynamic design promoting a 5K running event titled ""Run Your ACE OFF."" At the center, there is a graphic of a red running shoe, depicted in a slightly angled view, suggesting motion and speed. The shoe has white accents and laces.

Surrounding the shoe, the text ""Run Your"" is written in a bold, playful font, positioned above the main title. The words ""ACE OFF"" are emphasized in large, striking letters, with ""ACE"" appearing in a bright pink color and ""OFF"" in a bold black, creating a contrast that draws attention.

The background is filled with energetic elements, featuring lines and shapes radiating outward in vibrant yellow, black, and red tones, resembling motion lines or bursts of energy. There are also checkered flags and zigzag patterns, adding to the racing theme.

Beneath the main title, the text ""5K"" is prominently displayed in a bright red font, reinforcing the event's focus. Overall, the design conveys a sense of excitement and encourages participants to engage in a fun and active experience."
GRXS-4AC758FD.jpg,"The image features a playful and stylized illustration of a pink astronaut floating in space. The astronaut is depicted with a rounded helmet that has a completely black visor, giving it a whimsical and cartoonish appearance. The suit is well-defined with contrasting black accents, including lines and buttons, showcasing a lighthearted design.

Beneath the astronaut, the text is prominently displayed in bold, black capital letters spelling out ""BLAST OFF."" The font is modern and chunky, capturing attention and conveying a sense of excitement. Below this main text, there is additional text in a smaller font that reads ""6TH YEAR AROUND THE SUN"" and ""EST 2019,"" suggesting a celebratory theme, possibly marking an anniversary. 

The background is simple and minimalistic, emphasizing the graphics and text without distraction. The overall look combines elements of fun and celebration, suitable for an event or a product launch centered around space exploration or a love for the cosmos."
GRXS-4B2DC48C.jpg,"The image features a circular design split vertically into two halves. The left half is a vibrant blue, while the right half is a bold red. 

In the center of the circle, there is a white puzzle piece that has an infinity symbol integrated into its design, symbolizing continuity and unity. Above the puzzle piece, the phrase ""LIGHT IT UP BOTH"" is displayed in an arched font, with the text evenly spaced and bolded for emphasis. 

Beneath the puzzle piece, the phrase ""Awareness Leads To Acceptance"" is written in a clean, straightforward font. At the bottom of the circle, the hashtag ""#sccsallin"" is included, tying the design to a specific campaign or initiative. The overall aesthetic is eye-catching, combining bright colors with meaningful imagery and messaging."
GRXS-4B715F13.jpg,"The image features a logo for ""Reed's Lawn Service."" At the top, there is a stylized illustration of a lawn mower, depicted in a light gray color, suggesting motion with a sweeping grass detail around it. Above the mower, a half-circle arch frames the scene, giving it a contained look. Inside this arch, the words ""SINCE 2024"" are prominently displayed in a bold, modern font, also in gray.

Beneath the graphic, the name ""REED'S LAWN SERVICE"" is displayed in large, block letters, colored a bright green that signifies fresh grass and vitality. The overall design combines a clean aesthetic with elements that emphasize professional lawn care, conveying reliability and a connection to nature. The use of different font sizes helps create a hierarchy, making the name easily readable."
GRXS-4BE347EE.jpg,"The image features a pair of classic cowboy boots, illustrated with a vintage and stylized approach. The boots are predominantly white with detailed embellishments in a deep reddish-brown color. 

### Details of the Boots:
- **Shape and Style**: The boots are tall, extending above the ankle, with a pointed toe and a slight heel that gives them a distinctive silhouette recognized in western wear.
- **Decorative Elements**: Each boot is adorned with intricately designed patterns along the shaft, consisting of curved and wavy lines that resemble feathers or flames, contributing to their ornate look. The stitching is emphasized with bold lines, adding texture.
- **Top and Ankle**: The boot collars are slightly flared and feature a clean edge, which is a characteristic element of cowboy boots.

### Typography:
Beneath the boots, there is text that reads ""CCES,"" rendered in a bold, stylistic font. The letters are colored in the same deep reddish-brown as the boots, adding cohesion to the design. The font features decorative flourishes on each letter, enhancing the western aesthetic.

Overall, the image captures the essence of cowboy culture, merging functionality with fashion. The combination of the boot design and the stylized text evokes a rustic, adventurous vibe."
GRXS-4C250199.jpg,"The image features a logo prominently displaying the words ""scottsheldon PUCK DROP."" The design consists of a bold, modern font that emphasizes the word ""PUCK"" in a large size, showcasing the sport of hockey. 

- **Color Scheme**: The logo predominantly uses a deep teal color with lighter blue accents, giving it a fresh and vibrant appearance.
- **Font Style**: The text ""scottsheldon"" is positioned at the top, in a smaller, sleek font. The letters are white, contrasting against the teal background.
- **Puck Illustration**: Below the text, there is an illustration of a hockey puck, rendered in a simplified, stylized manner. The puck is circular with darker shading to give it a three-dimensional look, and the name ""scottsheldon"" is inscribed in the center in a smaller, rounded font, adding a personal touch.

The overall design conveys a sporty and energetic vibe, perfect for a brand or event related to hockey."
GRXS-4CDB58E8.jpg,"The image features a logo for ""Delaware Orthodontics."" The design prominently displays the word ""Delaware"" in a bold, flowing script font that conveys a modern and friendly appeal. The color of the text is a deep blue, which gives a professional yet inviting look.

Beneath ""Delaware,"" the word ""ORTHODONTICS"" is presented in a more traditional, uppercase serif font, also in blue, but in a slightly darker shade compared to the script above. This contrast emphasizes the hierarchy of the text, making it clear what the business specializes in.

On either side of the script lettering, there are stylized palm trees, further enhancing the logo's sunny and approachable aesthetic. The palm trees are depicted in a lighter blue than the text, creating a harmonious color palette. The tree trunks are slender, and the fronds are spread out, suggesting a tropical vibe that may evoke relaxation and comfort.

The overall composition is clean and visually balanced, combining a professional appearance with a warm, welcoming impression suitable for an orthodontic practice. The background is white, which allows the colors and elements of the logo to stand out distinctly."
GRXS-4CF2B1E4.jpg,"The image features a vibrant green logo promoting an event titled ""Ingalls Got Talent 2025."" At the center, there is a retro-style microphone, recognizable for its distinctive grille and vintage design. The microphone is rendered in a slightly darker shade of green, giving it depth against the lighter background.

Behind the microphone, there is a stylized star shape, also in green, which radiates outward, suggesting energy and excitement. To the left of the microphone, there’s a musical note, further emphasizing the theme of talent and performance.

Beneath the star design, a wide ribbon banner stretches horizontally, containing the bold, white text ""INGALLS GOT TALENT."" The year ""2025"" is displayed prominently on the banner, indicating when the event will take place. The overall design is clean, modern, and energetic, creating an inviting feel for a talent showcase."
GRXS-4DE7AC9B.jpg,"The image features a logo design predominantly in green. At the center is a stylized lobster, depicted in a side view, showcasing its prominent claws and segmented body. The lobster's claw on the left is slightly raised, giving a dynamic feel, while the other claw is closer to the body.

Above the lobster, there is a simple crown with a few diamond shapes embedded in it, suggesting a regal theme. Surrounding the lobster is a circular text banner that reads ""BARBERS CROSSING,"" with ""BARBERS"" arching over the top portion of the circle and ""CROSSING"" along the bottom. The font used has a relaxed, organic feel, contributing to the overall casual yet sophisticated vibe of the logo. 

The color palette is entirely in shades of green, providing a cohesive and nature-inspired aesthetic. The combination of the lobster and the crown evokes a seafood theme, possibly hinting at a restaurant or seafood market."
GRXS-4FF4CD40.jpg,"The image features a bold, graphic design that combines text and an illustration. 

At the top, the words ""BAD CREW"" are displayed prominently in large, uppercase letters, rendered in a strong, blocky font that conveys a sense of toughness. Below it, the word ""BABYSITTER"" is also in uppercase, using a similar style to maintain a coherent look. 

The text is presented in a solid black color, contrasting sharply against the white background, enhancing its visibility and impact.

Intertwined with the text is an illustration of a donkey, depicted mid-leap. The donkey is stylized in silhouette form, filled with solid black, giving it a dynamic and playful appearance. Its legs are extended as it jumps, and its tail is raised, adding to the sense of action. The combination of the donkey and the text creates an amusing juxtaposition, suggesting a playful attitude towards babysitting, perhaps indicating a rebellious or unconventional approach.

Overall, the design is eye-catching and conveys a humorous message about babysitting with a bold visual style."
GRXS-5171FDD6.jpg,"The image features the word ""BLUE"" prominently displayed in bold, capital letters. The letters are rendered in a solid black color, creating a strong contrast against the plain white background, making the text easily readable. 

To the left of the letter ""B,"" there is a stylized graphic element resembling a pinwheel or flower-like shape. This design consists of several pointed petals or blades, each alternating in size and orientation, giving it a dynamic look. At the center of the graphic, there is a small circular dot, which serves as the core of the design. The pinwheel appears to be integrated into the letter ""B"" itself, enhancing the overall visual impact of the word. 

The combination of the bold typography and the decorative graphic creates a striking and modern aesthetic, making the image eye-catching and memorable. The overall composition maintains a clean and minimalist style."
GRXS-51B28D40.jpg,"The image showcases a logo prominently featuring the word ""BAKER"" in bold, capitalized white letters. The font is modern and robust, conveying a sense of strength and reliability. The word stands out against a vibrant red background, which is uniform and solid, enhancing the visibility of the text.

Below ""BAKER,"" the phrase ""manufacturing company, LLC"" is displayed in a slightly smaller size, also in white lowercase letters. This text is aligned to the right and has a more understated appearance compared to the boldness of ""BAKER.""

The logo includes a registered trademark symbol (®) at the upper right corner, indicating that the brand is an official registered trademark. The overall design is simple yet effective, reflecting a professional image suitable for a manufacturing company. The color scheme of red and white evokes feelings of energy and clarity."
GRXS-5222F987.jpg,"The image is a circular logo designed in shades of purple, symbolizing the Month of the Military Child. At the top of the circle, it features the text ""Heroes Elementary Supports Military Kids"" in a semi-circular arrangement. 

In the center, the phrase ""MONTH OF THE MILITARY CHILD"" is boldly emphasized, with ""MILITARY CHILD"" being the most prominent part, likely using a larger font size.  

There is a playful design element of a dandelion with stars scattered around it, giving a whimsical feel. The phrase ""Purple Up!"" is positioned prominently within the design, suggesting a call to action to support military children. 

At the bottom of the logo, there are descriptors such as ""STRONG,"" ""AWESOME,"" ""RESILIENT,"" and ""ADAPTABLE,"" separated by small dots, which highlight the positive qualities of military kids. The overall design utilizes a light lavender background with white text and graphics, creating a bright and cheerful appearance."
GRXS-52EDC245.jpg,"The image features a logo for ""Chadron Scholastics."" At the top of the image, the word ""CHADRON"" is displayed prominently in bold, uppercase letters. The font is thick and angular, conveying a strong, sporty vibe. 

Below ""CHADRON,"" the word ""SCHOLASTICS"" is shown in a slightly smaller size, also in uppercase and bold. The font remains consistent with the same style, enhancing the overall unity of the design.

In the center of the image is the main logo: a stylized depiction of a cardinal's head, characterized by its vibrant red color. The cardinal has a fierce expression, with an aggressive posture shown through its furrowed brow and gritted teeth. The beak is a bright yellow, contrasting sharply with the red and featuring a black outline.

The cardinal's eye is exaggerated and intense, adding to the logo's dynamic and competitive feel. Surrounding the bird is a black outline that helps it stand out against the white background, giving the logo a clean and striking appearance. The overall design emphasizes school spirit and athleticism, aligning well with the theme of scholastics and athletics."
GRXS-52F6BC3E.jpg,"The image features a bold, graphic design centered around the silhouette of a person standing triumphantly. This figure is depicted in a white color against a deep blue circular background that resembles the sky or a spotlight. The person is raising an electric guitar high above their head, demonstrating a sense of energy and celebration.

The figure's stance is dynamic, with one leg slightly bent and the arms positioned to emphasize the guitar. The circular backdrop has streaks or lines that suggest motion or excitement, adding to the energetic vibe of the image.

Beneath the graphic, the phrase “(SEE BACK)” is prominently displayed in a large, bold font, also in the same blue as the background. This text draws attention and indicates a call-to-action or a thematic element of the design. 

In the bottom right corner, the name ""Nelly's Echo"" is written in a stylish, cursive font, adding a personal touch and branding element to the design. The overall composition conveys themes of music, performance, and enthusiasm."
GRXS-548E5DF2.jpg,"The image features a logo for ""Snookum's Steakhouse."" The design is framed within a rounded, barrel-like shape, outlined in bold red against a pale gray background. 

At the top, the name ""SNOOKUM'S"" is prominently displayed in large, uppercase letters, also in red, conveying a sense of prominence and pride. Below, the word “STEAKHOUSE” appears in a contrasting white font, slightly smaller, reinforcing the establishment's focus on steak.

Central to the design is a stylized graphic of a steak, rendered in a deep red color, depicting a juicy cut with a hint of grilling marks visible. Flames are illustrated at the bottom, suggesting heat and cooking, adding a dynamic element to the logo. 

Beneath this graphic, the location ""HENDERSON, TN"" is displayed in a bold font, emphasizing the establishment's geographic identity. Overall, the color scheme of red, white, and gray creates a striking visual impact, promoting a warm and inviting atmosphere typical of a steakhouse."
GRXS-55E135FE.jpg,"The image is a logo featuring a circular design. At the outer edge, there is a gold border with the text ""RIDERS OF THE ROUND TABLE FOUNDATION"" written in bold, blue letters. 

Within the circle, the background is divided into alternating sections of blue and a lighter, creamy shade, creating a radial pattern that resembles rays emanating from the center. 

In the center, there is a shield prominently displayed, which is colored black and features a stylized silhouette of a knight in armor. Above the shield, two swords cross each other, pointing upwards, symbolizing strength and unity. 

At the base of the shield, there is a ribbon that scrolls with the phrases ""Riding with Purpose"" and ""Serving with Passion,"" suggesting a commitment to meaningful service and community engagement. 

Overall, the design conveys themes of camaraderie, purpose, and the spirit of adventure associated with riding."
GRXS-56058486.jpg,"The image features a simple, yet elegant design centered around the theme of crochet. At the top, the words ""Crochet Club"" are written in a playful, cursive font, rendered in a deep burgundy color. 

Prominently displayed beneath the text is an illustration of a yarn ball, depicted with fine, curved lines creating a texture that represents the strands of yarn. This ball sits to the left of a crochet hook, which is stylized and features a curved tip. 

The yarn from the ball is entwined with the crochet hook, forming a loop. Part of this yarn is shaped into a heart, emphasizing the love for crochet. The overall color scheme maintains a consistent burgundy, giving it a warm and inviting look. The composition is balanced, with the text harmonizing with the illustration to create a cohesive design that evokes a sense of community among crochet enthusiasts."
GRXS-560C6349.jpg,"The image features a logo designed for ""Axe Exterminators."" 

- **Shape and Background**: The logo is outlined in a bold black with red accents shaped like an ax, giving the impression of two curved blades facing away from each other. The background is predominantly white, which creates a strong contrast with the other elements.

- **Text Elements**: At the top, the word ""AXE"" is prominently displayed in large, bold black letters. Beneath this, the word ""EXTERMINATORS"" is written in a smaller, semi-bold black font, slightly arched to complement the overall design.

- **Graphic Elements**: Below the text ""AXE,"" there is an illustration of three stylized insects, likely representing pests. They are depicted in varying shades of gray, each with an upward curve that gives a dynamic feel. 

The combination of the imagery and text effectively conveys the theme of pest control, using the imagery of an axe in a creative and somewhat playful manner."
GRXS-564E2173.jpg,"The image features a logo predominantly using a clean and modern design. At the top, there is a stylized eagle head, which is primarily blue, with red accents creating a dynamic appearance that suggests movement. 

Below the eagle, the words ""USA STARS"" are displayed in bold, uppercase letters. The word ""USA"" is in navy blue, while ""STARS"" appears in the same blue shade, providing a cohesive look. 

Underneath ""USA STARS,"" there are two horizontal red stripes that add a touch of vibrancy and balance to the design. 

At the bottom of the logo, the word ""FLORIDA"" is written in a smaller font, also in navy blue, to maintain consistency across the design. The overall composition is clean, with a patriotic theme that emphasizes the connection to the USA, specifically highlighting Florida."
GRXS-57F2B5E1.jpg,"The image features a bold and striking design with a black background. At the center is a prominent letter ""H,"" which is designed in red with white accents. The ""H"" appears to be stylized, giving it a three-dimensional effect. 

To the left of the ""H,"" the word ""Faculty"" is written in a flowing, cursive font, also in white, creating a sense of elegance. The text is slightly angled, which adds dynamism to the overall layout.

Below the ""H,"" the phrase ""Unleashing Terrier Nation"" is displayed in a strong, bold font. The words ""Unleashing"" and ""Terrier Nation"" are rendered in red, with the latter having a more aggressive feel due to its thicker lettering and sharper angles.

The overall composition is energetic and spirited, conveying a sense of pride and enthusiasm, likely associated with a school or team representing the ""Terrier Nation."""
GRXS-586F129C.jpg,"The image features a stylized logo that prominently showcases a bold, golden eagle in flight. The eagle's wings are spread wide, with sharp, dynamic lines that convey a sense of strength and movement. The body of the eagle is simple yet effective, with a slightly abstract representation that emphasizes its majestic form.

Above the eagle, the word ""INVICTUS"" is displayed in a strong, uppercase font. The letters are black with a thin golden outline, ensuring high visibility against the white background. Below the eagle, the word ""WRESTLING"" is similarly styled but slightly smaller, also in black with a golden outline.

The overall color scheme of gold and black creates a striking contrast, evoking themes of power and resilience, while the design balances modern aesthetics with a classic emblematic representation. The logo's clean lines and bold typography make it suitable for branding in sports, particularly wrestling."
GRXS-58718DC7.jpg,"The image features a modern logo predominantly colored in a light blue hue. At the center of the design, there is a stylized representation of a tree; its trunk and branches are formed using geometric lines, suggesting a circuit-like pattern that conveys a sense of technology and innovation. The trunk is wider, tapering as it extends upward into split branches that reach outwards in a symmetrical arrangement.

Incorporated into the design is the letter ""G"" and ""S,"" subtly blended into the tree structure. These letters are crafted using straight lines and geometric shapes, maintaining the overall aesthetic of the logo.

Below the central graphic, the word ""GRAYTECH"" is displayed in a clean, sans-serif font. The letters are evenly spaced, emphasizing a modern and minimalistic approach. The color of the text matches the light blue of the graphic above, creating a cohesive look.

The entire logo is set against a white background, allowing the blue elements to stand out sharply and giving it a fresh, contemporary feel."
GRXS-58CB2D3B.jpg,"The image features a stylized representation of a lion's head, artistically designed using bold, clean lines. The lion's head is depicted in profile, with a prominent forehead, strong jawline, and sharp features. The mane is intricately crafted, consisting of wavy, flowing lines that radiate outward, creating a dynamic effect. 

The entire design is presented in a striking red color against a white background, adding a strong visual contrast. The lion's face is less detailed, focusing instead on the overall shape and the mane’s flowing lines, which emphasize strength and majesty. Surrounding the lion are circular shapes that suggest a stylized sun or shield, enhancing the sense of power associated with the lion image.

At the top and bottom of the design, there are additional text elements that appear to be part of a logo. The text is bold, likely in a sans-serif font, providing a modern touch to the overall aesthetic. The words contribute to the theme of strength and leadership, encapsulating the essence of the lion as a symbol."
GRXS-58D2849D.jpg,"The image features a logo design that resembles a sports emblem. It is primarily in a deep maroon color. At the center is a stylized cartoon pelican, wearing a hockey jersey labeled ""JUCK"" across the front, along with the year ""2025."" 

The pelican is depicted standing on a simplified ice rink, holding a hockey stick with its left wing. It also wears hockey skates on its feet. The background of the emblem includes horizontal lines, likely representing the ice surface, and two stars placed symmetrically on either side of the pelican's head.

The entire design is enclosed within a shield-like shape, which has a thick outline adding to its sporty appearance. Below the emblem, the year ""2025"" is prominently displayed in a large, bold font, enhancing the overall visual impact of the design. The combination of elements suggests a playful yet competitive spirit, likely intended for a hockey team or event."
GRXS-5908E810.jpg,"The image features a vibrant pink logo with a modern and dynamic design. The word ""ACHIEVELAX"" is prominently displayed in bold, uppercase letters, characterized by a strong, angular typeface. The letters are filled with a bright pink color that stands out against the white background, emphasizing energy and positivity.

To the left of the text, there is an abstract design element that resembles a stylized silhouette of a person in motion, perhaps indicating activity or achievement. This figure appears to be engaged in a dynamic pose, suggesting movement and excitement. 

Additionally, a star icon is integrated into the design, specifically near the letter ""A,"" contributing a playful and youthful element to the overall aesthetic. 

The logo is enclosed within a geometric shape that adds structure, with a triangle pointing downward which could symbolize direction or growth. The entire composition is visually striking, appealing to a sense of ambition and motivation."
GRXS-59DA4EAB.jpg,"The image features a stylized logo design predominantly using shades of blue. At the top, the text ""TIGNES FRANCE 2025"" is displayed in bold, uppercase letters, arranged in an arc. The font is modern and sans-serif, contributing to a clean and legible appearance.

Below the text, there is an abstract graphic representing a crack or burst. The design consists of jagged edges that form a shape similar to a cloud or mountainous terrain. In the center of this burst, there is a solid blue rectangle, which stands out against the lighter shades surrounding it. The overall composition conveys a sense of movement or energy, evoking themes related to winter sports or mountainous environments.

The background is plain white, enhancing the visibility of the logo and giving it a fresh, crisp look. This logo could be associated with an event or promotion taking place in Tignes, France, in the year 2025, likely related to outdoor activities or sports."
GRXS-5A26BC9B.jpg,"The image features a sports logo primarily designed for a softball team named ""Lady Generals."" The background is a solid navy blue, which provides a strong contrast to the graphic elements. 

At the top, the phrase ""LADY GENERALS"" is prominently displayed in bold, uppercase letters. This text is white, emphasizing its importance and making it stand out against the darker background.

Beneath this, the word ""SOFTBALL"" is also in uppercase letters but is styled in a light teal color. The letters are thick and blocky, providing a strong visual impact.

Central to the design is a shield emblem that contains the letter ""G,"" which is designed in a similar light teal color and outlines with a white border. Above the ""G,"" there are three stars in white, symbolizing achievement or excellence. 

Surrounding the shield are stylized sporting elements resembling a softball’s stitching, which curves and flows along the bottom of the logo. These stitching elements are in white, adding detail and reinforcing the softball theme of the logo.

Overall, the design is clean and impactful, effectively combining team spirit with a sporty aesthetic."
GRXS-5AC7CC2E.jpg,"The image features a vibrant and stylized illustration of a fish, likely a mahi-mahi, characterized by its bright green and yellow hues. The fish is prominently displayed with its mouth open, showcasing detailed facial features, including its eye, gills, and fins. 

Behind the fish, there is an aqua-blue circular background that enhances the overall visual appeal. Overlaying this background is a metallic-looking ribbon or banner in a light gray color at the bottom. 

In the center of the ribbon, the text ""IRON WORKS"" is depicted in bold, black letters, while above it, the letters ""M"" and ""V"" are intertwined in a smaller size, rendered in white, with the ""V"" slightly larger and sitting within the ""M."" The combination of colors and the dynamic posture of the fish conveys a sense of energy and craftsmanship, suggesting a connection to both marine life and metalwork."
GRXS-5C08EDDA.jpg,"The image features a circular emblem representing the ""Rio Rancho High School Native American Student Union"" for the years 2024-2025. 

1. **Outer Circle**: The emblem is framed by a thick black circle that contains text in green. At the top, it reads ""Rio Rancho High School,"" and at the bottom, the years ""2024-2025"" are prominently displayed.

2. **Central Image**: At the center of the emblem is a stylized depiction of a ram's head, characterized by large, curved horns and a strong expression. The ram's face is rendered in white with detailed black markings. 

3. **Background Pattern**: Behind the ram's head is a patterned background that features geometric shapes in green, purple, and white, resembling traditional Native American textile designs. These patterns include diamond shapes and zigzags, contributing to the cultural significance of the emblem.

4. **Feather Element**: To the left of the ram, a black and white feather adds an additional cultural element to the design, symbolizing respect and connection to Native American heritage.

5. **Text Arrangement**: The text ""NATIVE AMERICAN STUDENT UNION"" is prominently displayed around the upper part of the circular frame, reinforcing the identity of the organization.

Overall, the design combines cultural symbolism with a modern aesthetic, creating a strong representation of identity and community."
GRXS-5E15DB1C.jpg,"The image is a logo design showcasing a tropical vacation theme. At the center, the word ""Punta Cana"" is displayed prominently in a bold, playful font, with the ""P"" and ""C"" stylized to add flair. Below ""Punta Cana,"" the phrase ""EXECUTIVE TRIP"" is rendered in a smaller, simpler font, providing clarity to the purpose of the trip.

Surrounding the text, there are two palm trees on either side, contributing to the tropical atmosphere. The logo is accented with two hibiscus flowers, one located to the left of the sunglasses and one to the right, adding vibrant and exotic elements. 

At the bottom of the design, a pair of stylish sunglasses rests, with oversized lenses that suggest a relaxed, sunny environment. Wavy lines below the sunglasses imply ocean waves, enhancing the beachy vibe. 

The entire design is executed in a navy blue color on a white background, creating a clean and striking contrast that is visually appealing. The text ""JSJDMedia"" appears above the main logo, likely indicating the organization responsible for the design or event. Overall, the logo communicates a sense of leisure, luxury, and fun associated with a trip to Punta Cana."
GRXS-5E823C9A.jpg,"The image features a stylized logo within a badge-like shape. The overall design is predominantly dark navy blue on a white background, giving it a clean and professional appearance. 

At the center of the logo is the word ""VECTOR,"" which is prominently displayed in bold, uppercase letters. The letters are deeply colored and feature a modern typeface, with the letter ""O"" designed as a circular element that includes small dots surrounding a central void, resembling a mechanical or industrial motif.

Above the word ""VECTOR,"" there is a smaller text that reads ""Est."" followed by the year ""2000,"" indicating the establishment date. This text is placed towards the upper part of the badge and is accompanied by horizontal lines to the left and right, providing a visual balance.

Additionally, there is a silhouette of the state of Texas located at the bottom left of the logo, reinforcing a connection to the state. The entire composition is framed by a border that emphasizes the badge shape, adding to the logo's authoritative and established feel."
GRXS-5ED316A1.jpg,"The image features a logo for ""Wooz Flooring."" It is set within an oval shape with a wood grain texture that is primarily a warm orange color, resembling the hue of polished wood. 

The word ""Wooz"" is prominently displayed in a bold, stylized font that has an antique feel. Each letter is outlined in white, which gives it a three-dimensional appearance. The letters themselves are a deep black with some subtle detailing that enhances their visibility against the background.

Below ""Wooz,"" the word ""FLOORING"" is written in a simpler, more straightforward font, also in black, providing a contrast to the more decorative font above it. The text appears to be slightly smaller than ""Wooz"" but is still clearly legible. 

The overall design combines elements of both modern and classic styles, making it suitable for a flooring company, suggesting quality and craftsmanship. The outer border of the logo has a thin black line that further defines its shape, adding a polished finish to the design."
GRXS-5F0D91BB.jpg,"The image features a circular emblem that combines themes of law enforcement and baseball. It is framed by a stylized badge shape, with a bold black background.

At the top, the words ""HONORING OFFICER"" are prominently displayed in an arched font. Below this, ""END OF WATCH"" is inscribed, indicating a tribute to a fallen officer.

At the center, a baseball surrounded by two crossed baseball bats serves as the focal point. The baseball is detailed, showing stitching and texture, and it is set against a backdrop that includes a stylized representation of the American flag. The flag features alternating stripes of black and white, with a blue line running horizontally through the middle, symbolizing support for law enforcement.

Below the central image, the text ""08.26.24"" is prominently featured, likely indicating a significant date. Further down, the name ""AUSTIN MACHITAR"" is displayed in a bold, curved ribbon banner.

Overall, the design integrates elements like stars and stripes to honor the memory of an officer while blending the sport of baseball into the tribute. The color palette is predominantly black, white, and blue, emphasizing the themes of mourning and respect."
GRXS-5F826056.jpg,"The image features a text-based design primarily showcasing the name ""NELSON UTILITY"" in large, bold, all-caps letters. The word ""NELSON"" is positioned above ""UTILITY,"" with the latter being slightly smaller but still prominent. There is an underline placed beneath the word ""UTILITY,"" emphasizing it further.

Beneath this main title, the words ""Construction, Inc."" are displayed in a smaller font, indicating the nature of the business. Below that, the location is specified as ""DRASCO, AR,"" which gives a geographic context. 

The phone number ""870-307-1055"" is also included, likely for potential clients to make inquiries. At the very bottom, the words ""Weed & Mask"" are written, possibly referring to services offered by the company or a specific product line.

The overall color scheme is a simple black and white, which conveys a professional appearance, and the typography is clear and easy to read."
GRXS-5FA78008.jpg,"The image features a text-based design with the phrase ""JERSEY SCIENCE OLYMPIAD VILLAGE."" The text is presented in a visually appealing, stylized manner. 

1. **Typography**: The words ""JERSEY"" and ""VILLAGE"" are bold and rendered in a bright golden-yellow color, creating a sense of emphasis and warmth. ""SCIENCE"" is in a standard weight, colored in a bright yellow as well, while ""OLYMPIAD"" appears in a playful, slightly italicized font, colored in purple, which offers a nice contrast.

2. **Layout**: The words are stacked, with ""JERSEY"" at the top, followed by ""SCIENCE,"" then ""OLYMPIAD"" integrated within the layout, and finally ""VILLAGE"" at the bottom. The arrangement gives a structured yet dynamic feel to the design.

3. **Background**: The overall background is white, allowing the colors of the text to stand out prominently.

4. **Design Elements**: The words are presented in different sizes, enhancing visual interest. The combination of colors and fonts gives a lively and inviting feel, suggesting a fun and educational environment related to science.

This design effectively conveys a theme of excitement for science and competition, likely tied to an event or organization focused on young learners and their scientific endeavors."
GRXS-5FAD6E2F.jpg,"The image features a stylized logo for ""Huckleberry's,"" emphasizing a playful and inviting aesthetic. The logo consists of the word ""Huckleberry's"" rendered in a bold, flowing font that has a whimsical, slightly exaggerated curvature. The letters have a gradient of purple hues, starting with a lighter shade at the top and transitioning to a deeper shade towards the bottom. 

Beneath the main text, there is a ribbon-like banner in golden yellow that curves gently, providing a backdrop for the text. The banner adds a sense of warmth and familiarity. 

Flanking the central text are illustrations of huckleberry leaves and berries. The leaves are a vibrant green, while the berries are depicted in varying shades of blue, creating a nice contrast against the greens and yellows. 

At the bottom of the logo, the words ""BREAKFAST • LUNCH"" are presented in a solid purple font, which is simpler and more understated compared to the main title. The overall design conveys a feeling of comfort and is likely aimed at a diner or casual eatery specializing in breakfast and lunch offerings."
GRXS-5FB09C06.jpg,"The image features a logo for the ""Lady Generals"" softball team of Thomas Nelson Middle School. The design is prominently shaped like a baseball diamond, with a bold, modern aesthetic.

1. **Color Scheme**: The primary colors used are dark blue and light blue, giving it a vibrant and energetic feel. The dark blue forms the background and other significant elements, while the light blue is used for text and outlines.

2. **Text Elements**: 
   - At the top of the logo, the words ""THOMAS NELSON MIDDLE SCHOOL"" are displayed in white, utilizing a clean font that is both bold and easily readable.
   - The name ""LADY GENERALS"" is prominently featured in the center of the logo in large, stylized letters, also in white with a light blue outline, which helps it stand out against the dark blue background.
   - The word ""SOFTBALL"" is placed beneath ""LADY GENERALS,"" in a smaller font, maintaining the same color scheme.

3. **Graphic Elements**:
   - Behind the text, there are crossed softball bats, creating a sense of motion and teamwork. The bats are rendered in dark blue, matching the overall theme.
   - The logo includes graphical elements like a shield at the top center, featuring a stylized ""G"" and three stars above it, which adds a layer of depth and insignia-like quality.

4. **Overall Shape**: The logo has a symmetrical and angular design, resembling a badge or emblem, which conveys strength and unity among the team members.

The overall composition communicates a sense of pride and athletic spirit, suitable for a middle school sports team."
GRXS-60D7EF97.jpg,"The image features a stylized robot pigeon, prominently displayed in a circular format. The pigeon is depicted with a bold, graphic design that combines elements of avian features with mechanical aesthetics. 

1. **Pigeon Design**: The pigeon has a sleek, streamlined body, colored primarily in shades of blue. Its feathers are illustrated with geometric patterns, incorporating dark and light blue hues that create a dynamic visual effect. The head features a rounded shape with a pronounced beak, giving it a characteristic pigeon appearance.

2. **Mechanical Elements**: The body of the pigeon includes visible mechanical components, such as circular and angular shapes that suggest gears and metal plating. This contrasts with the organic nature of its feathers, emphasizing its robotic nature.

3. **Text Elements**: Above the pigeon, the letters ""LVA"" are displayed in a bold, stylized font. The word ""ROBOT"" is also indicated, followed by the word ""PIGEONS,"" which appears in a smaller size. The colors of the text are primarily blue and teal, harmonizing with the color scheme of the pigeon.

4. **Additional Details**: In the lower section of the image, there is a small tag with the number ""6824,"" which may indicate a model or version.

5. **Overall Composition**: The entire graphic is set against a plain background, allowing the pigeon and the text to stand out prominently within the circular border, which is black.

This design merges biological and mechanical elements, suggesting themes of innovation and technology, while maintaining a playful and engaging aesthetic."
GRXS-61B564F3.jpg,"The image is a circular design featuring a prominent, bold text message that reads: ""I LOST MY LEG BUT NOT MY COURAGE."" The text is arranged along the top and bottom edges of the circle, with the words at the bottom appearing slightly larger and more distressed to emphasize their significance.

In the center, there is a distinctive graphic of a prosthetic leg. The leg is depicted prominently, showcasing a modern design, and is wearing a black sneaker with a white logo on the side. Adjacent to the prosthetic, there is an awareness ribbon in a minimalist style, representing resilience and strength.

The overall color scheme is monochromatic, primarily in shades of black and white, enhancing the starkness and impact of the message. The background appears to be light gray, providing a subtle contrast to the bold elements in the foreground. The entire design radiates a sense of empowerment and determination."
GRXS-6367F853.jpg,"The image depicts a circular emblem featuring a stylized illustration of an eagle’s head, which is prominently placed at the center. The eagle is depicted in profile, showcasing its sharp beak and intense eye, conveying a sense of strength and vigilance. 

Surrounding the eagle's head, the logo is framed by a bold circular border. The text ""WHITLEY DORM"" arcs above the eagle in a rugged, vintage typeface, while ""MEN OF HONOR"" is prominently displayed along the bottom curve of the circle, also in a matching font style. 

On either side of the eagle's head, two hexagonal shapes contain the words ""Since"" on the left and ""2018"" on the right, signifying the establishment year. The color scheme consists of various shades of brown, giving it an earthy and classic appearance. The overall design has a traditional yet bold look, emphasizing the qualities of honor and strength associated with the eagle."
GRXS-64C93532.jpg,"The image features a logo that prominently displays the word ""GAMBLERS"" in bold, stylized lettering. The letters are outlined and colored in shades of red and white, enhancing their visibility against the gray background.

At the center of the logo is a graphic representation of a skull, adorned with a Native American-inspired headdress. The skull is designed in black and white, with expressive features that enhance its striking appearance. The headdress has red and black colors, with pointed feathers that fan out elegantly, providing a contrast to the skull. A prominent red band wraps around the forehead of the skull, accentuated by decorative white patterns.

Additionally, there are playing cards depicted, with two cards peeking out from the side of the skull's mouth, reinforcing the gambling theme. To the left and right of the logo, the letters ""KL"" and ""DD"" are presented in a soft pink hue, adding a touch of subtle color to the overall design.

This combination of elements creates a bold and dynamic logo that reflects themes of gambling and cultural imagery."
GRXS-64CF9B31.jpg,"The image features a vibrant and eye-catching graphic design for an event titled ""BROADWAY BLAST! CHOIR SHOW 2025,"" organized by Chicago Christian High School. The text is bold and prominent, primarily in shades of yellow accented with black. 

At the top, the word ""BROADWAY"" is displayed in large, stylized font, evoking a theatrical feel, complete with dot patterns reminiscent of stage lights. Below ""BROADWAY,"" the word ""BLAST!"" is in a smaller, yet still impactful font, positioned to catch attention.

The centerpiece of the design features ""CHOIR SHOW"" in similarly bold letters, with a rounded and playful style that suggests liveliness and energy. Surrounding this text are decorative elements, including black dots and lines that further enhance the theatrical motif.

The year ""2025"" is included below ""CHOIR SHOW,"" signaling the date of the event, while at the very bottom, ""CHICAGO CHRISTIAN HIGH SCHOOL"" is presented in large, bold text, providing clear identification of the organizing school. The overall layout combines elements of a classic marquee with a modern twist, effectively conveying the excitement of a theatrical performance. The use of contrasting colors makes the design visually striking."
GRXS-64FB045C.jpg,"The image features a circular emblem with a bold, yellow background. At the center, there is a stylized black silhouette of a lighthouse, which stands tall and streamlined. The lighthouse is topped with a small dome and emits rays of light from its sides, suggesting guidance and safety for ships.

Beneath the lighthouse, an anchor emerges, also depicted in black. The anchor has a traditional design with curved flukes and a thick shank, extending downward while cradling the base of the lighthouse. This symbolizes strength and stability.

Surrounding the entire design is a decorative rope-like border, adding texture and a nautical theme to the emblem. The combination of the lighthouse, anchor, and the warm yellow background creates a cohesive maritime motif, emphasizing themes of navigation and safety at sea."
GRXS-653DD479.jpg,"The image features a design that includes a circular emblem predominantly in a turquoise color. Inside the circle, a skeleton figure is depicted in mid-air, as if parachuting. The skeleton is styled in a playful manner, with its arms extended forward and a slight tilt to its body, suggesting motion and excitement.

Above the skeleton, there is a parachute with fabric-like details showing the opening and structure. In the background, a stylized silhouette of a cityscape can be seen, featuring notable monuments, like the United States Capitol building and an obelisk, which is likely representing the Washington Monument. The cityscape is rendered in a simplified, monochromatic design that complements the turquoise color of the skeleton.

Below this scene, the text ""DC BASE"" is prominently displayed, using a bold, clean font that matches the overall aesthetic of the image. The entire composition gives off a sense of adventurous spirit, likely related to parachuting or skydiving in a vibrant, fun way."
GRXS-65715A80.jpg,"The image features a stylized geometric logo consisting of multiple layered shapes. It predominantly uses a monochromatic gray color palette giving it a sleek and modern appearance. 

At the top, there is a diamond-like shape formed by two overlapping triangles, creating a pointed peak. Below this, there are two horizontal parallelograms stacked on top of each other, facing downward and slightly offset, giving a sense of depth and perspective. Each parallelogram has a symmetrical layout, with the lines at their edges accentuated to enhance their three-dimensional appearance. 

The overall design is minimalistic, emphasizing clean lines and shapes, and conveys a sense of construction or structure, potentially representing themes of stability, foundation, or design. The absence of color beyond gray contributes to a professional and contemporary aesthetic."
GRXS-69CCE4BB.jpg,"The image features a circular logo primarily in a bright green hue set against a white background. At the top of the circle, the text ""SALTY METAL"" is displayed in bold, capital letters, creating a striking effect. Below it, the word ""WORKS"" is also bold and in a similar style, accompanied by the word ""HAWAI’I"" at the bottom of the logo in a smaller font.

In the center, there are several design elements representing a laid-back, tropical vibe. A sun with rays radiates from the top center, symbolizing brightness and warmth. To the left and right, two stylized palm trees extend upwards, adding to the coastal theme.

At the center, a fusion of images comes together: a metallic object resembling a welded structure or tool, with hands on either side. One hand is holding a tool, possibly a hammer or a welding instrument, while the other hand gestures in a sign commonly associated with Hawaiian culture, known as the ""shaka"" sign. Below these elements, there’s an abstract representation of foliage or grass, enhancing the natural, outdoor aesthetic.

This logo's overall design evokes a feeling of creativity, craftsmanship, and the relaxed spirit of Hawaii."
GRXS-69F698F8.jpg,"The image features a stylized logo that prominently displays the word ""Espino"" in a dynamic, graffiti-like font. The letters are bold and rounded, with some sections colored in white and others shaded in shades of gray, creating a three-dimensional effect. The ""S"" and ""E"" are particularly prominent, with flowing, curvy lines that give an energetic and lively appearance.

Beneath ""Espino,"" the word ""ENTERPRISES"" is featured in a more straightforward, sans-serif font, also in white. This text is less stylized, contributing clarity and balance to the overall design.

The logo is outlined in a thick black border, enhancing its visibility against any background. The interplay of light and shadow, along with the gradients in the lettering, adds depth, making the logo visually striking and modern. The overall design conveys a sense of creativity and professionalism, suitable for a dynamic business identity."
GRXS-6A311D7F.jpg,"The image features a dynamic and energetic basketball-themed graphic. In the foreground, a diverse group of basketball players, depicted in a bold red color, are engaged in various poses related to the sport. Some players are dribbling, while others appear to be jumping or preparing to shoot the basketball.

Above this energetic scene, the phrase ""FAITH OVER FEAR"" is prominently displayed in large, distressed lettering, suggesting a motivational theme. The words are positioned in an arch, emphasizing positivity and resilience. Below the basketball players, the phrase ""WE OVER ME"" is also prominently featured, reinforcing a message of teamwork and unity.

The overall design is vibrant and visually striking, combining elements of sport and motivational messaging, making it suitable for a team or sports-related context. The contrast of the red figures against a white background enhances the boldness of the graphic."
GRXS-6A43FA9B.jpg,"The image features a stylized design of a knight, identifiable by a prominent helmet and a flowing cape. The knight's helmet is sleek and angular, with a visor that presents a determined look, characterized by a sharp ""V"" motif down the center. The knight is depicted in shades of dark gray and black, giving it a powerful and imposing appearance.

The figure is framed by an abstract shape that resembles a shield or crest, further enhancing the armored theme. There is a contrasting red diamond shape placed centrally on the chest area, adding a splash of color and drawing attention to that part of the design. 

To the left of the knight, a small red circle features a logo or emblem, which appears as a stylized letter ""A."" The overall color scheme is predominantly dark, featuring black and gray tones, which convey an air of mystery and strength. The edges of the design are sharply defined, with a slightly lighter gray outline providing depth and contrast against the white background. 

In summary, the image combines elements of medieval knight imagery with modern graphic design, resulting in a striking and dynamic logo-like representation."
GRXS-6B7EC278.jpg,"The image features a stylized logo titled ""MARK'S ULTRA CREW"" prominently displayed at the top. The text is bold, with an adventurous aesthetic. Below the title, there’s a silhouette of a person running along a winding dirt path that leads into a desert landscape.

In the background, rugged mountain peaks are depicted, showcasing a mix of dark browns and subtle reds, representing a desert sunset. The sky is highlighted with rays emanating from behind the mountains, casting an orange gradient that adds warmth and energy to the scene.

Flanking the sides of the path are various desert flora, including tall, slender cacti with distinct ribbing and spines. The foreground features intricate plant life with broad leaves and smaller desert flowers, enhancing the natural feel of the artwork.

At the bottom, the words ""ARIZONA - 300 MI"" indicate the location and distance, reinforcing the ultra-running theme. The color palette consists of earthy tones—deep browns, warm oranges, and soft greens—conveying a rugged outdoor spirit. Overall, the design captures a sense of adventure and endurance in a striking manner."
GRXS-6C9B137D.jpg,"The image features a decorative design for an event titled ""Hallow-Fest."" Central to the design is the word ""Hallow-Fest,"" which is stylized in a combination of fonts. The word ""Hallow"" is in bold, playful lettering, colored in orange with a white outline, while ""Fest"" is in a similar style but with slightly less prominence.

The text is set against a backdrop resembling a spider web. This web is intricately designed and drawn in dark colors, predominantly black, with red lines forming the web structure. Small, cartoonish spiders are included in the design, with one dangling from the web. The overall color scheme of orange, red, and black contributes to a festive Halloween theme.

The entire graphic is bright and visually engaging, evoking a sense of fun associated with Halloween-themed activities and celebrations."
GRXS-6D596A09.jpg,"The image consists of a stylized graphic design centered around the theme ""Around the World in 80 Days,"" reminiscent of the classic adventure novel. 

At the top, the phrase ""AROUND THE WORLD IN"" is written in an arch formation, using a bold, serif font. The lettering is black, with a slightly rugged appearance, emphasizing a vintage style.

In the center of the design, a large hot air balloon is illustrated, featuring distinctive alternating black and white stripes. The balloon has a rounded shape and tapers down into a small basket, suggesting a sense of adventure and exploration.

Flanking the hot air balloon on either side are two iconic modes of transportation: a ship on the left and a steam train on the right. 

- The ship is depicted in a side view, showcasing its hull and prominent smokestacks, emphasizing its grand scale.
- The steam train, positioned on the right, features a classic locomotive design with a notable front face, smoke puffing above, which accentuates its speed and power.

At the bottom of the design, the phrase ""80 DAYS"" is displayed in a bold, slightly larger font, also in black, creating a strong visual anchor for the overall composition. The contrast between the elements and text creates a cohesive look that evokes a sense of adventure and travel."
GRXS-6D7794D3.jpg,"The image features a logo for ""First Financial Credit Union."" The text is prominently positioned, with ""FIRST FINANCIAL"" displayed in bold, uppercase letters at the top. Below this, there is a line that reads ""C R E D I T  U N I O N,"" with spacing between the letters that gives it a distinctly designed appearance.

Beneath the credit union name, there is a tagline that states, ""Proudly Serving the Educational Community for Nearly a Century!"" The phrase is styled in a cursive-like font, emphasizing a sense of pride and community service, specifically directed toward the educational sector. 

The overall color scheme appears to be primarily black and white, contributing to a professional and clean aesthetic, suitable for a financial institution. The arrangement of the text and the design elements are balanced and straightforward, reflecting clarity and trustworthiness."
GRXS-6E74D0CA.jpg,"The image features a stylized logo that resembles the United Nations emblem. 

1. **Central Design**: At the core of the design is a simplified, black silhouette of a world map, displayed through a circular grid, representing the earth. The map is depicted in a way that emphasizes the continents, yet it does not have intricate details; instead, it conveys an abstract representation.

2. **Grid Lines**: Surrounding the world map are a series of intersecting lines forming a grid pattern, which further emphasizes the global theme. These lines create multiple sections across the circular design.

3. **Laurel Leaves**: Flanking the globe are two olive branches, which are drawn in a stylized, bold manner. The leaves curve outward from the bottom of the globe, symbolizing peace and unity.

4. **Text Element**: Below the emblem, the acronym ""MV MUN"" is displayed in large, bold, capital letters. The font is simple and impactful, further enhancing the professionalism and significance of the logo.

5. **Color Scheme**: The entire design is monochromatic, primarily composed of black against a white background, enhancing visibility and making it striking and easy to recognize.

Overall, the emblem conveys a sense of global cooperation and peace, typical of organizations focused on international diplomacy and unity, likely associated with a Model United Nations (MUN) event."
GRXS-6F39AEC3.jpg,"The image features a vibrant, stylized illustration of a lime cut in half. The lime is depicted in bright green hues, showcasing its textured skin and juicy interior. The interior reveals the characteristic segments of the lime, emphasizing its freshness with detailed lines radiating from the center.

Above the lime, the phrase ""Lime Sunset"" is handwritten in a playful, bold script. The lettering has a casual, flowing style, rendered in a deep teal color that contrasts well against the lime's bright green. The overall composition combines elements of fun and freshness, likely evoking themes of tropical vibes and refreshing flavors. The background is a simple white, allowing the lime and text to stand out prominently."
GRXS-6F80008C.jpg,"The image is a logo for the Potomac Curling Club. It features a simplified outline of the state of Maryland, which is positioned at the top left of the design. The outline is characterized by its irregular edges, representing the state's geographical boundaries. 

At the center of the logo is a curling stone, depicted in a bold, straightforward style, emphasizing its rounded body and handle. The stone is oriented horizontally, giving it a prominent appearance in the design.

To the right of the curling stone, the words ""POTOMAC CURLING CLUB"" are prominently displayed in a strong, sans-serif font. The letters are colored in a deep, rich maroon, matching the color of the curling stone and complementing the overall aesthetic of the logo. The text is arranged vertically, providing a sense of balance to the composition.

The background is left blank, allowing the elements in the logo to stand out clearly, making it visually appealing and easy to identify. The overall design conveys a sense of community and sport, aligned with the curling theme."
GRXS-6FB7D6FD.jpg,"The image features a logo for the ""CELaRAI"" center, which stands for the ""Center for Early Literacy and Responsible AI."" 

1. **Central Illustration**: 
   - On the left side, a young child, depicted with a light brown skin tone, is standing beside a large digital tablet. The child is wearing a blue t-shirt with a green collar and yellow sleeves, plus dark blue pants.
   - The child is smiling and interacting with a friendly-looking robot displayed on the tablet screen. The robot has a dome-shaped head, blue and white color scheme, and round eyes that convey a cheerful expression.

2. **Robotic Character**: 
   - The robot has a minimalist design with a rounded head, and its body is simple with articulated arms.
   - It appears to be smiling back at the child, creating a sense of engagement and interaction.

3. **Text Elements**: 
   - The name ""CELaRAI"" is prominently displayed in bold, colorful letters, with ""CE"" in blue, ""La"" in green, and ""RAI"" in blue again, emphasizing the center's focus area.
   - Below, the full name ""CENTER FOR EARLY LITERACY AND RESPONSIBLE AI"" is written in dark blue, enhancing readability and providing context for the abbreviation.
   
4. **Color Scheme**: 
   - The overall color scheme blends vibrant hues, including blue, green, and orange, which suggest a friendly and educational atmosphere.
   - The contrast between the bright colors and the clean, simple white background adds to the modern look of the logo.

5. **Design Style**: 
   - The illustration has a cartoonish, playful style, making it appealing to both children and adults. The combination of artistic elements conveys a message of learning and technology in a fun and inviting way. 

Overall, the logo communicates the mission of promoting early literacy through innovative, responsible AI solutions, targeting an audience that values education and technology."
GRXS-70C16E06.jpg,"The image features a circular logo, predominantly utilizing bold colors. 

- **Outer Circle**: The circumference is outlined in black, with a textured appearance that gives depth to the design.
- **Text Elements**:
  - At the top, the phrase ""MINI'S HOUSE OF PAIN RUN CLUB"" is written in a small, uppercase font, split to fit the curve of the circle.
  - The central part of the logo showcases the words ""FAMILY FUN RUN"" in large, eye-catching typography. ""FAMILY"" is rendered in a bright yellow, while ""FUN"" is in a striking turquoise. 
  - The word ""MINI'S"" is positioned prominently in the center above ""RUN,"" displayed in a vibrant turquoise, with ""HOUSE OF PAIN"" in a smaller font beneath it.
  - The year ""2025"" is highlighted in a larger, bold yellow font, located towards the bottom of the logo.
  
- **Design Highlights**: Below the main text, a simple, curved yellow line adds a subtle design element that complements the overall aesthetic and separates the text.

Overall, the logo combines a playful yet assertive theme, reflecting the energy of a fun run event, aimed at families. The color choices and layout work together to create an engaging and cohesive visual identity."
GRXS-70DCD84C.jpg,"The image features a vibrant and artistic design centered around themes of renewal and community. At the top, the phrase “Rising from the Ashes” is written in a casual, handwritten-style font, arching gracefully over the main graphic.

The focal point consists of radiant pink flowers, possibly representing fireweed, rising prominently within a geometric shape—a diamond outlined in purple. These flowers are depicted with rich details, showcasing their bright blossoms and green foliage, symbolizing growth and revival.

Surrounding the flowers are subtle, vertical lines in various shades of gray, resembling charred trees or ashes in the background. This artistic touch conveys a sense of resilience against adversity.

At the base of the image, the words “CIRCLE OF SISTERS” are boldly displayed in capital letters, with ""CIRCLE"" in purple and ""OF SISTERS"" in a textured black font, emphasizing the importance of fellowship and connection. 

Below this, the location ""ANCHORAGE, AK"" and the dates ""MARCH 28-30, 2025"" are presented in a smaller font, with ""ANCHORAGE"" in black and the dates in a grayish hue, anchoring the event details clearly within the design.

Overall, the design combines elements of nature, community, and renewal, making it visually appealing and meaningful."
GRXS-714C2127.jpg,"The image features a cute cartoon-style goat characterized by a friendly demeanor. It has a rounded head, large, expressive eyes with a hint of sparkle, and a wide, cheerful smile that shows two small teeth. The goat's face is framed by tufts of fluffy fur, and there are prominent, curved horns that extend from the sides of its head, accented with a darker shade.

Its ears are large, flopping down slightly, and are also outlined in a darker green, complementing the overall color scheme. The goat's body is plump and furry, with additional tufts of fur accentuating its chest and behind. The legs are short and stout, ending in cloven hooves that are darkly shaded, giving more emphasis to its cheerful posture. The tail is small and cute, adding to its charming appearance.

The overall design is simple yet expressive, created in a monochromatic green hue, lending it a whimsical and playful vibe suitable for children's illustrations or branding."
GRXS-715DBB93.jpg,"The image features a logo for ""Aeronautical Radio Inc."" which is circular in design. The outer edge of the circle is marked by a bold yellow line. Inside this circle, the text ""AERONAUTICAL"" runs along the top arc, while ""RADIO INC."" is displayed along the bottom arc, both in uppercase lettering.

At the center of the logo, the acronym ""ARINC"" is prominently featured in large, bold font. The letters ""A"", ""R"", ""I"", and ""C"" are colored yellow, while the ""N"" is represented in a lightning bolt shape, which adds a dynamic element to the logo. 

Above the lettering, there’s a stylized representation of an aircraft's wing or propeller, also integrated with lightning imagery that symbolizes communication or electrical signals, further emphasizing the theme of aviation and technology. Below the text, there are horizontal lines that suggest a surface, perhaps representing the earth or runways, adding grounding to the aerial theme of the logo. 

Overall, the logo is characterized by its simplicity and strong visual elements, effectively conveying a blend of aviation and communication expertise."
GRXS-71760191.jpg,"The image features a logo that combines graphic elements with text. Central to the design are two crossed tools: a wrench and a spoon. 

1. **Tools**: The wrench is depicted in a light blue color, with a curved handle and a jaw that suggests functionality, while the spoon appears to have a similar light blue tone. Both tools are artistically stylized, giving them a modern and friendly appearance.

2. **Star**: Above the intersection of the tools, there is a small yellow star, adding a pop of color and a sense of achievement or excellence.

3. **Radiating Lines**: Surrounding the tools are several lines that emanate outward, resembling rays of light. These lines are a darker gray, enhancing the visual interest and suggesting movement or energy.

4. **Text**: Below the graphic elements, the phrase ""WE THE BUILDERS"" is displayed in bold, uppercase letters. The words ""WE THE"" are in a light gray, while ""BUILDERS"" is more prominent in a darker gray, emphasizing the action-oriented theme of construction and creation.

The overall feel of the logo is uplifting and encouraging, making it suitable for a company or initiative focused on collaboration, creativity, and hands-on work. The color scheme of light blue and gray, complemented by the bright yellow star, creates a harmonious and appealing visual."
GRXS-732A29A9.jpg,"The image is a logo depicting the theme of a swing dance club. It features a stylized silhouette of a man and a woman in a dance pose. The man is shown leading, with one arm raised as he holds the woman's hand. The woman is elegantly poised in a dress, emphasizing a classic swing dance position. 

Above the dancers, the text ""Swing Dance"" is arched in bold, capital letters, framing the logo. Below the dancers, the word ""Club"" is displayed in a more understated font, maintaining the club's identity. 

At the bottom of the logo, there's additional text that reads ""Minnesota State University"" in a larger font size, followed by ""Mankato"" in a smaller font, indicating the affiliation with the university. 

The overall design is clean and minimalistic, using a black silhouette against a white background, enhancing the visual impact and making it easily recognizable. The arched shape of the logo contributes to a classic aesthetic, reminiscent of vintage dance halls."
GRXS-73437B39.jpg,"The image features a modern and minimalist logo design. At the top, there is a stylized letter ""a"" formed by two curved components: the upper part is a light mint green, while the lower part is a darker shade, creating an appealing visual contrast. Below the symbol, the word ""AvodahConnect"" is displayed in a combination of fonts and colors. 

The word ""Avodah"" is in a bold, deep navy blue, emphasizing strength and professionalism. The word ""Connect"" follows in a softer mint green that matches the top portion of the ""a"" above, tying the whole design together. The overall composition exudes a contemporary feel, suggesting a focus on connection and collaboration. The use of colors is fresh and inviting, likely aiming to convey a sense of community and innovation."
GRXS-737B24BB.jpg,"The image features a logo for ""Santa Barbara High School Swimming & Diving."" At the top, the name of the school is displayed in a bold, uppercase font, predominantly in black. Below it, the words ""Swimming & Diving"" take the center stage, with ""Swimming"" highlighted in even bolder text to emphasize the activity. The word ""and"" is represented with a stylized ampersand, which is also prominent but slightly smaller than ""Swimming.""

In the background, swirling water motifs encapsulate the text, visually representing the aquatic theme. These swirls are black, conveying motion, and are accompanied by various small circles, mimicking splashes or bubbles in the water.

At the bottom of the design, there’s a layered emblem displaying the letters ""SB"" standing for Santa Barbara. The ""S"" is in a light green and the ""B"" in dark green, both styled in a thick, bold typeface that creates a sense of strength and school pride. The overall design effectively combines elements of swimming and diving with a clean and modern aesthetic."
GRXS-742C59E2.jpg,"The image features a logo for ""Lake Michigan Senior Living."" The design incorporates various elements that suggest a serene and inviting atmosphere. 

1. **Typography**: The word ""Lake"" is written in a delicate script font, while ""Michigan"" is prominent, with a graceful, flowing font style. The contrast in font sizes highlights ""Michigan"" as the focal point. The words ""SENIOR LIVING"" appear in a bold, uppercase, sans-serif font, providing a clear and straightforward readability that balances the elegance of the other texts.

2. **Color Palette**: The primary colors used are dark navy blue for the text and light yellow for the sun. The background is white, creating a clean and fresh appearance.

3. **Sun Element**: A large, soft yellow circle represents the sun, positioned to the upper right of the text. It gives the image a warm and sunny feel, which can evoke notions of comfort and positivity.

4. **Natural Elements**: To the left of the text, there are two stylized green leaves curving gently, suggesting a connection to nature and tranquility. Below the word ""Michigan,"" a light blue wave-like shape represents water, adding to the theme of the lakeside setting associated with Lake Michigan.

5. **Birds**: Above the sun, two simple bird silhouettes are depicted in black, adding movement and life to the design, further enhancing the serene, nature-focused theme.

Overall, the logo effectively combines elements of nature with elegant typography to convey a welcoming environment for senior living, evoking a sense of peace and community."
GRXS-745AEC05.jpg,"The image features a whimsical illustration of a classic bedframe, prominently displaying a tall headboard with ornate detailing. The wood is depicted in a warm, inviting shade of yellow. Each corner of the bed is capped with round finials, adding to its charm.

Atop the bed, stacked neatly, are several mattresses, layered and slightly varying in thickness. The mattresses have decorative patterns, including lines and diamond shapes, emphasizing a cozy, plush appearance.

In the center of the image is a stylized text that reads ""Once Upon A Mattress"" in a playful, handwritten font. The text appears to be surrounded by a whimsical, cloud-like outline that enhances the fairytale quality of the design. The color scheme maintains a consistent soft yellow tone, creating an overall cheerful and inviting aesthetic. Above the text, a small crown icon adds a royal touch, tying into the storybook theme. The background is mostly white, allowing the vibrant yellow tones of the bed and text to stand out prominently."
GRXS-74C7ADF3.jpg,"The image is a graphic logo featuring the text ""FOUR SEASONS"" prominently displayed in bold, capital letters at the bottom of the design. Above this text, there are silhouettes of multiple houses, with roofs and windows depicted in a simple black-and-white style. The houses are arranged in a line, creating a sense of community or neighborhood.

Below the main text, there are four distinct icons arranged in a row, each representing one of the four seasons:

1. **Spring**: On the far left, there is a graphic of a flower with petals, symbolizing renewal and growth.
   
2. **Summer**: Next to the spring icon, the summer icon features a bright sun with rays extending outwards, representing warmth and sunshine.

3. **Autumn**: The third icon shows a stylized leaf, indicative of the fall season with leaves changing color and falling.

4. **Winter**: Finally, the winter icon presents a snowflake, symbolizing cold weather and snow.

All elements are rendered in a monochrome palette, contributing to a clean and professional aesthetic suitable for a logo design. The overall composition conveys the idea of seasonal change and the comfort of home."
GRXS-7587A643.jpg,"The image features a logo for ""Doofus Ski Co."" The focal point is a stylized representation of ski goggles, which are outlined in a light blue color. Inside the lenses of the goggles, there's a scenic depiction of a mountainous landscape filled with trees. The mountains are illustrated in varying shades of blue, and the trees are depicted with simple, bold outlines to create a silhouette effect.

Below the goggles, the company name “DOOFUS SKI CO.” is prominently displayed in a playful, bold font. The text is rendered in a vibrant pink color, adding a fun and energetic feel to the design. The overall combination of light blue and pink gives the logo a fresh and youthful appearance, effectively capturing the spirit of winter sports and adventure. The design blends simplicity with a touch of whimsy, making it visually appealing and memorable."
GRXS-762A71AC.jpg,"The image depicts a bold emblem featuring a stylized design. At the center, there is a fierce purple panther with a menacing expression, showcasing sharp teeth and vibrant yellow eyes. The panther’s paw is prominently displayed as it grips rocky terrain, which is detailed in black with textures that resemble rugged rock formations. 

Above the panther, two fighter jets are soaring across a light blue sky, leaving behind contrails. The jets have intricate detailing, with wings prominently spread and small features that convey their aerodynamic design.

Encircling the emblem is a circular border that contains the acronym ""WHS AFJROTC"" in bold yellow letters, positioned at the top. At the bottom of the logo, “WA-20221” is displayed in yellow as well, providing a distinctive identification. The overall color scheme focuses on shades of purple, black, and blue, creating a striking contrast that emphasizes the fierce and dynamic themes present in the design. The entire logo is enclosed in a smooth circular outline, enhancing its emblematic quality."
GRXS-765DBCBF.jpg,"The image depicts a minimalist, stylized illustration of a beach scene. At the center, there is an iconic beach chair, designed in a tall, upright position with a simple vertical slatted pattern. This chair is prominently situated on a circular base, which represents water or a beach environment.

Flanking the chair are two palm trees, each depicted with curved trunks that rise gracefully, topped with a rounded canopy of fronds. The trees add a tropical feel to the scene. Above the chair, a bright sun is illustrated, symbolizing a warm, sunny day, with rays radiating outward.

The water below the chair is shown with gentle, wavy lines, suggesting movement or gentle waves typical of a beach setting. The entire image is outlined in a vibrant turquoise color against a white background, giving it a fresh and inviting appearance. The overall composition conveys a sense of relaxation and leisure reminiscent of a perfect day at the beach."
GRXS-769CB992.jpg,"The image features a playful, cartoon-style depiction centered around a slice of pizza, which serves as a character in the illustration. The pizza slice has a triangular shape, showcasing various black dots representing pepperoni, and a light brown crust at the top. The pizza slice has large, expressive eyes that convey a sense of surprise or concern.

This character is positioned inside a bold, circular line that crosses through it, signifying a prohibition or ""no"" symbol. The slice of pizza has cartoonish arms, with one hand holding a small object, perhaps a phone or a remote, while the other arm is slightly raised, as if expressing a point or emphasizing its message. 

Above the pizza slice, the words ""Drug Free"" are written in large, bold, hand-drawn letters, capturing attention with their rough and expressive style. The entire illustration is rendered in black and white, with a slightly rough texture that gives it a handmade feel. This artistic choice adds to the whimsical nature of the message, aiming to promote the idea of being drug-free in a lighthearted and relatable way."
GRXS-76BEC0AF.jpg,"The image features two stylized silhouettes of foxes facing each other. Each fox is depicted in a vibrant orange color, standing on all fours. Their bodies are slim and graceful, showcasing a bushy tail that curls upward at the ends, giving a sense of liveliness and energy.

The heads are slightly turned towards each other, with pointed ears perked up, suggesting alertness and curiosity. The facial features are not detailed, as it is a silhouette, but the distinctive shape of the fox's snout is apparent. The overall posture of each animal is upright, giving an aura of confidence and strength.

The background is plain and white, emphasizing the bright orange of the foxes, highlighting their contrasting silhouettes. The symmetry of the composition creates a balanced and harmonious look, making the image visually appealing."
GRXS-7768582D.jpg,"The image is a monochromatic illustration featuring a central figure in a circular design. The man depicted wears a wide-brimmed cowboy hat and has a beard. He is dressed in a checkered shirt with a collar, and there is a distinctive necktie. His expression appears confident, with a slight smile.

On the left side of the illustration, there is a tall saguaro cactus, emphasizing a southwestern theme. The background includes a stylized tree with curvy branches, adding to the nature-inspired elements. Surrounding the circular design, the text ""ARIZONA SAKE"" is prominently displayed at the top, while below it, the Japanese characters for ""sake"" are included. The entire composition is framed with a dotted border, contributing to a rustic aesthetic. The overall style is bold and graphic, suitable for label design, with a clear emphasis on the Arizona and sake themes."
GRXS-7784D440.jpg,"The image features a logo for ""MERCH CHAMPIONS."" The design incorporates a dynamic burst of fireworks, symbolizing celebration and excitement. The fireworks are depicted with elongated, curved lines radiating outward, primarily in red and blue colors, evoking a patriotic theme. 

At the center, the words ""MERCH CHAMPIONS"" are prominently displayed in bold, uppercase letters. The text is colored in a vibrant blue, set against a clean, white background, ensuring high visibility. The ""®"" symbol indicates that this is a registered trademark, emphasizing the brand's legitimacy. 

Scattered around the fireworks are small stars, further enhancing the celebratory feel of the logo. Overall, the design combines elements of festivity and pride, effectively conveying a sense of achievement associated with merchandise or branding."
GRXS-77E94316.jpg,"The image depicts a stylized airport departure board featuring a minimalist design. At the center, there is a silhouette of an airplane in profile, appearing to take off or fly past a window where the departure information is displayed. 

Below the airplane, a rectangular area shows specific details: 

- **Time**: The clock reads ""20:25,"" indicating the scheduled departure time.
- **Destination**: The name ""DAYTON"" is prominently displayed next to the time.

The word ""DEPARTURES"" is artistically rendered in large letters beneath the departure information. The typography is bold and blocky, with alternating patterns, some sections featuring diagonal stripes similar to caution tape. The overall aesthetic appears modern and graphic, utilizing a monochromatic color scheme that emphasizes simplicity and clarity, likely appealing to an urban or contemporary style. 

The background is mostly white, enhancing the contrast of the black lines and text, making the airplane and information the focal point of the image."
GRXS-78154D9B.jpg,"The image features a logo designed for ""Down Dog Yoga,"" specifically highlighting a 30-day challenge titled ""30 Day Throwdown."" 

### Central Elements:
- **Dog Illustration**: 
  - The central figure is a stylized dog face. 
  - It has a triangular head shape with two floppy ears extending from the sides. 
  - The dog’s face is depicted in a minimalistic style, using solid black and shades of gray. 
  - There is a playful green accent on the dog’s right eye, lending a bit of color to the design.

### Text:
- **Main Title**: 
  - The words ""Down Dog Yoga"" are prominently displayed above the dog illustration in bold, capital letters. The font is playful yet clear, emphasizing the yoga theme with a hint of whimsy.

- **Event Title**: 
  - Below the dog illustration, the phrase ""30 Day Throwdown"" is presented in a slightly smaller yet bold font. This text is also capitalized and adds to the dynamic feel of the logo.

### Surrounding Elements:
- **Stars**: 
  - Two yellow stars are positioned adjacent to the text ""30 Day Throwdown,"" adding a bright accent and drawing attention to the event.

### Overall Color Scheme:
- The logo primarily uses a black-and-white palette, complemented by accents of green and yellow. This vivid color contrast makes the logo eye-catching and energetic, fitting for a health and fitness theme.

### Shape and Layout:
- The overall layout is circular, providing a cohesive and harmonious feel that makes the logo easily recognizable.

This logo encapsulates a fun and inviting energy, suitable for a yoga community geared towards dog lovers."
GRXS-787A2EBE.jpg,"The image features a stylized representation of the state of Texas outlined in black. The shape of Texas is recognizable, displaying its characteristic panhandle and southern border. The interior of the state is filled with a soft peach color, providing a warm contrast to the bold black outline. 

Overlaid on the peach background, the word ""Texas"" is written in a dynamic, cursive font, also in black. The lettering has a fluid and artistic style, with certain letters, such as the ""T"" and ""x,"" featuring elongated strokes that create a sense of movement. The overall design combines elements of simplicity and boldness, capturing the essence of Texas in a modern, graphic fashion. The background of the image is white, which helps to emphasize both the shape and the text."
GRXS-787AB88A.jpg,"The image features a design that prominently incorporates the text ""PNG CAMP THUNDERBIRD."" The text is rendered in a rustic style that looks as if it is made from wooden logs. Each letter has a textured appearance, simulating the natural patterns found in wood, with a beige color that blends well with a light background.

To the right of the text, there is a stylized illustration of an eagle in flight. The eagle is depicted with its wings spread wide, showcasing a detailed feather pattern. Its head is turned slightly, giving it a majestic and dynamic pose. The eagle is also illustrated in a matching beige color, harmonizing with the overall earthy theme of the design.

The overall composition is clean and visually balanced, effectively conveying a sense of outdoor adventure and nature, likely in connection with camping or outdoor activities."
GRXS-794743E2.jpg,"The image features an illustrative representation of a majestic bird of prey, likely an eagle or hawk. The bird has a striking combination of reddish-brown feathers, characterized by intricate layering, particularly on its wings, which fan out gracefully. The wings are adorned with feather scales that gradually diminish in size toward the tips, creating a textured appearance.

The bird's head is notable for its distinctive white crown and sharp, pronounced beak, which is orange in color. Its intense eyes are yellow with a hint of a fierce gaze, contributing to its powerful demeanor.

Below the bird, there is a shield-shaped emblem in green, bordered with a golden outline. Within this shield, the number ""22"" is displayed in an elegant white script, providing a focal point that contrasts with the earthy tones of the bird and the shield.

Overall, the composition conveys strength and nobility, capturing the essence of a powerful avian figure that symbolizes vigilance and authority."
GRXS-794DC3A4.jpg,"The image features a bold and stylized logo predominantly in yellow. It consists of a large, circular emblem that resembles a traditional logo, reminiscent of a well-known music group. The emblem is divided by a horizontal white band across its center, which prominently displays the text ""FIN-TECH"" in a playful, chunky font that complements the circular design.

The top and bottom parts of the logo curve slightly outward, creating a dynamic shape. The yellow color is vibrant and eye-catching, set against a white background that enhances the overall visibility of the design. The lettering in ""FIN-TECH"" is also colored in yellow, maintaining consistency with the logo's design elements. This logo conveys a modern and energetic aesthetic, likely associated with the financial technology sector."
GRXS-79A7DC66.jpg,"The image features a detailed line drawing of a large, stately house, specifically identified as the ""Kappa Chapter"" of Alpha Xi Delta. The house has an elegant design with multiple architectural features.

1. **Structure and Design**: The main building has a combination of gabled roofs and a prominent chimney on one side. The roof is sharply angled, suggesting a classic residential style, while a small overhang adorns the entrance, providing a welcoming touch.

2. **Windows and Doors**: The facade includes several windows, each with a distinct design. There are symmetrical panes on either side of the central entrance, which is highlighted by an arched doorway topped with a rounded window. This central entrance is flanked by smaller decorative windows.

3. **Landscaping**: Surrounding the house are lush trees and meticulously trimmed bushes, enhancing the serene, inviting atmosphere of the residence. The illustration emphasizes the greenery, with rounded tops on the trees and neatly defined garden beds.

4. **Color Scheme**: The overall background color is a soft pink, which contrasts beautifully with the white outlines of the house and landscaping, creating a charming and sophisticated ambiance.

5. **Text Elements**: The bottom of the image features the text ""ALPHA XI DELTA"" in bold letters, with ""KAPPA CHAPTER"" beneath it, emphasizing the identity of the sorority and chapter.

Overall, the image conveys a sense of tradition, elegance, and community associated with the sorority's residence, characterized by its architectural beauty and surrounding nature."
GRXS-79B1D69B.jpg,"The image is a logo designed for the ""Customer Support Center Training Department"" of Valvoline, a well-known automotive service brand. 

**Central Element:**
- At the center is the Valvoline logo, which features a stylized ""V"" formed by two colors: red on the left side and blue on the right, creating a dynamic look. It represents both energy and reliability.

**Text Elements:**
- Surrounding the central logo is a circular arrangement of text. 
- At the top, the phrase ""CUSTOMER SUPPORT CENTER"" is written in a bold, black font.
- Below the logo is the word ""INCORPORATED,"" presented in a smaller size, also in black.
- The bottom part of the logo features ""TRAINING DEPARTMENT,"" which mirrors the upper text's curved arrangement.

**Decorative Features:**
- Encircling the text and logo are concentric circular lines that create a sense of movement. These lines alternate between light blue and red, occasionally dotted with smaller circles in blue and red, adding vibrancy and dynamism to the design.

**Year of Establishment:**
- At the very bottom, the text reads ""SINCE 2024,"" indicating the inception year of this training department.

Overall, the design is modern and professional, effectively representing the Valvoline brand while highlighting a focus on customer support and training."
GRXS-79E676FD.jpg,"The image features a stylized graphic depicting a swimmer in action. Central to the design is a silhouette of a male swimmer, who is positioned as if diving into the water. He is wearing a swim cap and goggles, showcasing a focused expression as he prepares to swim.

The swimmer’s arms are extended forward, creating a dynamic sense of movement. Below him, there are flowing waves represented by sweeping curved shapes in shades of light blue, enhancing the impression of water. The gentle curves suggest fluidity and motion, complementing the swimmer's vigorous pose.

Beneath the graphic of the swimmer and the waves, the text reads: ""2025 Southeast Zones and North Carolina Masters Swimming Championships."" The font for the text is playful and rounded, rendered in a light blue color that matches the waves above. This combination of elements evokes a sense of excitement and promotes the event related to swimming, appealing to athletes and enthusiasts alike."
GRXS-7A9026A7.jpg,"The image features a logo for ""Welch Turf & Landscape,"" prominently displaying the name ""WELCH"" in large, bold capital letters. The letters are in a deep green color, evoking a sense of nature and growth. Above the name, there are two stylized green leaves that add a natural element to the design, suggesting a connection to plant life and landscaping. 

The leaves are designed with smooth curves and a subtle detailing that suggests movement, resembling new growth. To the left of ""WELCH,"" the abbreviation ""EST"" is positioned, likely indicating the establishment year, and ""2023"" is placed to the right in a slightly smaller font, also in green. 

Underneath ""WELCH,"" the words ""TURF & LANDSCAPE"" are displayed in a slightly smaller, but still bold font. The overall color palette is primarily various shades of green, reinforcing the theme of freshness, vitality, and environmental consciousness. The overall composition of the logo is clean and modern, creating a professional image for the brand."
GRXS-7AE48D61.jpg,"The image features a logo for ""WYO SPORTS RANCH,"" which emphasizes youth sports in Wyoming. The design is structured as follows:

1. **Text Layout**:
   - The words ""WYO SPORTS"" are positioned at the top in a concise, uppercase format. The font is bold and slightly condensed, suggesting a sporty and modern aesthetic.
   - Below this, the word ""RANCH"" is prominently displayed. This word is larger and designed in a bold, dynamic typeface, with exaggerated curves and serifs, creating a sense of motion and excitement.

2. **Color Scheme**:
   - The primary color used for ""RANCH"" is a deep red, conveying energy and enthusiasm.
   - ""WYO SPORTS"" is colored in a light blue, providing a contrast to the red and adding a friendly and inviting feel to the logo.

3. **Additional Text**:
   - Beneath “RANCH,” the phrase ""YOUTH SPORTS OUT WEST"" is positioned in smaller, blue letters. This supplemental text reinforces the focus on youth sports and the regional aspect.

4. **Design Elements**:
   - Above the text, there is a simple graphic element resembling a goalpost or arch, which further hints at sports themes. The color of this element is the same light blue as the upper text, adding cohesion to the overall design.

The logo conveys a sense of active engagement in youth sports, with a local flair that emphasizes its connection to Wyoming. The combination of bold text, vibrant colors, and sporty design elements makes it visually striking and appealing to its target audience."
GRXS-7B5300D6.jpg,"The image features a professional business card design primarily using a bright blue and white color scheme. 

1. **Logo**: At the top left, there is a rounded logo that says ""appli"" in bold lowercase letters, with a circular border. The letters are designed to stand out against the background.

2. **Name Section**: Below the logo, the name ""Ashley Bedford"" is prominently displayed in a larger, bold font. Next to it, there is a small notation indicating ""NMLS 1278530,"" which refers to a national mortgage licensing system number.

3. **Address**: The address is clearly stated beneath the name in smaller text: ""7680 Universal Blvd., Ste 660, Orlando, FL, 32819."" This information is aligned to the left.

4. **Email and Phone Number**: Below the address, there are contact details: an email address ""ashley@appli.com"" in a bold font, followed beneath with the phone number ""407-394-9488,"" prominent in a larger size.

5. **Graphic Element**: To the left of the text, there is a cute design of an astronaut, illustrated in a cartoonish style. The astronaut has a blue helmet with a white suit and is depicted in a playful pose, adding a whimsical touch to the professional card.

6. **Additional Details**: A QR code is positioned in the top right corner, and there is a small note specifying ""Equal Housing Lender"" beneath the QR code, reinforcing the professional nature of the card.

The overall layout is clean and organized, providing essential information in a visually appealing manner."
GRXS-7B998AF5.jpg,"The image features a circular design with a prominent black and white color scheme. At the center, there is a stylized depiction of the Earth, primarily showing North and South America, rendered in black with white outlines. Surrounding the globe are multiple octopus tentacles, adding a dynamic and fluid element to the design.

Flanking the globe are two crossed swords, their blades pointed outward, contributing to the nautical theme. The tentacles curl around elements of the design, creating a sense of movement and interconnection.

At the top of the image, the words ""KREWE OF"" are displayed in a bold, stylized font, while ""SEA SAVEYOURS"" is prominently featured at the bottom, also in an eye-catching, slightly distressed font that conveys a sense of adventure and mystique. The background is a solid gray, providing contrast that enhances the black and white elements of the design. The overall composition combines themes of oceanic adventure and environmental awareness."
GRXS-7C15B2E9.jpg,"Error generating caption: Error communicating with OpenAI: ('Connection aborted.', ConnectionResetError(10054, 'An existing connection was forcibly closed by the remote host', None, 10054, None))"
GRXS-7C489600.jpg,"The image features a stylized logo that combines text and a graphic element. The word ""meal"" is presented in a vibrant green color, with the letters being solid and rounded, conveying a fresh and modern appearance. To the left of the text, there is a graphic that resembles a location pin or map marker, colored the same green, which reinforces the theme of locating meals.

The word ""crunch"" is displayed in a bold and playful pink color, contrasting sharply with the green of ""meal."" The letters in ""crunch"" are also rounded but slightly less uniform than ""meal,"" giving it a dynamic feel. Overall, the design balances playfulness and clarity, likely aimed at attracting attention in the food or dining industry. The combination of colors and shapes suggests a focus on fun and accessibility in meal options."
GRXS-7D4215DF.jpg,"The image features a stylized text logo. At the top, the word ""LASH"" is presented in bold, uppercase letters. The letters are designed with sharp angles and a modern font, creating a strong visual impact. Below ""LASH,"" there is the word ""CHEVROLET,"" also in uppercase letters but in a slightly smaller font size. 

To the left of the word ""CHEVROLET,"" there is a recognizable symbol, the Chevrolet bowtie logo, which consists of a simple, elongated cross shape. The entire logo design is monochromatic, using a solid black color, enhancing its boldness and clarity. The overall composition suggests a professional and contemporary feel, typical of automotive branding."
GRXS-7E66F505.jpg,"The image features a logo with the text ""ArmInArm"" prominently displayed in a bold, modern font. The first four letters ""Arm"" are in a dark navy blue, while the ""In"" is in a lighter turquoise color that stands out. The second segment ""Arm"" is also in navy blue. 

Beneath this, the phrase ""better together"" is written in a smaller, more understated font, colored in the same turquoise hue as the letter ""In"". To the right, the text ""40+ years"" is displayed, with the number ""40"" in a bold turquoise and the ""+"" symbol in a darker shade, all encircled by a thin turquoise ring, giving a sense of completion or cohesion. 

The overall color scheme combines navy blue and turquoise, suggesting professionalism and trust. The logo is clean and visually balanced, conveying a message of partnership and longevity."
GRXS-7E7FC1D8.jpg,"The image features a vibrant and colorful design centered around a heart shape. The heart is designed to resemble the Earth, showcasing a blue ocean and green landmasses. The continents are depicted in bright shades, giving it a lively feel.

Encircling the heart is a film strip that wraps around it in a diagonal manner, suggesting a connection to cinema or film. The film strip is predominantly black with green accents and light-colored borders, adding contrast to the overall design.

Below the heart, the text reads ""BELMONT BLOOMS 2025"" in a bold, stylized font. The text is colored in a rich teal hue, tying into the colors of the heart above. The design conveys a sense of celebration and creativity, likely associated with a festival or event focusing on film and culture."
GRXS-7EC4E65D.jpg,"The image features a logo designed in a monochromatic black-and-white style. At the center, there is a large rock formation, depicted in black with a stylized, smooth surface that suggests stability and strength. 

Standing atop the rock are four figures, representing children. They are simplistic silhouettes, each holding hands with the next, creating a sense of unity and togetherness. The figures are designed in a childlike manner, showcasing various hairstyles and one wearing a hat, adding diversity to their appearance.

Above the group of children, there is a prominent vertical cross, symbolizing faith, reaching upward. The cross is simple yet striking, with horizontal and vertical lines clearly visible. 

Beneath the graphic elements, the text reads ""SOLID ROCK"" in bold, uppercase letters, conveying a sense of strength and reliability. Below that, the word ""CHILDCARE"" is displayed in a smaller font, also in uppercase, suggesting the purpose of the organization. The overall design is clean and impactful, conveying themes of support, community, and faith."
GRXS-7EF0BB6F.jpg,"The image displays a logo for ""Forward Marketing."" The design features a prominent forward-slash symbol that gives an impression of movement or progression, emphasizing the concept of advancing or moving forward. 

The word ""FORWARD"" is rendered in large, bold uppercase letters, conveying strength and assertiveness. The color scheme primarily consists of dark gray and black, with a gradient effect that adds depth and dimension to the text. The font is modern and sleek, enhancing the professional appearance of the logo.

Below ""FORWARD,"" the word ""MARKETING"" appears in slightly smaller letters but is equally bold and striking, maintaining a cohesive visual hierarchy. Directly beneath that, the phrase ""Manufacturers' Representatives"" is presented in a smaller, lighter font, indicating the niche focus of the business while still being clear and legible.

The background of the logo is white, which helps the text and design elements stand out vividly. Adding to the dynamic feel of the logo, there are several horizontal lines or streaks emanating from the left side, suggesting speed and efficiency. Overall, the logo effectively communicates a professional identity aligned with the themes of growth and innovation."
GRXS-801D6787.jpg,"The image features a logo design primarily centered around a paint roller. The roller itself is depicted in a vibrant shade of purple, with a textured, fluffy applicator head that suggests it's well-used for painting. This roller is connected to a black handle, which has a slightly curved arm leading to the roller portion. 

Below the roller, the text is prominently displayed in a playful yet professional font. The main title reads “JUST A CHICK” in bold, black letters. It suggests a friendly, approachable service, possibly aimed at a female demographic. Beneath the main title, the tagline states “PRECISION PAINTING AND INTERIOR DECORATING SERVICES"" in a smaller font, also in black, which adds a touch of clarity about the services offered.

At the bottom of the logo, a phone number “252-342-5506” is included, providing a direct call to action. The overall design is clean, simple, and visually appealing, using a combination of colors and text to convey a sense of reliability and creativity in the painting and decorating industry."
GRXS-807F0108.jpg,"The image features a logo for ""A&J SHEET METAL."" The design consists of bold, modern typography and a color scheme that utilizes black, red, and white. 

At the top, the letters ""A&J"" are prominently displayed in a large, bold black font. The ampersand ""&"" is stylized and blends seamlessly with the letters ""A"" and ""J,"" creating a cohesive look. 

Below ""A&J,"" the word ""SHEET"" is placed within a bold red rectangular background, using a white font that stands out against the red. 

Finally, the word ""METAL"" appears in a similar style to ""SHEET,"" positioned directly below it in black, contributing to the overall balanced composition of the logo. 

The design conveys a strong, professional image, suitable for a business involved in sheet metal work."
GRXS-80B8B57E.jpg,"The image features a logo composed of the text ""SEC AUTO TRANSPORT."" 

1. **Text Styling**: 
   - The letters ""SEC"" are displayed prominently in a playful, curved, and artistic font. The ""S"", ""E"", and ""C"" are all colored in a bright blue, which adds a vibrant and energetic feel.
   - The word ""AUTO"" is nestled within the curve of the ""S"". It is rendered in bold black letters, standing out against the lighter blue background.
   - The word ""TRANSPORT"" is in a bold black font as well, positioned beneath ""SEC"" and ""AUTO"". It is straightforward and clear, contrasting with the more playful top part of the logo.

2. **Layout and Composition**:
   - The arrangement of the text suggests a hierarchy, with ""SEC"" being the most prominent element.
   - The overall design is balanced; the larger ""SEC"" is visually anchored by the solid black ""TRANSPORT"" underneath.

3. **Color Scheme**: 
   - The predominant colors are blue (for ""SEC"" and part of ""AUTO"") and black (for ""AUTO"" and ""TRANSPORT""). This color combination gives the logo a modern and professional appearance.

4. **Overall Impression**:
   - The logo conveys a sense of movement and efficiency, suitable for a business related to auto transportation. The playful font of ""SEC"" suggests a friendly, approachable brand, while the bold simplicity of ""TRANSPORT"" emphasizes clarity and reliability."
GRXS-80BBE9A0.jpg,"The image consists of a logo featuring a stylized silhouette of a woodworker in action. The woodworker is depicted in a side profile, engaged in the process of woodworking, possibly using a hand tool or a plane. The figure is filled with a solid green color, which suggests a connection to nature and craftsmanship.

The woodworker is wearing an apron, and their posture indicates focus and skill in their craft. The left arm is positioned as if guiding the tool across a surface, showcasing an active and concentrated stance.

Beneath the silhouette, the text ""WOODWORKERS"" is prominently displayed in bold, black letters, indicating the primary focus of the brand. The word ""Source"" is included in a more cursive, stylized font, creating a contrast with the boldness of ""WOODWORKERS."" This combination of typefaces adds an inviting and professional touch to the overall design, suggesting that the organization is a reliable resource for woodworkers and woodworking supplies.

The background of the logo is plain white, which enhances the visibility of both the silhouette and the text, making the logo clean and easy to recognize. Overall, the image conveys themes of craftsmanship, quality, and accessibility in woodworking."
GRXS-81C2F588.jpg,"The image features two distinct text elements stacked vertically. 

1. **Top Text:**
   - The word ""BRAND"" is displayed in a bold, uppercase font in a deep red color.
   - Right next to it, ""SAFWAY"" is presented in a black uppercase font. 
   - There is a yellow arrow graphic that points to the right, which adds a dynamic element to the text. 
   - A small, registered trademark symbol (™) is located to the right of ""SAFWAY."" 

2. **Bottom Text:**
   - Below, the words ""TEAM MONROE"" are presented in an uppercase, bold, and slightly more rounded font.
   - The word ""TEAM"" is in a bright yellow color, with an eye-catching design where the letters have a layer effect, creating a sense of dimension.
   - ""MONROE"" follows in a complementary yellow color, also featuring similar stylistic elements.

The overall design conveys a professional and cohesive branding identity, with a focus on strength and teamwork. The use of color and font styles enhances visibility and creates an impactful visual statement."
GRXS-8225E73D.jpg,"The image features a stylized tree design set against a black background. The tree is artistically rendered in white, showcasing a large trunk from which several branches extend outward, creating an expansive canopy. The branches are adorned with green leaves, providing an organic feel to the artwork.

At the center of the tree, the branches intertwine to form a heart shape, symbolizing love and connection. Surrounding the tree, text is incorporated into the design, emphasizing themes of family and unity. The phrase ""Our Roots Run Deep"" arches above the tree, while ""Family Reunion"" is prominently displayed at the center, using a cursive and bold font. Below the tree, the phrase ""Our Love Runs Deeper"" curves gently, reinforcing the emotional message.

Overall, the design conveys a strong sense of familial bonds and togetherness, enhanced by the harmonious interplay of text and imagery."
GRXS-82CF397B.jpg,"The image showcases a stylized, minimalist cityscape viewed from a street perspective. The scene is dominated by an oversized geometric structure resembling a soccer ball or a dome, which arches high above the buildings. This structure features a pattern of hexagons and pentagons, rendered in a gradient of gray tones, contrasting sharply against the solid black background.

On either side of the perspective, two rows of buildings line the street. They are depicted with sharp, linear outlines, emphasizing a modern architectural style. The buildings have a clean design, with flat roofs and simple facades, lacking intricate details. The structures are mostly devoid of windows and doors, lending a stark, abstract quality to the scene.

The street itself is shown receding into the distance, leading the viewer’s eye toward the center where the dome appears to loom overhead. Thin lines representing sidewalks can be seen flanking the street, adding to the sense of space. The overall atmosphere is one of stark contrast, combining elements of urban architecture with the playful shape of a sports-themed dome, creating a surreal and imaginative setting."
GRXS-836BE722.jpg,"The image features a colorful logo with a mix of graphical elements and text. At the top, there are stylized mountains, which are illustrated in various shades of blue and white, incorporating snow caps on the peaks. Below the mountains, there is a fluffy, gray cloud, which adds a sense of softness to the design.

Rising prominently from the cloud is the iconic Space Needle, represented with a light blue color, giving a nod to its recognizable structure. This adds a cityscape element to the logo.

Below the graphical elements, bold text is displayed in a combination of blue and yellow. The phrase “DO MORE WITH” is positioned at the top in a slightly smaller font, where ""DO MORE"" is highlighted in yellow and ""WITH"" in blue. 

The central focus of the logo is the word “SERVERLESS”, which is large and bold, colored in a bright blue. It is emphasized with a modern typography style. Beneath “SERVERLESS,” the letters “ADC” are presented in a darker blue, subtly indicating the type of service or product being promoted.

Overall, the logo has a vibrant and modern aesthetic, conveying themes of technology and innovation while integrating elements of nature and urban identity."
GRXS-83B780F7.jpg,"The image features a graphic design that centers on two green bolts arranged in an 'X' formation. Each bolt is depicted with prominent grooves and a flat head, emphasizing their industrial nature. Surrounding the bolts is a circular orange design, which resembles a stylized dragon. The dragon's body curls around the circle, with its head oriented toward the top, showing an open mouth and sharp details, including claws.

At the bottom of the image, the numbers ""22"" and ""59"" are displayed in a bold, pixelated font, colored in a bright green. The contrast between the green bolts, the orange dragon, and the white background enhances the visual impact. The overall design combines elements of machinery and mythical themes, suggesting a blend of technology and fantasy."
GRXS-84532F5C.jpg,"The image is a circular logo prominently featuring the words ""SILVER LAKE"" at the top in bold, capital letters. The background of the logo is primarily black, contrasting against vibrant colorful elements depicted within.

At the top of the logo, there are stylized, jagged white mountains that suggest a rugged landscape. Below the mountains, a gradient of warm colors—orange and yellow—creates a sunset or sunrise effect with a deep red circular sun partially visible.

In the center of the logo, a picturesque scene unfolds: a fisherman is depicted in white standing on a series of rocks, casting a fishing line into a blue river. The river curves gracefully, leading to a small green tent situated near the water's edge. 

On the banks of the river, there are several evergreen trees in varying shades of green, adding a natural feel to the scene. To the right of the tent, a small campfire can be seen with hints of red and orange flames, surrounded by black stones, conveying a cozy camping atmosphere.

The overall design captures an outdoor recreational theme, celebrating nature with fishing, camping, and the beauty of a serene lakeside setting."
GRXS-8490A74B.jpg,"The image features a vibrant and bold design predominantly in shades of pink. At the top, the words ""SEASON 14"" are presented in large, striking letters, followed by ""ICONS,"" emphasizing the theme of iconic figures. 

Central to the design is a silhouette of four figures walking across a stylized representation of a crosswalk, reminiscent of the famous Abbey Road album cover. The figures are depicted in various poses, suggesting movement and rhythm, and they are filled with a solid pink color that stands out against a white background. 

Surrounding the silhouettes are stylish signatures in a soft pink, adding a personal touch to the design. Notable elements include delicate wings and a heart motif, which flank the word ""ICONS,"" enhancing the thematic connection to celebration and artistry.

At the bottom, the phrase ""FOREVER DANCE COMPANY"" is presented, solidifying the context of the design within the world of dance and performance. Overall, the composition is lively and engaging, appealing to fans of dance and entertainment."
GRXS-84D02CF2.jpg,"The image is a logo featuring the word ""MERIDIAN"" prominently displayed in a bold, uppercase font. The font has a modern and clean design, conveying professionalism. Below ""MERIDIAN,"" the words ""STONE + COUNTERTOPS"" are presented in a slightly smaller size, offering a clear indication of the business's focus.

Above the text, there is a stylized graphic element that resembles a mountain peak, created with geometric shapes. The peak is formed by two overlapping triangles, creating an impression of depth and dimension. The design uses a monochromatic color scheme, predominantly in black, which gives it a sleek and sophisticated appearance.

Overall, the logo effectively represents a brand associated with stone and countertop products, combining elements of nature and modern industry in its design."
GRXS-857D7B52.jpg,"The image features a graphic design with a rock-inspired theme. In the center, a hand emerges from an open box, making the iconic ""rock on"" gesture with the index and pinky fingers extended while the middle and ring fingers are curled inward. The hand is detailed with a bracelet adorned with spikes.

The box itself is stylized, appearing somewhat jagged at the edges, with a star emblem on one side and a skull with crossed bones on the opposite side, giving it a rebellious vibe. The entire design displays a monochromatic color scheme, predominantly in shades of gray, which adds to its punk aesthetic. 

At the bottom of the image, the text ""THE LEFTOVERS"" is prominently displayed in bold lettering, with ""SIGONELLA SICILY"" beneath it in a smaller size. The lettering has a rough, distressed texture, enhancing the overall gritty appearance of the artwork. This design could be associated with a music group or an event linked to a rock or punk culture, emphasizing themes of rebellion and fun."
GRXS-85A17098.jpg,"The image features a logo with a simple, bold design. The logo prominently displays the word ""UNILOY,"" written in uppercase letters with a modern sans-serif font. The letters appear sleek and clean, suggesting a contemporary and professional tone. To the right of ""UNILOY,"" there is a registered trademark symbol (®), indicating that the name is a registered trademark.

Below ""UNILOY,"" in slightly smaller font size, is the phrase ""FIELD SERVICE,"" also in uppercase letters. The font maintains the same modern style, creating cohesion with the brand name above. The overall color scheme is monochromatic, likely using a solid black for the text, which enhances visibility and impact. 

The layout is straightforward, with ""UNILOY"" at the top and ""FIELD SERVICE"" directly underneath, creating a clear visual hierarchy. This logo could be used for branding purposes, identifying services related to field operations in a professional context."
GRXS-85FBF4DE.jpg,"The image features a promotional design for a production titled ""The Hunchback of Notre Dame,"" adapted by Tim Kelly. 

1. **Color Scheme**: The primary color used throughout the image is yellow, set against a white background, which creates a bright and inviting look.

2. **Text Elements**:
   - The phrase ""Circle Drama Department Presents"" is positioned at the top in a playful, handwritten style, conveying a casual yet artistic approach.
   - The title ""UNBCHBACK OF NOTRE DAME"" is prominent and centrally placed in bold, stylized lettering. The word ""HUNCHBACK"" is slightly larger, and its unique font adds a dramatic flair. 
   - Below the title, it states ""DRAMA ADAPTED BY TIM KELLY,"" in a simpler font, offering context to the adaptation.

3. **Illustrative Components**:
   - To the left, there is a simplified silhouette of the iconic Notre Dame Cathedral. It features two prominent towers with arched windows, capturing the essence of the architecture.
   - On the right side, there is an artistic line drawing of a face, likely representing the character of Quasimodo. The expression is contemplative, with details that convey emotion, complemented by messy, tousled hair that adds to the character's individuality.

Overall, the design merges text and imagery effectively, portraying the theme of the drama while engaging the audience visually."
GRXS-866F2434.jpg,"The image features a logo for the ""Holo Makai 2nd Annual Race,"" which is visually appealing and stylized. 

1. **Text and Typography**: 
   - Prominent in the center is the phrase ""Holo Makai."" The words are written in a bold, cursive font that has a playful and vibrant feel, with “Holo” and “Makai” in a deep golden color. 
   - Below ""Holo Makai,"" it specifies “2nd Annual Race” in a smaller, yet clear font that matches the overall aesthetic.
   - The years “2020” and “2025” flanking the sides are in a soft peach color, indicating perhaps the event's history or progression.

2. **Graphics**: 
   - Above the text, there's a stylized silhouette of two palm trees, adding a tropical touch to the logo. The trees are outlined with delicate detailing showcasing the leaves.
   - Behind the text, there is a large sun at the center, rendered in a warm orange hue. From the sun, radiant lines extend outward, reminiscent of sunlight reflecting on calm water.

3. **Background**: 
   - The background is predominantly white, making all elements of the design stand out clearly.
   - At the bottom, the phrase “Sponsored by Kapaa SDA Church” is written in a smaller, curved text, integrating smoothly into the overall design.

Overall, the design captures an inviting and spirited atmosphere, perfect for a community event centered around outdoor activities."
GRXS-871B19C2.jpg,"The image features a minimalist logo design for ""Performance Water Products."" The logo consists of stylized elements and text.

1. **Text**: The name ""Performance Water Products"" is presented in a sleek, modern font. The word ""Performance"" is positioned at the top and is slightly larger, creating a hierarchy. Below it, ""Water Products"" is written in a similar style but with a subtle increase in font weight, conveying professionalism and clarity.

2. **Color Scheme**: The entire logo employs a monochromatic color palette, primarily in shades of gray. This gives it a clean and contemporary look while enhancing legibility.

3. **Graphic Elements**: To the left of the text, there is a series of horizontal lines forming a grid or bar graph pattern. This graphic element may symbolize fluidity, movement, or efficiency, aligning with the theme of water products.

4. **Overall Aesthetic**: The logo design is balanced and straightforward, reflecting a corporate identity that suggests reliability and expertise in water-related products.

The overall impression is one of professionalism, tailored for a business specializing in water products."
GRXS-8835CDC7.jpg,"The image features a logo for the ""Beta Club"" associated with Christiana Middle School. The logo has a bright yellow color scheme that conveys a sense of enthusiasm and energy. 

At the center, there is a stylized letter ""B"" in a bold, white font, surrounded by a shield-like shape that is also yellow. The shield has subtle outlines, emphasizing its form and adding a touch of sophistication to the design.

To the right of the ""B,"" the words ""BETA CLUB"" are presented in a playful, yet straightforward yellow font. The letters are slightly uneven, giving it a hand-drawn appearance, which adds a personal, inviting touch.

Below the club name, the phrase ""CHRISTIANA MIDDLE SCHOOL"" is displayed in a thinner, more sophisticated font. It is also yellow but in a slightly different style, creating a hierarchical distinction between the club name and the school name. 

The overall feel of the image is vibrant and youthful, suitable for a middle school organization promoting leadership and academic excellence. The use of yellow evokes positivity and friendliness, aligning with the club's mission to foster a supportive community among students."
GRXS-88548B0A.jpg,"The image features the logo of the Lawndale Christian Legal Center. It consists of a stylized cross symbol integrated into a square shape on the left side, colored in white against a vibrant purple background. The cross is positioned vertically with a horizontal beam intersecting it towards the upper part, creating a clear and recognizable Christian symbol.

Adjacent to the cross, on the right side, the text reads ""LAWNDALE CHRISTIAN"" in uppercase, bold letters, also in purple, matching the background on the left. The word ""LEGAL"" appears prominently below it in the same bold style, followed by the word ""CENTER"" underneath, both in purple.

The overall design conveys a sense of professionalism and community focus, utilizing a modern font that emphasizes clarity and accessibility. The combination of the religious symbol and legal terminology suggests a mission rooted in serving the community with Christian values."
GRXS-8860617E.jpg,"The image features a graphic design that represents a skyline silhouette alongside textual elements. 

1. **Skyline Design**: The upper section of the image displays a stylized silhouette of a city's skyline in a dark blue color. The skyline includes various building shapes such as tall skyscrapers with distinctive rooftop designs, smaller buildings, and decorative elements like domes and spires, creating a dynamic urban skyline.

2. **Shark Fin Element**: Prominently integrated into the skyline is a graphic representation of a shark fin, which is shaped somewhat like a triangular sail, hinting at the theme of ""sharks."" It is white, standing out against the dark blue of the skyline.

3. **Textual Elements**: Below the skyline is the text ""SHARKS RUN THE CITY."" This text is prominently displayed in a bold, strong typeface. ""SHARKS"" is styled in capital letters, and is larger in size compared to the rest of the text, emphasizing the central theme. ""RUN THE CITY"" is also in capital letters but slightly smaller and appears directly beneath ""SHARKS.""

4. **Additional Text**: At the bottom, along with a slightly smaller font size, it states ""Des Moines Icons"" followed by ""EST. 1926."" This suggests a historical or community focus, indicating that the icon of the city, represented by sharks, has been significant since this establishment year.

Overall, the design is simple yet impactful, conveying a sense of local pride and identity, particularly related to Des Moines. The use of dark blue and white creates a strong contrast, making the elements visually striking."
GRXS-88FE59F8.jpg,"The image features a vintage-inspired design primarily in a muted yellow color against a dark gray background. At the top, the word ""APRIL"" is prominently displayed in a bold, distressed font, with the number ""20"" placed slightly beneath it. 

Beneath ""APRIL,"" the word ""REIGN"" spans out in an equally bold font, also showing a distressed texture. The number ""25"" is positioned next to ""REIGN,"" connecting the two parts of the design.

Central to the composition are two stylized Viking helmets, each adorned with distinctive features. The left helmet has large, horn-like projections and a furry trim, decorated with metallic elements such as rivets and patterns. The right helmet is embellished with wings that fan out from the sides, adding a dramatic flair to the design.

Above and around the helmets, there are additional graphical flourishes, including lines and shapes that enhance the overall vintage look. At the bottom, the text ""PHI KAPPA TAU"" is rendered in a clean, strong typeface, anchoring the design with an academic or fraternity feel. 

The overall aesthetic combines elements of old-school heraldry with a modern graphic style, presenting a unique visual statement."
GRXS-894A55B5.jpg,"The image features a playful and stylized illustration of a dog standing on a solid turquoise background. The dog has a predominantly white coat with several brown patches and spots scattered across its body. Its ears are also brown, and it has a slight brown spot on its back and one on its side. 

The dog is depicted in a side profile pose, with one front paw raised slightly as if poised to take a step. It holds a black leash gently in its mouth, adding a playful touch to the design. 

Beneath the dog, there is text that reads ""puppie love"" in a whimsical, handwritten style. The word ""puppie"" is in lowercase letters and features a small paw print in place of the letter ""i."" The ""love"" part of the text is more stylized, incorporating an italicized font. A small brown paw print is also situated next to the word ""puppie."" The overall aesthetic is cute and inviting, appealing to dog lovers."
GRXS-8992211A.jpg,"The image features a logo for ""Newton Food Pantry."" It prominently displays a pear shape composed of colorful geometric shapes. The pear is illustrated with various vibrant hues including teal, orange, yellow, and dark blue, creating a mosaic-like effect. Above the pear’s body, there is a stylized green leaf that adds to the organic theme.

The text ""NEWTON FOOD PANTRY"" is situated beside the pear in bold, uppercase letters. The words are rendered in a deep shade of blue, providing a strong contrast against the light background. The layout is clean and organized, with ""NEWTON"" positioned above ""FOOD PANTRY,"" emphasizing the community-focused nature of the organization. Overall, the design is modern and visually engaging, promoting a sense of support and nourishment."
GRXS-89BF6C54.jpg,"The image showcases a logo for ""Collateral Recovery Team LLC."" It is structured with a modern and sleek design. 

1. **Color Scheme**: The logo primarily utilizes a striking combination of red and silver-gray. The predominant color is a vibrant red, which is used effectively for the ""C"" and part of the ""R"" in the acronym ""CRT.""

2. **Letter Design**: 
   - The letter ""C"" is designed with a bold, rounded shape, colored red, and features a subtle glossy texture that gives it a three-dimensional appearance.
   - The letter ""R"" is also bold and angular, appearing in silver-gray, which contrasts sharply with the red. It includes a smooth gradient that enhances its modern look.

3. **Texas Outline**: Inside the letter ""R,"" there is a small outline of the state of Texas, subtly indicating the company's location or area of operation. This detail adds a personalized touch, linking the business to its geographical roots.

4. **Additional Text**: Below the acronym, the full name ""COLLATERAL RECOVERY TEAM"" is displayed in capital letters, rendered in a bold, sans-serif font. This is underneath a line that runs horizontally through the logo, aligning with the overall modern aesthetic. 

5. **Company Identifier**: ""LLC"" follows the full name in smaller text, also centered and in silver-gray, providing clear identification of the business type.

Overall, the logo conveys professionalism and reliability, fitting for a recovery or repossession service. The design elements work together harmoniously to create a strong brand image."
GRXS-8A6C7455.jpg,"The image features a logo for a ""CS Club"" associated with Purdue University in Indianapolis. The design is modern and minimalistic, utilizing geometric shapes and a clean typeface.

1. **Color Scheme**: The logo employs a two-tone color palette. The left section is a light beige color, while the right section is a dark brown. Both colors provide a strong contrast against the white elements within the design.

2. **Shape and Composition**: The logo consists of two distinct sections. The left side is shaped like a rounded rectangle or square that transitions to the right with a more angular triangular shape. This adds a dynamic quality to the overall design.

3. **Text Elements**:
   - At the top-left, ""CS CLUB"" is prominently displayed in a bold, blocky font that conveys a sense of strength and stability. The text color is dark brown, contrasting well with the beige background.
   - Below this, in a smaller font, the words ""Purdue University"" are featured, followed by ""Indianapolis"" in a slightly smaller size, both rendered in the same dark brown color. The font has a technical or digital feel, reflecting the computer science theme of the club.

4. **Symbols**: Each side of the logo features a symbol related to coding: the left side has a less-than symbol (“<”) in white, while the right side displays a greater-than symbol (“>”) also in white. These symbols are often associated with programming and logic, reinforcing the identity of the CS Club.

Overall, the design of the logo is clean, modern, and effectively communicates its association with technology and computer science."
GRXS-8ADB6C2C.jpg,"The image features a playful design centered around the theme of ""Seussical,"" a musical inspired by the works of Dr. Seuss. 

1. **Hat Illustration**: At the top left, there is a vibrant, red-and-white striped Cat in the Hat’s hat, slightly tilted. It has pronounced stripes and a rounded brim, giving it a whimsical character.

2. **Text Layout**: The title ""Seussical"" is prominently displayed in bold, stylized lettering. The word is predominantly red, with a playful font that has a fun, bouncy feel. The letters are slightly elongated and have an energetic curve, emphasizing the whimsical nature of the musical.

3. **Event Details**: Below the title, the text ""Covenant Christian Academy"" is written in a straightforward, professional font in black. This is followed by the event dates, ""March 20-22, 2025,"" which are also in black and positioned neatly to give clear information about the timing of the event.

4. **Background**: The background is plain white, allowing the red, black, and visual elements to stand out prominently, creating a bright and inviting atmosphere that reflects the fun and imaginative essence of Dr. Seuss’s stories.

Overall, the image combines whimsical illustration with straightforward information, capturing the essence of a school production related to Dr. Seuss."
GRXS-8AE5783C.jpg,"The image features a stylized logo with a dominant red color on a white background. At the top, there are three red stars arranged in a horizontal line, indicative of a design element often associated with various emblems or military insignias.

Beneath the stars, a bold and dynamic eagle graphic occupies the central space. The eagle is depicted with wide wings extended upward, showcasing its feathers in a sharp, angular design that conveys movement and power. The eagle's head is turned slightly, with a fierce expression, emphasizing its predatory nature.

Below the eagle, the text reads ""6842A,"" which is rendered in a clean, modern font. This is followed by the word ""APOLLO,"" displayed in the same bold style, enhancing the overall symmetry of the logo. The entire composition is striking and assertive, evoking feelings of strength and leadership."
GRXS-8AEC602A.jpg,"The image features a stylized logo for ""The Georgetown Journal of Law & Public Policy."" 

At the top of the image, the text is prominently displayed in a bold, dark blue font. The title reads ""THE GEORGETOWN JOURNAL OF"" in all capital letters, and below it, ""LAW & PUBLIC POLICY"" is similarly styled but includes a larger ampersand, emphasizing the connection between the two fields.

Central to the design is a cartoonish bulldog head, which is depicted in gray with highlights and shadows to give it depth. The bulldog has an assertive expression, with furrowed brows and a slightly open, jutting jaw displaying its teeth. It wears a light blue cap with a dark blue ""G"" on the front, symbolizing its connection to Georgetown University. 

The bulldog's design incorporates sharp, pointed features, particularly around its face and neck, adding a fierce, yet playful character. Surrounding the bulldog's neck is a collar made of spikes, further accentuating its formidable appearance. 

Overall, the logo captures a mix of academic seriousness and school spirit, reflecting the themes of law and public policy associated with Georgetown University. The combination of bold text and the distinctive bulldog imagery creates a cohesive and recognizable brand."
GRXS-8B33557A.jpg,"The image features a vibrant and colorful design centered around a large, stylized diamond. Set against a black background, the diamond has a light blue and turquoise color scheme with sharp facets. The text ""TOP TIER DIAMONDS SC"" is prominently displayed across the diamond in bold, modern font. The word ""DIAMONDS"" is especially emphasized with a larger size.

Surrounding the diamond are multiple animated characters, all depicted as confident and joyful women with dark skin and voluminous, curly hair. They are dressed in striking outfits that vary in color, primarily featuring bright greens and yellows. Each character showcases a unique style: some wear fashionable dance costumes with sequins, while others are adorned with accessories like tiaras and jewelry. The poses are dynamic, suggesting movement and energy, as they dance or interact with each other in a playful manner.

In the background, there are silhouettes of city skyscrapers, contributing to an urban atmosphere. There are also various geometric shapes and sparkles scattered around, enhancing the lively and glamorous feel of the design. Overall, the image exudes confidence, celebration, and a sense of community among the characters."
GRXS-8BDC1F8B.jpg,"The image features a logo celebrating the Rye Garnets hockey team. At the top, the word ""RYE"" is displayed in a bold, arched format, with ""GARNETS"" directly below it in large, stylized typography that conveys a sense of pride and tradition. 

Central to the design is a circular emblem that includes the letter ""R"" prominently featured in red against a black background. This section is bordered by the words ""RYE"" and ""HOCKEY,"" positioned along the upper and lower arcs of the circle respectively. The year ""1974"" is placed just beneath the ""R,"" indicating the establishment of the team or significant milestone.

At the bottom of the logo, the phrase ""50 Years"" is presented in a smaller, elegant script, underscoring a notable anniversary. Below that, in a bold and straightforward font, the words ""SECTION CHAMPIONS"" emphasize the team's achievement. The overall color scheme of deep red, black, and white contributes to a strong and dynamic visual impact, representing the team's identity and history."
GRXS-8CBCD9A9.jpg,"The image features a logo composed of two main elements: a stylized animal head and text. 

1. **Animal Head**: The head appears to be that of a cartoonish, anthropomorphic creature, seemingly inspired by a lion, characterized by a fierce expression. The fur is predominantly orange, with a white snout and a pronounced downward frown, suggesting determination or anger. A green military helmet rests atop its head, which is the focal point of the design and conveys a sense of strength and military affiliation. The eyes are narrowed, enhancing the intense look of the creature.

2. **Text**: Below the animal graphic, there is text that reads ""SSG Matthew Thompson Veterans Resource Center."" The text is in a bold, serif font, giving it a formal yet approachable appearance. The words are colored in a dark green, echoing the green of the military helmet and enhancing the logo's cohesive color scheme.

Overall, the design combines elements of military symbolism with a friendly yet assertive character, indicating that the center is a resource aimed at supporting veterans. The colors used—orange, white, and green—are bright and engaging, likely intended to instill a sense of pride and community."
GRXS-90AE1601.jpg,"The image features a logo design that centers around the word ""echo"". The word is designed in lowercase letters and is positioned prominently in the middle. The letters are primarily colored in a vibrant blue.

Surrounding the letter ""e"" at the beginning of the word, there is a stylized graphic element that resembles an abstract swirl. This swirl is made up of two colors: a bright red and the same blue as the text. The design conveys a sense of movement and dynamism.

Below the main text, there is a tagline presented in uppercase letters that reads: ""OF WHAT WE USED TO BE."" This tagline is colored in a bold red, contrasting with the blue of the logo. The font used for the tagline is larger and bolder than the main text, emphasizing its significance.

The overall design is clean and modern, with a professional aesthetic that likely aims to evoke feelings of nostalgia and evolution, given the tagline. The combination of colors and font suggests a contemporary brand identity."
GRXS-91038752.jpg,"The image features a logo that prominently displays the phrase ""GOAL READY"" in bold, uppercase black letters. The word ""GOAL"" is styled with a circular emblem that includes a checkmark inside it, suggesting accomplishment or readiness. This emblem is positioned near the ""G"" in ""GOAL"".

Below ""GOAL READY,"" there is a smaller phrase that reads ""with Centrum,"" also in black but in a slightly less bold typeface. The entire logo is set against a white background, which enhances visibility and creates a clean look.

At the bottom of the logo, there is a gradient line that transitions from a vibrant red to orange, yellow, green, blue, and finally purple, giving the design a colorful and dynamic feel. This gradient element adds an energetic touch, suggesting positivity and motion. Overall, the logo conveys a sense of motivation and readiness, possibly related to health or wellness goals associated with the Centrum brand."
GRXS-91244933.jpg,"The image features a logo design that incorporates the shape of a horn, specifically resembling a French horn. The primary color used in the logo is a vibrant shade of yellow, which outlines the horn and forms its distinctive shape, including the flared end and coiled body.

In the center of the horn, the words ""GOLDEN EAGLE HORN SOCIETY"" are displayed in a playful, handwritten style font, utilizing a contrasting light purple color. The text is arranged in a manner that follows the curve of the horn, enhancing the overall harmony of the design.

At the bottom of the horn, beneath the main text, ""TN TECH"" is included, also in the same purple font but in a smaller size, indicating a connection to Tennessee Technological University. The background of the image is white, providing a clean and uncluttered appearance that emphasizes the logo. The overall aesthetic is modern and inviting, suggesting a spirited community associated with music or band activities."
GRXS-916CE221.jpg,"The image features a stylized illustration of a small building, likely representing a food stand or taco shop, labeled ""TACOCINA."" The building has a distinctive, angular roof with slight overhangs and is adorned with colorful decorative elements, such as strings of round ornaments in alternating shades of pink and blue, hung along the top edge. 

The structure is depicted in a light turquoise color, outlined in a slightly darker shade, giving it a vibrant, cheerful look. There are two prominently displayed windows on the front of the building, each defined with simple linework. 

To the right of the building, there is an illustration of a plant, resembling a succulent or agave, rendered in the same turquoise hues as the building, adding to the cohesive color scheme. 

The word ""TACOCINA"" is boldly displayed at the bottom of the image in large, pink, capital letters, emphasizing the theme of the establishment. The overall design combines playful graphics with a clean, modern aesthetic, making it visually engaging and inviting."
GRXS-918DBDA5.jpg,"The image features a logo for ""Rocket Shippers."" The design prominently showcases the word ""Rocket"" in bold, red letters, which conveys a sense of energy and dynamism. The letter ""R"" in ""Rocket"" is stylized, with a rocket graphic emerging from the top. The rocket is bright orange with a white window, and it has red fins, indicating upward motion as it appears to launch into the sky.

Beneath ""Rocket,"" the word ""SHIPPERS"" is displayed in a lighter, sky-blue color, using a clean, modern font. The contrast between the red of ""Rocket"" and the blue of ""SHIPPERS"" creates an eye-catching visual appeal. The background of the logo is white, allowing the colors to stand out sharply. Overall, the design is vibrant and conveys themes of speed, efficiency, and movement, which are likely aligned with the brand's mission in logistics or shipping."
GRXS-92200DC5.jpg,"The image features a logo with two prominent triangular shapes representing mountains, rendered in a bright yellow color. These triangles are positioned side by side and vary slightly in height, suggesting a dynamic mountain range. Below the mountains, the text ""SKIFF MOUNTAIN FILMS"" is displayed in bold, uppercase black letters. The font is modern and clean, with ""SKIFF"" positioned above ""MOUNTAIN FILMS,"" creating a clear hierarchy in the design. The overall aesthetic is minimalist and visually striking, with a strong contrast between the bold black text and the vibrant yellow of the mountains, conveying a sense of adventure and creativity associated with film production. The image is set against a white background, enhancing clarity and focus on the logo elements."
GRXS-92C2B416.jpg,"The image features a logo with a stylized, cursive text that reads ""Cornhole."" The letters are intricately designed with a flowing, dynamic appearance, emphasizing a sense of playfulness and movement. They are rendered in a light gray color, which gives the logo a modern yet approachable feel.

Beneath the word ""Cornhole,"" there is a curved line that sweeps across the text, leading to a circular emblem that features the letter ""T"" in bold font. This circular element is also in gray, reinforcing the overall color scheme. 

Below the main title, the phrase ""A TitleOne Charity Tournament"" is displayed in a simpler, sans-serif font. This text is smaller and less stylized, ensuring it complements the playful cursive above without detracting from it.

The background remains plain and white, providing a clean and uncluttered backdrop that enhances the visibility of the logo elements. Overall, the design conveys a sense of community and engagement, indicative of a charitable event centered around the game of cornhole."
GRXS-92E7F373.jpg,"The image presents a logo for the ""Jubilee Park Teen Program."" The logo features a stylized house shape, rendered in a vibrant green color. The structure of the house has a triangular roof at the top and a solid base, emphasizing a sense of community and shelter.

Inside the house shape, there are three abstract figures represented by oval-like forms. These figures are positioned above a series of fluid, wavy lines that intertwine, suggesting movement and connection, which may symbolize teamwork or interaction among teens.

Below the graphic element, the text reads “Jubilee Park” in bold, uppercase letters with a clean, modern font. Underneath that, in a smaller size but still prominent, the words “Teen Program” are displayed, indicating the focus of the initiative.

The overall design is simple yet effective, combining elements of playfulness and warmth, reflecting the program's aim to engage and support teenagers in a community setting. The predominant use of green conveys freshness and a welcoming environment."
GRXS-940ACBE4.jpg,"The image features a logo with a bold design predominantly in green and black. At the center is a large, stylized letter ""W,"" which is filled with a dark green color and outlined in a thick black border, giving it a strong, eye-catching appearance. Above the ""W,"" there are three letters, ""LBMS,"" rendered in a slightly smaller size and the same dark green color, also outlined in black. 

Beneath the ""W,"" the word ""SOFTBALL"" is displayed in capital letters. This text is slightly wider and is also filled with green, outlined similarly in black. The overall composition of the logo is balanced, emphasizing the ""W"" while clearly identifying it as representing the LBMS softball team. The logo is set against a white background, which enhances the visibility of the green and black design elements."
GRXS-94B4B573.jpg,"The image displays a logo for ""The Mission Inn Hotel & Spa."" The design features stylized text in a dark olive green color, giving it a classic and elegant appearance. 

At the top of the logo, there’s a bell tower icon, which is rendered in a matching olive green hue. This tower has a notable architectural design, suggesting a sense of history and importance, with a simple yet distinctive bell structure that could imply heritage or landmark status.

The main text is divided into three lines:
1. ""The Mission Inn"" is prominently displayed as the focal point, with ""The"" being smaller than ""Mission Inn.""
2. Below, ""HOTEL & SPA"" is placed in a slightly smaller font, emphasizing its dual nature as both a hotel and a wellness destination.
3. At the bottom, there is a tagline that reads ""A NATIONAL HISTORIC LANDMARK,"" reinforcing the establishment's historic significance.

Overall, the design combines tradition with sophistication, appealing to guests looking for a unique and historical lodging experience. The color palette, style, and typography all reflect a strong brand identity associated with elegance and history."
GRXS-95209EB4.jpg,"The image features a logo with a vibrant and modern design. At the center, there are two stylized figures depicted in simplistic, colorful forms. The left figure is orange, with a circular head and an arm raised, suggesting a gesture of celebration or high-fiving. The right figure is blue, mirroring the pose of the first figure with a raised arm, indicating a high-five interaction between both figures.

Beneath these figures, the text ""LEAD AMBASSADORS"" is prominently displayed, with ""LEAD"" in large, bold blue letters that stand out. The letters have a slight three-dimensional effect, giving them depth. Below ""LEAD,"" the term ""AMBASSADORS"" is presented in a slightly smaller, bold font, maintaining the blue color for consistency.

Further beneath the main title, the tagline reads ""Leaders of Equity, Advocacy & Diversity in Education,"" written in a smaller, more understated font. This phrase conveys the mission or purpose behind the logo, emphasizing themes of equity, advocacy, and diversity within educational contexts.

The overall design is clean and visually appealing, utilizing a dynamic color scheme to promote a sense of positivity and collaboration. The combination of imagery and text effectively communicates the initiative's focus on leadership and community involvement in education."
GRXS-97ABD7DA.jpg,"The image features a monochromatic logo design showcasing two defined figures: a muscular man and a toned woman. They are positioned back-to-back, both displaying strength and athleticism. 

The man, on the left, has short hair and a chiseled physique, flexing his bicep while holding a dumbbell in his right hand. His posture conveys confidence, with a focused expression. 

The woman, on the right, has long hair styled back and a fit frame, also holding a dumbbell with her right arm raised. She appears determined and strong, with an assertive expression as she looks slightly to the side. 

Behind them is a shield-like emblem that frames the figures, adding a bold outline to the design. The logo prominently features the text “X2 POWERHOUSE” at the bottom, using a strong and modern font that emphasizes strength and fitness. The overall design combines elements of fitness, empowerment, and athleticism, conveying a message of strength and togetherness in the pursuit of fitness goals."
GRXS-97F13B4F.jpg,"The image features a logo design centered around the theme of a high school, specifically for the class of 2025. At the top, the words ""OPEN HIGH"" are displayed in large, bold lettering. The letters are a mix of golden hues, giving them a vibrant and eye-catching look. 

Beneath the main title, the text ""2025 SENIORS"" is prominently featured in a contrasting black font, emphasizing the graduating class. 

At the center of the design, there's an illustration of a bee. The bee's body showcases a combination of shades, primarily black and yellow, mimicking the natural coloring of an actual bee. Its wings are depicted with delicate detailing, contributing to the overall energetic and playful theme. 

Additionally, there are a pair of black sunglasses positioned above the ""OPEN HIGH"" text, adding a fun element to the design, and giving the impression of a relaxed, youthful vibe. 

The overall composition is balanced and visually engaging, combining text and imagery effectively to create a memorable emblem for the graduating seniors."
GRXS-984860F6.jpg,"The image features a logo design primarily in a deep blue color, set against a white background. At the left side, there is a vintage-style microphone, depicted in a stylized manner with a grid-like pattern on the microphone head and a sweeping silhouette that captures the curvature of the microphone's body. 

To the right of the microphone, three bold letters ""K"", ""L"", and ""A"" are prominently displayed in a classic serif typeface. The letters are arranged in a slightly upward diagonal line, with a dot placed between the ""K"" and ""L."" A clean, horizontal line runs below and through the letters, enhancing the overall composition. The simplicity and classic elements of the design suggest a connection to music or radio broadcasting, emphasizing a sense of nostalgia and professionalism."
GRXS-991E5C07.jpg,"The image depicts a stylized silhouette of a horse, crafted with flowing, continuous black lines on a white background. The horse is shown in a dynamic pose, suggesting movement or action, with its head raised and neck arched gracefully. The shape captures the essence of the horse's physique, highlighting its powerful legs and elegant posture.

The mane is suggested by sweeping lines that curve gracefully around the head. The overall design is minimalistic, emphasizing simplicity and elegance. The black lines contrast sharply with the white background, creating a bold visual impact. This artistic portrayal conveys a sense of freedom and spirit, characteristic of the noble creature it represents."
GRXS-992B06AB.jpg,"The image features a logo for ""Twin Pine Bison Company, LLC,"" set within a hexagonal badge design. 

**Background and Color Scheme:**
- The background is a soft, muted blue, which provides a calming contrast to the design elements.
- The logo primarily uses a natural color palette, incorporating earthy browns, greens, and cream tones.

**Logo Elements:**
1. **Bison:** 
   - A prominent, stylized bison is depicted in the center, shown in profile. Its body is a rich brown color with a lighter shade accentuating its muscular form. The bison appears strong and majestic, adding a sense of ruggedness to the logo.

2. **Nature Imagery:**
   - On either side of the bison, there are two tall evergreen trees, rendered in varying shades of green. Their detailed outlines suggest depth and texture, enhancing the natural feel of the logo.
   - Below the bison, there is graphical representation of grass or shrubbery in vibrant green, providing a grounded appearance.

3. **Mountains:**
   - In the background, subtle mountain shapes are illustrated in a light beige, hinting at the nature and region's rugged landscape.

**Text Elements:**
- The words ""TWIN PINE"" are prominently displayed in large, bold, uppercase letters at the top, using a strong brown color for visibility.
- Below, in slightly smaller font, the words ""BISON COMPANY"" appear, also in uppercase, maintaining the consistency of the design.
- The acronym ""LLC"" is situated at the bottom of the logo in a more understated manner, emphasizing the company's formal designation.
- The word ""WHEATLAND, WY"" is displayed at the base, connecting the company to its location in Wyoming, rendered in a circular format for a cohesive look.

Overall, the logo combines elements of nature and bison imagery to convey a sense of authenticity and connection to the land, reflecting the values and focus of the company."
GRXS-99688980.jpg,"The image features a modern logo primarily composed of text and geometric shapes. At the top, there is a circular emblem with a dark blue background. Inside this circle, a stylized letter ""P"" appears in a lighter grey, incorporating smooth lines with an angular touch.

Adjacent to the circle, the text ""PARK CHAPEL"" is displayed in uppercase letters, rendered in a bold, light grey font. Below this, the word ""MEN"" is presented prominently, also in uppercase, but slightly larger and in a darker blue hue, matching the background of the circle. 

Beneath the logo and the main text, a smaller phrase reads, ""Follow Jesus. Make Him Known."" This phrase is in a similar light grey color but is of a smaller size and placed center-aligned. The overall design conveys a sense of community and purpose, reflecting a focus on faith and connection among men."
GRXS-9993807C.jpg,"The image features a stylized design of a jaguar's head, emphasized with fierce and aggressive expression. The jaguar's face is predominantly in red, showcasing bold spots in black that highlight its feline features. The eyes are sharp and intense, conveying a sense of strength and power. Below the jaguar's mouth, the teeth are bared, enhancing the fierce demeanor.

Encircling the jaguar's head is a circular border, and within this circle, there are two baseballs in red, crossing through the top of the design. The jaguar's ears are pointed and upright, contributing to its alert pose. Below the image is the word ""JAGUARS"" in large, bold, black lettering, providing a strong contrast against the white background. The entire design is dynamic and energetic, likely aimed at conveying the spirit of sportsmanship."
GRXS-99938C69.jpg,"The image features a stylized graphic design for a cafe, primarily in black and white. At the top, the words ""Fog Eater"" are written in a playful, cursive font, with the letters varying in thickness and decorated with a dotted texture. The design includes whimsical elements such as stars and sparkles surrounding the text, enhancing its lively aesthetic.

Beneath the ""Fog Eater"" text, two illustrated faces are portrayed side by side, each with distinct hairstyles and accessories. The face on the left has dark hair styled in a bun, along with a headband adorned with floral elements. This character features prominent earrings and a cheerful expression. The face on the right sports a wavy hairstyle with a side part and is framed by round glasses. This character also smiles, presenting a friendly vibe.

Flanking both faces, there are illustrations of forks, adding a culinary theme to the design. A sun peeks out from behind fluffy clouds in the upper portion of the image, implying a bright and inviting atmosphere.

Below the characters, the word ""CAFE"" is displayed in bold, uppercase letters, creating a strong focal point against the overall design. Lastly, the word ""MENDOCINO"" is positioned at the bottom in a simpler font, serving as a location identifier, with each letter spaced out evenly. The entire composition combines a vintage feel with modern charm, suggesting a cozy and welcoming dining experience."
GRXS-9A16DFED.jpg,"The image features a dynamic design centered around the word ""wildcats,"" which is prominently displayed in a bold, stylized font. The letters are black and outlined in white, giving them a significant presence against the design's backdrop.

Surrounding the word is an eye-catching circular arrangement of cheerleading pom-poms. The pom-poms have a vibrant gold glitter texture mixed with light blue and white streamers, creating a sense of movement and energy. This visual element adds a festive and spirited vibe, suitable for a cheerleading team.

Encircling the graphic are the words ""APPLING CHEER"" repeated multiple times, with the text oriented in a circular pattern. The font of these words is slightly more understated, yet still clear and engaging, enhancing the theme of cheerfulness and encouragement. 

The overall color scheme consists of gold, white, and shades of blue, contributing to a lively and athletic aesthetic. The design is perfect for representing a school mascot or spirit team, aimed at evoking enthusiasm and pride among supporters."
GRXS-9B108EA9.jpg,"The image features a stylized illustration of a bulldog's head, emphasizing a fierce and determined expression. The bulldog's face is predominantly gray, with distinctive shading that adds depth to its muscular features. The eyes are narrowed and intense, showcasing a piercing gaze, while the mouth is open slightly, revealing sharp teeth and a pronounced jawline.

Surrounding the bulldog's neck is a spiked collar, depicted in a deep red color that contrasts sharply with the gray of the bulldog. The collar is adorned with pyramid-shaped spikes, adding to the aggressive and tough demeanor of the character. 

The overall design is bold and graphic, with clean lines and a streamlined appearance, making it suitable for a sports logo or mascot. The combination of colors—gray for the bulldog and red for the collar—creates a striking visual impact. The background is white, allowing the illustration to stand out prominently."
GRXS-9B36F15C.jpg,"The image features a logo for ""Piedmont Health Smile Club."" The design is primarily monochromatic, utilizing bold black outlines. At the top, the text ""Piedmont"" is presented in a clean, modern font, followed by ""HEALTH,"" which is centered beneath it in slightly smaller letters.

Below the text, there is a stylized illustration of a large, cheerful smile depicted as an open mouth with prominent teeth. The teeth are outlined in black and divided into sections, suggesting they are healthy and well-maintained. The smile is curved upward, creating a friendly and inviting appearance.

Underneath the smile, the words ""Smile Clüb"" are displayed. The ""S"" and ""C"" are emphasized with a playful font, while the ""ü"" in ""Clüb"" features an umlaut, adding a whimsical touch to the overall design. The logo conveys a sense of friendliness and health, suitable for a dental or health-related service."
GRXS-9B5E25BA.jpg,"The image features a vibrant design centered around a circular orange background. At the forefront, the bold word ""BALI"" is prominently displayed in large, white capital letters. The letters are stylized with a slightly playful font, giving a sense of liveliness and energy.

Above ""BALI,"" there are intricate silhouettes of traditional Balinese architectural elements, which include pointed roofs and decorative motifs typical of Balinese temples. These elements are rendered in black, creating a striking contrast against the bright orange backdrop.

Below the main title, the phrase ""Asian Cuisine"" is incorporated in a more delicate, cursive font, enhancing the overall aesthetic. This part of the text is also rendered in black, complementing the architectural details above.

The combination of bold typography, vibrant colors, and intricate designs conveys a cultural theme associated with Bali and Asian cuisine, aiming to evoke a sense of flavor and tropical allure."
GRXS-9B69A1AC.jpg,"The image depicts a dynamic and powerful illustration of a bison, portrayed in a stylized and somewhat aggressive manner. The bison's muscular body is captured mid-motion, suggesting intense energy and strength, with its head turned slightly to the side. The bison's mane is notably detailed, showing flowing fur that enhances its fierce appearance.

Surrounding the bison is a rope that encircles its body, creating a sense of motion as if it is breaking free from restraint. The rope has a textured appearance, emphasizing its thickness and strength. The image also incorporates swirling elements that resemble wind or dust, enhancing the feeling of movement and action.

The entire illustration is rendered in shades of gray, with variations in tone that add depth and dimension. Shadows and highlights are skillfully depicted, lending a three-dimensional quality to the figure and rope. The background is minimal, ensuring that the focus remains on the powerful figure of the bison and the dynamic composition of the rope and movement. This artwork evokes themes of freedom and strength, symbolizing the untamed and robust nature of the bison."
GRXS-9B709E65.jpg,"The image features a logo prominently displaying three dogs against a stylized backdrop. 

1. **Background and Shape**: The logo is structured with a shield-like background painted in a gradient blend of blue tones. Silhouettes of evergreen trees can be seen in the background, adding a natural element to the design.

2. **Dogs**: 
   - On the left side, there’s a muscular and well-defined white dog, likely a breed known for its strength, standing in a proud pose.
   - In the center, there is a small, fluffy dog that appears to be a Chihuahua, characterized by its smaller stature and perked ears, exuding a cute and lively vibe.
   - On the right side is a large, alert-looking German Shepherd with a striking black and tan coat, its ears in a raised position, showcasing its attentive demeanor.

3. **Text Banner**: At the bottom of the image, a bold red ribbon banner spans across the width. The text “BRIGHTPINE K9” is written in large, white letters with a black outline, ensuring it stands out against the red backdrop.

Overall, the logo combines elements of strength, companionship, and canine variety, effectively representing a brand associated with dogs."
GRXS-9B745145.jpg,"The image features a vibrant, retro-style logo for ""Mahar's Vintage Guitars."" The background is a bright turquoise color, offering a lively and inviting feel. 

In the foreground, the text ""Mahar's"" is prominently displayed in a bold, stylized font that features thick black letters with a yellow outline, giving it a striking appearance. The possessive apostrophe in ""Mahar's"" is artistically integrated into the design.

Below ""Mahar's,"" the phrase ""Vintage Guitars"" appears in a slightly smaller size but still in a similarly bold typeface. This text is also styled with a yellow outline, maintaining a cohesive look. 

To the left of the text, there is a distinctive arrow design that points to the left, colored in orange, which adds a dynamic element to the logo. The overall design blends a modern aesthetic with a touch of vintage charm, making it appealing and memorable for a guitar-related brand. The web address "".com"" is positioned at the bottom, subtly integrated into the design without detracting from the main elements."
GRXS-9C28C85A.jpg,"The image showcases a graphic design centered around the theme of nursing. 

- **Background and Color:** The backdrop prominently features a circular yellow shape, which adds a bright and vibrant feel to the design. This color choice is often associated with optimism and energy.

- **Text Elements:** At the top of the image, the word ""FUTURE"" is displayed in bold black uppercase letters, conveying aspiration and the upcoming role of an individual in the nursing field. Below it, the word ""NURSE"" is also in bold black uppercase letters but is larger, emphasizing its significance and central theme. 

- **The Letter 'N':** The letter ""N"" from ""NURSE"" is styled in a unique way, featuring additional design elements that give it a distinct look. These elements seem to include flowing lines, possibly suggestive of compassion or care, which aligns with the essence of nursing.

- **Stethoscope Element:** A stethoscope is partially integrated into the design, with its tube wrapping around the letter 'N.' This adds a clear medical reference and reinforces the theme of nursing. The stethoscope is depicted in a simple and line-art style, making it easily recognizable.

Overall, the design effectively combines colors, text, and imagery to celebrate the future of those entering the nursing profession."
GRXS-9CDDA25F.jpg,"The image features a circular emblem with a predominantly monochromatic design. At its center is a stylized representation of a bull's head, showcasing prominent horns and expressive facial features. Surrounding the bull's head, there are two triangular shapes pointing outward, accentuating the central figure.

Encircling the entire design is a bold ring with the phrase ""HOLD FAST"" inscribed at the top, emphasizing resilience or steadfastness. Flanking the bull are two angled shapes resembling flags or banners, contributing to a sense of motion or energy within the emblem.

At the bottom of the circular design, there's a component resembling a belt or strap, fastened with decorative rivets that add texture and detail. The year ""2025"" is subtly marked on this strap, indicating a specific reference or significance connected to the emblem. The overall color scheme is a mix of grays, enhancing the emblem's classic and austere aesthetic."
GRXS-9E31AC98.jpg,"The image showcases a vintage car, specifically a classic hot rod, positioned prominently in the foreground. The car is primarily illustrated in black and features distinct chrome accents, such as large, shiny wheels and a prominent front grille with intricate details. It has an aggressive stance, showcasing its low profile and large tires, giving it a powerful appearance.

Behind the car, there is a vibrant orange sun setting, casting a warm glow over the scene. The sun is partially obscured by palm trees, which are silhouetted against the bright orange backdrop. The palm trees are depicted with detailed fronds, emphasizing an exotic, warm climate.

Above the car and sun, the text ""MAYHEM in MESQUITE"" is boldly rendered in a playful, dynamic font. The lettering is partly outlined in black and features a textured effect that suggests movement or energy.

The overall composition is striking, using a limited color palette of black, white, and orange, enhancing the retro vibe while creating an engaging visual contrast. The combination of the classic car, sunset, and palm trees evokes a sense of adventure and nostalgia associated with warm, sunny locales."
GRXS-9EB3D9C4.jpg,"The image features a stylized logo incorporating the text ""AQUA TRACTION"" along with the phrase ""ADVANCED MARINE FLOORING."" 

1. **Text Design**: 
   - The word ""AQUA"" is positioned at the top and is presented in a bold, uppercase font.
   - The word ""TRACTION"" is aligned beneath ""AQUA,"" also in a bold typeface, creating a cohesive and striking visual emphasis.
   - The phrase ""ADVANCED MARINE FLOORING"" is located below the main logo text, in a smaller size, maintaining a professional appearance.

2. **Graphic Element**: 
   - To the right of the text, there is an illustration of a fish, depicted in a simplified and somewhat abstract style.
   - The fish has a prominent curved shape, suggesting movement, and features detailed scales that give it texture.
   - Its eye is distinctly illustrated, adding a focal point, while the fin and tail are also depicted in a stylized manner, emphasizing the fluidity of water.

3. **Color Scheme**:
   - The logo is rendered in black and white, providing a bold contrast that enhances visibility and clarity.

4. **Overall Layout**:
   - The combination of the text and the fish graphic creates a balanced composition, suggesting themes related to water, marine environments, and flooring solutions that cater to boating or aquatic settings.

This logo effectively communicates the brand's focus on marine flooring with a clean and professional look."
GRXS-9F2FDBB1.jpg,"The image features a stylized avocado as the central element, designed with a modern, digital aesthetic. The avocado is depicted in an abstract manner, showcasing its layers: a vibrant green outer layer representing the skin, a brighter yellow-green section representing the flesh, and a rounded brown seed in the center. Surrounding the avocado are circuit-like patterns that suggest a blend of nature and technology, emphasizing a contemporary look.

Above the avocado, the word ""ARAVOCADOS"" is prominently displayed in bold, blue letters. The typography is clean and rounded, enhancing the modern feel of the design. The overall color palette includes shades of green, brown, and blue, creating a fresh and energetic vibe. The layout is circular, with the avocado placed strategically within the circular design, contributing to a harmonious and balanced composition."
GRXS-A0926AEE.jpg,"The image features a minimalist design set against a circular background that is a soft gray color. In the center, there is a simple, stylized representation of a plant or sprout with two leaves. The plant is depicted in white, contrasting sharply with the gray background. 

The leaves are curvy and rounded, giving them a natural and organic appearance. Each leaf has a subtle line running through it to indicate the midrib, enhancing the plant's realistic look while maintaining a simplistic design. The stem is slender and straight, supporting the leaves and emphasizing the growth theme. 

Overall, the composition conveys a sense of tranquility and a connection to nature, embodying themes of growth, sustainability, and simplicity. The clean lines and gentle colors suggest a modern approach to natural imagery."
GRXS-A0B3BFB4.jpg,"The image features a logo that combines both text and a graphic element. The graphic depicts a stylized house shape, created using a bold, black silhouette. The house is characterized by a triangular roof and a rectangular base, forming a simple but recognizable representation of home architecture.

Beneath the house graphic, the word ""MOHN"" is displayed prominently in uppercase letters. The font used is modern and clean, with a slightly thicker weight, making it visually striking. Each letter is distinctly shaped in a black color that matches the house silhouette above it.

Directly below ""MOHN,"" the words ""DRYWALL & INTERIORS"" are presented in a smaller, more slender font. This text is also in black but is less bold compared to the ""MOHN"" part, giving a sense of hierarchy and clarity. The overall design is minimalist, focusing on strong shapes and contrasting text to convey the company's industry and expertise in home interiors. The composition is balanced, with the graphic element positioned above the text for a cohesive look."
GRXS-A0EBB9E5.jpg,"The image features a stylized logo for a softball team named ""Generals."" The design employs a bold, athletic typeface, with the word ""GENERALS"" in capital letters, prominently displayed in a deep navy blue color. The letters have a strong, geometric structure, enhancing the logo's sporty appearance.

The word ""SOFTBALL"" is located below ""GENERALS,"" rendered in a slightly smaller size, still in navy blue. The arrangement emphasizes the team's identity, with ""SOFTBALL"" aligned center under ""GENERALS.""

Above the text, there is a graphical element resembling a home plate, outlined in navy blue, which further contextualizes the sporty theme of the logo. Additionally, there are stylized elements resembling branches or foliage positioned near the top of the letter ""T"" in ""GENERALS,"" adding a touch of decoration to the overall design. 

The background is plain white, which allows the navy blue elements to stand out strongly, making the logo visually striking and easy to read. Overall, the design conveys a sense of teamwork and athleticism, fitting for a sports team logo."
GRXS-A2564C78.jpg,"The image features a vibrant and playful cartoon character, a panther, who is designed in a friendly and engaging style. The panther has a predominantly black body with a rounded head, large expressive eyes, and a cheerful smile. It wears a blue shirt with a prominent red letter ""B"" on the front, indicative of teamwork and school spirit. 

The character is posed in a dynamic way, with one hand on its hip and the other giving a thumbs-up gesture, exuding confidence and enthusiasm. Its tail curls playfully behind it.

Behind the panther is a large, stylized letter ""B"" constructed from colorful building blocks, specifically blue and red, resembling LEGO bricks. This modular design emphasizes themes of creativity, construction, and community building.

Below the panther, the phrase ""BUILDING THE BEST COMMUNITY"" is displayed in bold, playful lettering, with the name ""BARTLETT ELEMENTARY SCHOOL"" directly beneath it. The words ""PANTHER PROWL"" and the year ""2025"" are included, all set against a clean white background that enhances the overall colorful and bright aesthetic of the illustration."
GRXS-A31D6F8A.jpg,"The image features a logo for the ""Menlo-Atherton Dive Team."" The design prominently displays the text ""Menlo-Atherton"" at the top in a bold, maroon color. Below this, the word ""Dive Team"" is presented in a vibrant, yellow font. The text is centered and evenly spaced, conveying a sense of balance.

At the bottom of the logo, there is a stylized splash of water rendered in a bright blue color. The splash appears dynamic, with various curves and shapes that suggest movement, enhancing the theme of diving and water activity. The overall composition combines strong typography with a lively graphic element, reflecting the energy and excitement of the diving team. The background is white, allowing the colors to stand out clearly."
GRXS-A3AF7F6A.jpg,"The image features a stylized graphic with bold, rustic text. The word ""FIERCE"" is prominently displayed in large, uppercase letters at the top, with a strong and slightly weathered typeface, showcasing a brown color that suggests a wooden texture. Below it, the word ""RIGGING"" is also in uppercase letters, slightly smaller but equally bold, maintaining the same earthy hue.

Adjacent to the text is an illustration of a round metal ring, representing a door knocker or a rigging component. This ring features a circular design with a small protrusion at the top, where it attaches. The ring is thick and has shading that gives it a three-dimensional effect, enhancing its metallic appearance.

Underneath the primary words ""FIERCE RIGGING,"" the phrase ""Docklands, Melbourne"" is shown in a smaller, simpler font. This text is centrally aligned and retains a brown color, ensuring consistency with the other elements.

The overall design has a nautical or industrial theme, reflecting a connection to the maritime or rigging industry, with an emphasis on strength and resilience. The clean white background contrasts with the brown elements, making the text and imagery stand out distinctly."
GRXS-A421812E.jpg,"The image features a circular design with a vibrant green background. At the center, there are two stylized laboratory glassware pieces depicted in white. 

1. **Flask on the Left**: 
   - This is a classic Erlenmeyer flask, characterized by its conical shape with a wide base tapering towards the neck.
   - The flask contains liquid, represented by a solid white area, with small circular bubbles scattered above the liquid level, suggesting some kind of reaction or mixing taking place.

2. **Beaker on the Right**: 
   - Next to the flask is a round-bottomed beaker, which is typically shorter and wider than the flask.
   - The beaker also contains liquid, which is depicted as a solid white shape, and there are several small bubbles visible inside, enhancing the idea of activity within the glass.

The overall design is clean and minimalist, emphasizing the scientific theme through the use of simple shapes and contrasting colors. The green background adds a refreshing and lively touch to the image, effectively conveying a connection to themes of science, experimentation, and discovery."
GRXS-A4A024AA.jpg,"The image features a logo composed of a circular design. The outer circle is filled with a soft pink color, creating a vibrant backdrop. Inside the circle, there are two prominent elements: a stylized ""A"" and ""R"" that are linked together. 

The ""A"" is depicted as a sharp, angular letter, pointing upwards, while the ""R"" has a rounded extension that intertwines with the ""A."" Both letters are rendered in white, providing a strong contrast against the pink background. The design also incorporates a thin white circle that bisects the inner space horizontally, adding to the overall geometric look. 

This logo has a modern and clean aesthetic, with the playful color choice suggesting a youthful or creative vibe. The simplicity of the design allows it to be easily recognizable and can be associated with various contexts."
GRXS-A58207B4.jpg,"The image features a lively design centered around the theme of cheerleading for a team called the ""Appling Wildcats."" 

1. **Main Elements**:
   - **Cheer Megaphone**: At the center is a large, stylized cheer megaphone colored in white with a black outline. 
   - **Bow**: At the top of the megaphone, there's a bright yellow bow, adding a playful and festive touch. The bow is large and has a smooth texture, emphasizing its decorative purpose.

2. **Text**:
   - The word ""APPLING"" arches over the megaphone in bold, uppercase letters. It is likely colored in yellow and outlined in black for contrast, making it stand out.
   - Below the megaphone, the word ""Wildcats"" is written in an elegant, cursive style, prominently featured in a larger font size. It is likely colored in black with hints of yellow to enhance visibility.
   - At the bottom, the word ""CHEER"" is displayed in a simpler, bold font, ensuring clear readability and completing the design.

3. **Pom-Poms**: On either side of the megaphone, there are two pom-poms. They are styled with a combination of black and yellow colors, featuring a frilly appearance that adds dynamism to the overall look.

4. **Color Scheme**: The overall color scheme of yellow, black, and white gives the design a vibrant and energetic feel, fitting for a school cheerleading team.

5. **Style**: The graphic has a clean, modern design with a blend of fun and sophistication, making it suitable for apparel or promotional materials for the cheerleading squad.

Overall, the image captures the spirit of cheerleading and school pride in a visually appealing manner.
"
GRXS-A5F845E7.jpg,"The image features a colorful logo for a pediatric dentistry practice. 

1. **Text Elements**:
   - The word ""SUMMERLIN"" is prominently displayed at the top. 
   - The letters “S” and “U” are in a bold blue, while the “M” present in the center is designed with a playful green color representing teeth, giving it a friendly look.
   - The remaining letters ""MERLIN"" are in solid blue.
   - Underneath ""SUMMERLIN,"" the phrase ""pediatric dentistry"" is written in a softer, rounded font. The word ""pediatric"" is in a bright purple color, while ""dentistry"" is in blue.

2. **Graphic Elements**:
   - The word ""SUMMERLIN"" is accentuated by stylized tooth shapes integrated into the letters “M” and “E,” illustrating the dental theme. 
   - A horizontal orange line runs beneath ""SUMMERLIN,"" separating it from the subsequent text.

3. **Color Palette**: 
   - The logo uses vibrant colors, specifically greens, blues, purples, and an orange accent, creating an inviting and cheerful appearance suitable for a children-focused dental practice.

Overall, the design is playful and colorful, aiming to convey a friendly and approachable atmosphere for pediatric dental care."
GRXS-A63340DC.jpg,"The image features a stylized design centered around the title ""INTO THE WOODS JR."" in an artistic font. The letters are large, with a whimsical appearance, incorporating elements like stars and a tree silhouette. 

Below the title, there is a dense cluster of dark brown pine trees, adding a natural and enchanted forest theme. The background is white, which helps the brown design elements stand out prominently. Surrounding the text and trees are small, scattered stars, enhancing the whimsical feel of the design.

At the bottom, the words ""King Arts"" are written in a flowing cursive style, indicating a creative or theatrical aspect, followed by ""2025"" in a more straightforward font, likely signifying the date or year related to the production. 

The entire composition resembles an open book, suggesting a narrative or storytelling theme, with gentle curves that hint at pages. This design could be indicative of a theatrical or artistic event focused on youth, given the ""Jr."" designation."
GRXS-A67799D8.jpg,"The image prominently features a design associated with a cigar festival, specifically branded as the ""Rocky Mountain Cigar Festival."" 

### Composition:
- **Central Motif**: The central part of the image showcases a bold, red and black color scheme, incorporating a stylized letter ""C,"" representing Colorado.
- **Mountain Element**: Above the ""C,"" there are illustrations of rugged mountain peaks, depicted in shades of gray and white, suggesting the Rocky Mountains, which align with the festival's name.
  
### Cigar Imagery:
- **Cigar Placement**: On either side of the central motif, two cigars are depicted, angled slightly outward. They are richly colored, displaying a brown hue with detailed band designs, hinting at quality and craftsmanship.
  
### Text Elements:
- **Event Title**: Below the central ""C,"" there is an arching banner that reads ""CIGAR FESTIVAL"" in large, bold letters. The font is robust, conveying a sense of celebration and community.
- **Tagline**: Beneath the main title, there’s a smaller caption stating, ""It's just a life style,"" written in an elegant script style, adding a personal touch to the overall design.
  
### Design Features:
- **Borders and Accents**: The background features curvy lines and swirling smoke illustrations, enhancing the theme of cigars. There are also stripes in the design, likely inspired by the colors of Colorado's state flag, adding context and local flavor.
- **Additional Text**: The words ""CIGAR"" and ""PORN"" are incorporated in smaller text, further emphasizing the playful nature of the event branding.

Overall, the image has a vibrant and inviting feel, appealing to cigar enthusiasts while celebrating the culture and lifestyle surrounding cigars within a mountainous backdrop."
GRXS-A6DC376D.jpg,"The image features a stylized, monochromatic logo design. Central to the composition is a majestic bird in flight, with its wings fully spread, showcasing intricate feather details. This bird appears dynamic and graceful, positioned toward the left of the imagery.

Surrounding the bird is a horseshoe shape, symbolizing good luck and often associated with equestrian themes. The horseshoe is outlined prominently and includes small circular nail holes for detail.

In the background, there are silhouetted hills that add a layer of depth and represent a scenic landscape. A winding path can be seen leading into the hills, with a simple wooden fence visible in the mid-ground, further enhancing the rural ambiance.

On the bottom of the design, the text “OAK HILL” is boldly emblazoned, centered and prominently displayed. Directly beneath it, “OXFORD NC” appears in a smaller font, indicating the location. The entire design is rendered in black and white, contributing to a classic and timeless aesthetic."
GRXS-A6FC4D97.jpg,"The image features a stylized logo with the phrase ""MIDLAND DOULA COLLECTIVE."" The design employs bold, uppercase letters in a sleek, modern font, creating a strong visual impact. 

- The word ""MIDLAND"" is positioned prominently at the top, rendered in a larger, bold typeface. The letters ""M"" and ""D"" are notably taller than the other characters, giving the text a distinctive and dynamic appearance.
- Below ""MIDLAND,"" the words ""DOULA COLLECTIVE"" are centered and appear in a slightly smaller font size, maintaining the bold style but with a more understated presence compared to the top line.
- The entire logo is in black against a white background, which enhances readability and gives it a clean, minimalist aesthetic.
- The arrangement of the letters creates a sense of continuity and flow, making the logo visually appealing while clearly communicating the name of the collective. 

This design suggests a professional and contemporary organization."
GRXS-A71C79FD.jpg,"The image features a logo that combines text and an illustrative element. On the left side, there is an illustration of grass and foliage, depicted in a stylized, simple design. The greenery is composed of a variety of shapes and lines, suggesting different types of plants with tall blades of grass on the top and bushy forms toward the bottom.

To the right of this illustration, the text ""BCG HOU"" is boldly displayed in uppercase letters. The font is clean and modern, suggesting a professional appearance. ""ON THE GREEN"" is written below ""BCG HOU"" in a slightly smaller font but still prominent, maintaining the same green color. The overall color scheme is a rich green, conveying a sense of nature and freshness, which aligns with the imagery on the left. The design is simple yet elegant, evoking themes of growth, nature, and possibly leisure or outdoor activities."
GRXS-A80E0A19.jpg,"The image features an elegantly designed tree illustration, characterized by a circular shape that combines both the tree's canopy and its roots. 

### Details:

1. **Tree Canopy**:
   - At the top, the tree's branches extend outward, intertwining in a graceful fashion.
   - Each branch is adorned with multiple clusters of leaves, depicted as simple, stylized shapes.
   - The leaves are arranged symmetrically, creating a sense of harmony, and appear to have a slightly pointed tip.

2. **Color and Style**:
   - The overall color palette is a soft, muted gold, giving it a luxurious and organic feel.
   - The lines are smooth and continuous, enhancing the appearance of fluidity and life within the design.

3. **Roots**:
   - Below the trunk, the roots spread out, mimicking the branches above.
   - They are illustrated with a subtle thickness and flow downward, showcasing the connection between the tree and the earth.
   - The roots twist and curve, reinforcing the organic theme of the design.

4. **Background**:
   - The background is plain white, providing a clean and uncluttered contrast that highlights the golden tree design.

This illustration exudes a sense of growth, life, and interconnectedness, making it suitable for themes related to nature, family, or personal development."
GRXS-A88C4084.jpg,"The image features a modern, minimalist design with a vibrant color palette. The background is a solid, deep blue that creates a striking visual contrast. 

In the foreground, there are abstract shapes in a soft turquoise hue, resembling organic forms such as leaves or coral. These shapes are stylized, with smooth curves and elongated edges, creating a sense of movement and fluidity.

At the bottom of the image, there is a bold, white rectangular band that houses the word ""KARGO"" in a large, sans-serif font. The text is emphasized with a bright, eye-catching purple color that matches the background, ensuring legibility and visual balance.

Overall, the composition combines bold colors and shapes to convey a sense of creativity and modernity."
GRXS-AB4C2CA3.jpg,"The image features a logo for the ""SLC Sports Complex and Event Center."" The design is set against a gray background, which enhances the visibility of the elements. 

At the center of the logo, the letters ""SLC"" are prominently displayed in a bold, modern font, likely representing the name of the complex. The word ""SPORTS COMPLEX"" is positioned below ""SLC"" in a slightly smaller yet equally bold typeface, conveying a sense of strength and activity. 

Flanking the sides of ""SLC"" are various sports equipment: a yellow softball, a white baseball, and what appears to be a volleyball, representing a variety of activities available at the complex. Additionally, two crossed baseball bats are positioned beneath the text, further emphasizing the sporting theme. 

The words ""and Event Center"" are inscribed in a cursive font, adding a touch of elegance, while ""INDOOR BATTING CAGES"" is presented prominently at the bottom in a large, bold font, indicating a specific feature of the facility. 

Finally, the contact number ""405-240-0468"" is displayed beneath the batting cages text, emphasizing accessibility for inquiries or bookings. The overall color scheme includes navy blue and white, tying together the visual elements effectively."
GRXS-AB8F1F7A.jpg,"The image features a stylized logo of a tomato. The entire background is a vibrant orange circular shape that resembles the fruit's body. At the top, there are green leaves depicted in a simplistic style, adding a touch of realism to the tomato illustration. 

The text is composed of two distinct parts: ""tiny tomato"" and ""STUDIO."" The phrase ""tiny tomato"" is placed at the bottom center in a playful, bold blue font that has a rounded, friendly appearance. The letters have a slight bounce to them, enhancing the playful nature of the design. 

The word ""STUDIO"" is positioned above ""tiny tomato,"" rendered in a larger size, with a font that contrasts slightly by being outlined, giving it a more prominent and engaging look. Overall, the design combines bright colors and fun typography, conveying a sense of creativity and whimsy, likely appealing to a younger audience or a creative endeavor."
GRXS-AC06464E.jpg,"The image features bold and stylized text that reads ""GHS Raiders."" The font is chunky and angular, giving a strong and dynamic appearance. The letters are filled with a bright yellow color, which stands out prominently against the white background.

Below the text, there is an illustration of a trident. The trident is also rendered in yellow and has a simplistic yet impactful design. It consists of a straight shaft topped with three sharp, pointed prongs. The prongs are slightly elongated, with the outer two prongs slightly more pronounced than the middle one, which adds to its visual emphasis.

The overall composition is clean, with the text and graphic elements well-aligned, creating a cohesive and spirited representation, likely intended for a school or athletic team theme. The use of yellow reinforces a sense of energy and strength."
GRXS-AD659F9A.jpg,"The image features a bold and striking logo for ""Central Youth Wrestling."" The design prominently displays the word ""CENTRAL"" in large, uppercase letters. The font is modern and dynamic, with a thick, black outline and a red inner fill, making it visually impactful. 

Below ""CENTRAL,"" the words ""YOUTH WRESTLING"" are presented in a slightly smaller size and in a solid black font. The cohesion of the text gives the logo a strong, unified appearance.

To the left of the text, there is a stylized likeness of a devil-like character, colored primarily in red with black details. The character has a pronounced grin, suggesting a fierce or competitive spirit, which aligns well with the theme of wrestling.

Overall, the logo conveys energy and enthusiasm, suitable for a youth sports program. The color palette of red and black reinforces a sense of strength and passion."
GRXS-AD86F765.jpg,"The image features a stylized graphic design that prominently displays a fierce bird head, likely representing a symbol associated with Washington. The bird is depicted in a bold red color, showcasing an aggressive expression with sharp, narrowed eyes and a strong beak. The head is framed by an elaborate crest of feathers that gives a dynamic and powerful look.

Below the bird, the word ""WASHINGTON"" is inscribed in large, capitalized letters. The font is bold and impactful, matching the intensity of the bird above. The overall design combines elements of strength and aggression, suggesting a sense of pride and tenacity associated with the entity it represents. The use of red against a white background enhances the visual contrast, making the design striking and attention-grabbing."
GRXS-AE0DD991.jpg,"The image features a bold, high-contrast design with the words ""PUMP MASTER"" prominently displayed in white capital letters. The text is centered and occupies a significant portion of the image, contributing to a strong visual impact. 

Next to the words, there is a stylized graphic of a pipe fitting that curves to the right, resembling an elbow or a piping joint. This graphic is also white and integrates seamlessly with the text, emphasizing the theme of plumbing or fluid mechanics.

The background is solid black, enhancing the visibility of the white text and graphic. The overall aesthetic is clean and straightforward, potentially appealing to audiences in industries related to plumbing, mechanical work, or water systems."
GRXS-AF7F0497.jpg,"The image features two distinct logos side by side, both representing a soccer team named the Titans.

1. **Left Logo**: 
   - This logo has a traditional, collegiate style.
   - At the top, there is a stylized sword, which is gold in color with a detailed hilt, symbolizing strength and valor.
   - Below the sword, the word ""LHCAA"" is displayed in bold, uppercase lettering, with ""TITANS"" prominently featured beneath it in a larger font.
   - The word ""TITANS"" has a sharp, angular design, giving it a sense of power and dynamism.
   - A soccer ball icon is integrated into the design, located at the bottom right of ""TITANS,"" enhancing the soccer theme.

2. **Right Logo**: 
   - This logo is more modern and sleek, featuring a shield shape primarily in black.
   - Inside the shield, there is a graphic of a soccer ball, rendered in grey and white shades, enhancing its three-dimensional appearance.
   - A blue outline surrounds the shield, adding a touch of color and depth.
   - At the bottom of the shield, a blue ribbon banner is present, with the text ""Lubbock Titans"" written in a contrasting color, giving clarity and emphasizing the team's name.

Overall, the design elements in both logos convey a sense of strength, teamwork, and competitive spirit, suitable for a sports team."
GRXS-B0CC23D6.jpg,"The image features a circular design with a black background. At the center, there is a stylized depiction of a Roman warrior, or gladiator, with a prominent helmet adorned with a crest. The warrior's face is in profile, showcasing a serious expression, indicative of strength and determination. 

Crossing behind the warrior are two gavel illustrations—traditional symbols of law and order—colored in shades of gray or black. These gavels are oriented diagonally opposite each other, adding a sense of balance to the design. 

Below the circular emblem, the words “SPEECH & DEBATE” are displayed in bold, clear letters. The entire composition conveys a theme of formal discourse and competition, linking the concepts of debate and legal advocacy with historical imagery. The color scheme primarily consists of black and gold, emphasizing a regal and authoritative feel."
GRXS-B12AA515.jpg,"The image features a logo for ""Paul's Varsity Shop,"" prominently displaying the name in an elegant, stylized font. The word ""Paul's"" is located at the top and is adorned with a flowing, ornate script that emphasizes its individuality. Below this, the word ""Varsity"" is rendered in a bold, slightly gothic style, suggesting a traditional or collegiate theme. The word ""Shop"" follows in a somewhat simpler but still decorative font, maintaining a cohesive look.

The entire text is enclosed within a banner-like shape, which has pointed ends, giving it a dynamic appearance. The banner is designed to look as if it is waving or fluttering. Below the main text, the location ""Gustine, CALIF."" is displayed in a smaller, straightforward font, indicating the city and state.

The color scheme is primarily black, emphasizing the clarity and boldness of the text against a likely white or light background, though the background color isn't specified in the image description. Overall, the design conveys a sense of tradition and pride, suitable for a varsity-themed shop."
GRXS-B1C6C012.jpg,"The image features a stylized design combining a revolver and the words ""Young Guns."" The revolver, depicted in shades of blue and black, is prominently illustrated with its barrel pointing to the left. It has a detailed grip and the overall aesthetic reflects a classic, vintage feel.

Surrounding the gun, the text ""Young"" and ""guns"" is artistically scripted in a flowing, cursive font. The letters are predominantly white with a slight sheen, giving them a three-dimensional effect. Wisps of blue smoke curl around the text, enhancing the theme of action or excitement captured in the imagery. 

The overall design is framed within a circular outline, creating a cohesive and polished look, and the background is a muted gray, allowing the main elements to stand out vividly. The combination of the gun and the text suggests themes of adventure, youth, and perhaps a rebellious spirit."
GRXS-B2B792B3.jpg,"The image features a stylized logo predominantly in shades of blue and white. At the center is a fierce-looking, hooded figure that resembles a warrior or vigilante, with a partially obscured face, emphasizing sharp, pointed features. The figure has a mask that leaves only the eyes visible, giving it an air of mystery.

Surrounding the central figure is a design that resembles flames, rendered in varying tones of blue, adding a dynamic, energetic feel to the logo. The flames appear to be emanating from the top and sides of the figure, enhancing the sense of movement and intensity.

Below the figure is the word ""RENEGADES,"" which is presented in bold, capital letters. The font is slightly angular and rugged, echoing the overall theme of defiance and strength. The letters are predominantly blue, with white outlines that create contrast, making the text stand out against the logo's background.

The overall design conveys a sense of power, rebellion, and team spirit, making it suitable for a sports team or gaming entity."
GRXS-B301DA82.jpg,"The image features bold, stylized text in a vibrant red color. The phrase reads, ""Let's talk a Bojesus."" The word ""Let's"" is positioned on the left, using a playful font with a slight slant. The letter ""L"" is rounded and prominent, while the letters ""e,"" ""t,"" and ""s"" are in a slightly more upright style.

The word ""talk"" is centered beneath ""Let's"" and is slightly larger, also in a rounded font. The word ""a"" is smaller and appears at the end of the line leading into ""Bojesus,"" which is the largest text in the design. ""Bojesus"" has a dynamic, curvy style, emphasizing a fun and engaging tone.

Above the text, there is a small red star, adding an element of playfulness and charm to the composition. The background is plain white, which enhances the visibility and impact of the red lettering, making the overall design eye-catching and lively."
GRXS-B5E7EBED.jpg,"The image features the text ""PANORAMIC PHYSIO"" presented in a clean, modern font. The letters are bold and capitalized, emphasizing clarity and professionalism. 

- **Color**: The text is a deep navy blue, suggesting a sense of calmness and credibility, common in health-related branding.
- **Layout**: ""PANORAMIC"" is placed above ""PHYSIO"" and is slightly larger, making it the focal point. The two words are aligned centrally.
- **Additional Elements**: There are horizontal lines on both sides of ""PHYSIO,"" which add a decorative touch and create a sense of balance within the design.

This layout implies a focus on physiotherapy services, emphasizing a panoramic, comprehensive approach to treatment. The overall design conveys professionalism and a welcoming atmosphere."
GRXS-B6DD7C85.jpg,"The image features a logo that prominently displays the name ""WOODEX MECO INDUSTRIES."" The design is modern and professional, utilizing a combination of colors and shapes.

1. **Text Elements**:
   - The words ""EMPLOYEE OWNED"" are positioned above the main logo in a lighter gray font, suggesting a commitment to employee ownership.
   - The main text ""WOODEX MECO"" is larger and more prominent, with ""WOOD"" in a dark green color, ""DEX"" in gray, and ""MECO"" in gray as well.
   - The word ""INDUSTRIES"" is situated below ""WOODEX MECO"" in a bold font, reinforcing the industrial nature of the business.

2. **Iconic Elements**:
   - The initials ""WM"" are stylized at the top of the logo. ""W"" in green and ""M"" in a blue tone have geometric shapes, creating a dynamic visual impact.
   - The ""M"" features sharp angles, while the ""W"" has a slightly softer appearance with triangular components.

3. **Color Scheme**:
   - The colors used include dark green, blue, and varying shades of gray, contributing to a professional and polished look.
   - The background appears to be white, which enhances the brightness of the logo elements.

Overall, the design conveys a message of professionalism, teamwork, and modernity, aligning with the identity of an employee-owned industrial company."
GRXS-B7BE8DE0.jpg,"The image features a stylized text design that reads ""hippie COWGIRL."" The word ""hippie"" is written in a cursive, flowing font, characterized by its slender, elongated letters and gentle curves. The letters are connected, giving a sense of fluidity and movement, evoking a free-spirited, bohemian vibe.

Above the word ""hippie,"" there is an illustration of a cowboy hat that is drawn in a simple, minimalist style. The hat has a slightly curved brim and typical stitching details, but it remains monochromatic without intricate designs, contributing to the overall simplistic aesthetic. 

The word ""COWGIRL"" is presented in bold, uppercase letters, contrasting with the playful style of ""hippie."" This text is more structured and formal, enhancing the distinctiveness of the two words.

The entire design is rendered in black, set against a white background, emphasizing clarity and readability while allowing the different font styles to attract attention. The overall look combines elements of Western culture with a bohemian flair, appealing to a vintage or rustic aesthetic."
GRXS-B7CD4AF9.jpg,"The image features a bold, graphic design centered around a stylized motorcycle illustration. The motorcycle has a chopper-style frame, characterized by its elongated front fork and a low, sleek body. It features a large rear tire and a prominent engine, emphasizing a powerful aesthetic. 

Above the motorcycle, in a strong, rounded font, are the words ""Support Your Local"" in an eye-catching orange color. Below the motorcycle, the text reads ""When in Doubt, Ride it Out,"" also in orange, but with a slightly curved, informal style that complements the overall design. The entire image is set against a white background, making the orange elements stand out prominently. 

The overall vibe of the graphic conveys a sense of community and camaraderie among motorcycle enthusiasts, along with a spirit of adventure and freedom associated with riding. The design is straightforward yet impactful, appealing to those who appreciate motorcycle culture."
GRXS-B7E6A1D9.jpg,"The image features a vibrant and playful graphic design centered around the theme of volunteering. The background is a solid gray, providing a neutral canvas that makes the text pop. 

At the top, the word ""VOLUNTEER"" is displayed in large, bold letters. The letters have a hand-drawn style, with a slightly illustrative appearance. They are primarily white with hints of orange and yellow at the top, reminiscent of frothy beer, giving it an energetic feel. 

Below that, the phrase ""HOPPY TO HELP!"" is prominently featured in black, solid letters, creating a strong contrast against the background. The word ""HOPPY"" might suggest a connection to hops, which are used in brewing, indicating a thematic link to beer or brewing culture.

Incorporating the theme, a green hop cone graphic is positioned to the left, adding a visual element that reinforces the message. The text ""BEND BREWS & BEYOND"" appears at the bottom in a smaller, distressed font, suggesting a casual and community-oriented vibe.

Overall, the design combines enthusiasm for community service with a nod to brewing, making it inviting and appealing to those interested in both volunteering and craft beers."
GRXS-BAED3819.jpg,"The image features a playful raccoon character that is predominantly black and white. The raccoon sports large, expressive eyes and a wide, friendly smile. Its facial markings characteristic of a raccoon include a black stripe across its eyes, which enhances its cheerful expression. 

The raccoon is wearing a red cap positioned slightly forward on its head, which has a circular emblem on the front, possibly depicting a playful illustration or logo. 

Surrounding the raccoon is text in bold, vibrant orange and blue colors. At the top, ""Tashua Elementary"" is displayed prominently in a curved arc, followed by ""Trumbull"" in a straight line beneath it. The bottom of the image features the phrase ""Odyssey of the Mind,"" which is also in a similar curved, bold style. 

The background appears to be plain, focusing attention on the raccoon character and the surrounding text, creating a lively and welcoming atmosphere typical of elementary school spirit."
GRXS-BD097B59.jpg,"The image features a playful and creative design likely intended for a school celebration or graduation theme. At the center, there is a stylized representation of two building blocks resembling Lego bricks, rendered in a simple, outlined style. 

The taller brick, standing upright, has three circular indentations on its front face, while the brick lying flat beside it also features three similar circles. Accompanying these elements is a graduation cap perched atop the tall brick, complete with a tassel hanging off one side, symbolizing the graduation theme.

To the right of the bricks, the text reads ""Brick School CLASS OF 2025"" in a bold, informal font. The word ""Brick School"" is positioned above the class year, with ""Brick School"" styled in a more playful script, while ""CLASS OF 2025"" is placed prominently below, emphasizing the graduating class. The overall design has a fun, youthful aesthetic, suitable for a school celebration."
GRXS-BD8C5BCE.jpg,"The image features a logo for the company ""Tate & Lyle."" The logo consists of the name ""Tate & Lyle"" presented in bold, uppercase letters. 

- **Color Scheme**: The dominant color is a vibrant blue, which conveys a sense of professionalism and trust.
- **Design Elements**: Between ""Tate"" and ""Lyle,"" there is an ampersand (&) symbol, which is stylized and slightly larger than the surrounding text, emphasizing the connection between the two names.
- **Slogan**: Below the company name, there is a tagline that reads ""Science \ Solutions \ Society."" Each word is separated by a backslash, suggesting a focus on scientific innovation, practical solutions, and social responsibility.
- **Font Style**: The font used is modern and sans-serif, contributing to a clean and contemporary appearance.

Overall, the logo is designed to reflect the company's commitment to science and innovation while maintaining a sleek and professional aesthetic."
GRXS-BDFDBA8E.jpg,"The image is a logo for Lew Wallace School 107, which is described as an exploratory school. The logo features a stylized depiction of a horse's head, clearly suggesting themes of strength and movement. 

The horse's head is rendered in a deep blue color, with flowing lines that create a sense of speed and agility. The mane of the horse extends outward, utilizing dynamic curves that add an energetic flair to the design. 

Positioned next to the horse’s image is the text ""Lew Wallace"" prominently in large white letters, followed by ""School 107"" in a smaller font size and also in white. Underneath that, the phrase ""An Exploratory School"" is displayed, further emphasizing the educational aspect of the logo. At the bottom, there is a smaller text element that reads ""myIPS,"" indicating affiliation with a broader educational system.

The overall design effectively combines imagery and typography to convey a sense of identity and mission for the school, appealing to a youthful and dynamic audience."
GRXS-BE0441F7.jpg,"The image features a stylized representation of a centurion's helmet, created using minimalistic design elements. The helmet is primarily depicted in shades of gray, with smooth lines that form the shape and details, such as the cheek guards and the crest. 

A vibrant red plume arcs gracefully from the top of the helmet, adding a striking contrast to the gray. Beneath the helmet, the word ""CENTURION"" is prominently displayed in bold red letters, emphasizing a commanding presence. 

Below this, the word ""CALIFORNIA"" is rendered in a lighter gray, slightly smaller but still clear. A sword, depicted in a simple yet elegant style, lies horizontally beneath the text, contributing to the theme of strength and valor. 

At the bottom, a silhouette of a bear, representing the California Republic, is included along with a star, reinforcing the geographical connection. The overall design conveys a sense of power and heritage, blending the imagery of Roman history with California's identity."
GRXS-BE39AF70.jpg,"The image features a stylized depiction of a bird's head, likely an eagle. The design is predominantly in black and white, creating a bold and graphic look. 

1. **Beak**: The bird has a prominent, hooked beak that points downwards. The beak is detailed with a slight curve, emphasizing its sharpness. The upper mandible is more pronounced than the lower.

2. **Eyes**: The eye of the eagle is fierce and intense, featuring a circular shape with a smaller, dark pupil. This gives the bird an alert and attentive expression.

3. **Head and Crest**: The head is structured with a streamlined shape that conveys strength and fierceness. There are stylized feather patterns that flow back from the forehead. The lines are sharp and dynamic, suggesting movement and energy.

4. **Neck and Body Connection**: The neck transitions smoothly into the body with sweeping, curved lines. The design flows into a fanned-out feather-like shape around the throat area, adding complexity to the overall silhouette.

5. **Overall Style**: The entire design is simplified yet striking, with strong contours and minimal detailing, typical of logo or emblem art. The black and white color scheme enhances its visual impact and makes it versatile for various applications.

This image captures the essence of a powerful bird, drawing on traditional motifs while employing modern graphic design techniques."
GRXS-BE887AF7.jpg,"The image features a logo for ""Freedom Factor LLC,"" which specializes in firearms training. The design includes the following elements:

1. **Text Arrangement**:
   - The word ""FREEDOM"" is prominently displayed in bold, uppercase letters. The letters are in blue, with the ""O"" represented by a stylized bullet hole.
   - The word ""FACTOR"" appears below ""FREEDOM"" in a similar bold, uppercase style, also in blue.
   - Below ""FACTOR,"" the text ""LLC"" is slightly smaller and also in blue.
   - The phrase ""FIREARMS TRAINING"" is positioned below ""FACTOR"" in a smaller font, with the word ""FIREARMS"" standing out distinctly.

2. **Color Scheme**:
   - The color scheme primarily features blue and red. The red sections are used selectively, possibly to highlight specific parts of the logo, such as the ""M"" in ""FREEDOM,"" which consists of three horizontal red lines.

3. **Graphic Elements**:
   - Surrounding the central text are concentric circles that resemble bullet impacts, giving a dynamic element to the logo. These circles are created to emulate the effects of a shot fired.
   - The bullet holes are illustrated with jagged edges and a darker interior, emphasizing realism and the firearms training theme.

Overall, the design conveys a strong, professional look while effectively communicating its focus on firearms training."
GRXS-BFCB9430.jpg,"The image is a stylized, circular illustration depicting a serene campsite scene. In the background, a large, warm yellow sun partially rises or sets against a pale blue sky, creating a tranquil ambiance. 

Foreground elements include a bright yellow tent nestled among stylized green foliage, signifying a camping area. Three tall, simplified evergreen trees rise behind the tent, adding a natural touch. To the right, a vividly colored canoe floats on a stylized blue body of water, with an orange hue on the canoe's side. 

The water's surface is depicted with gentle wave patterns in various shades of blue, enhancing the sense of motion and life. A light paddling oar rests against the canoe, hinting at activity. Small, simplified birds can be seen in the green section of the campsite, contributing to the overall peacefulness of the scene. The combination of colors and forms gives the illustration a cheerful, inviting feel, evoking a spirit of outdoor adventure and relaxation."
GRXS-C006C016.jpg,"The image features a stylized logo representing a doghouse. The house is predominantly orange with a wood texture pattern, showcasing vertical lines that suggest the natural grain of the wood. The roof is triangular with a pointed top, and it appears slightly darker at the edges.

In the center of the doghouse is a rounded opening that resembles a doorway. Inside this entrance, there’s a prominent black paw print, which is the focus of the design. Below the doghouse, the text ""The Ruff House"" is prominently displayed. The lettering is bold and playful, rendered in a bright orange color that complements the house, with the words having a slight bounce to convey a friendly and inviting tone.

The entire design is outlined in dark blue, giving it a clear structure and adding to the playfulness of the logo while maintaining an appealing and approachable aesthetic. The logo conveys a sense of warmth, fun, and a focus on pets, suggesting a friendly environment for dogs."
GRXS-C0711AC9.jpg,"The image features a simple yet striking design centered around the text ""WILLIAMS BAPTIST eagles."" The words ""WILLIAMS"" and ""BAPTIST"" are prominently displayed in a bold, uppercase serif font. ""WILLIAMS"" is in a deep navy blue, while ""BAPTIST"" is rendered in a lighter blue shade, creating a visually appealing contrast.

Below these words, the term ""eagles"" is written in a flowing, cursive script, which adds a touch of elegance. This text is in a dark blue color, harmonizing with the color scheme.

Beneath the ""eagles"" text is a decorative blue ribbon illustration, drawn in a simple, sketch-like style. The background of the image is a soft beige, which enhances the overall composition by providing a neutral canvas that emphasizes the bold and delicate elements of the text and ribbon.

The layout is balanced and inviting, making it suitable for various applications, possibly related to a school or organization, emphasizing both tradition and community spirit."
GRXS-C0B3764B.jpg,"The image features a logo for ""Global Bin Builders,"" prominently displayed in bold, impactful typography. The main graphic element includes three large grain bins, depicted in a stylized, black-and-white illustration. These bins are cylindrical with pointed roofs, resembling classic agricultural silos, and they are arranged side by side.

Above the bins, a crane is illustrated, suggesting construction and development. The crane's structure has a horizontal beam, emphasizing the commercial aspect of grain bin construction. 

The entire design is encircled by a circular border in red, which adds a strong visual frame to the logo. Within this border, the text ""GLOBAL"" is positioned at the top in red, while ""BIN BUILDERS"" stands out prominently in larger, bold black letters at the center. Below, the descriptor ""COMMERCIAL GRAIN BIN CONSTRUCTION"" is displayed in a smaller font, also in black, providing clarity about the company's focus. 

The overall aesthetic combines a vintage industrial style, conveying reliability and expertise in grain bin construction. The color scheme primarily features black and red, which creates a strong visual contrast, helping the logo stand out."
GRXS-C1241DED.jpg,"The image depicts a stylized black-and-white illustration of a classic camper van. 

### Key Features:

- **Shape and Design**: The camper van has a boxy, retro silhouette with rounded edges, giving it a nostalgic feel. The roof is elevated and slightly curved, typical for camper vans designed for extra headroom, and has a hint of a pop-top feature.
  
- **Front View**: The front of the van showcases a prominent windshield with a slight slope. It has two slim horizontal headlights shaped like circular panels. Below the headlights are two horizontal grilles with a textured design, contributing to the van's vintage appearance.

- **Side Profile**: The side of the van features multiple rectangular windows, which are noticeably spaced apart. The windows have a black outline, maintaining the graphic style of the illustration, while the body of the van is a solid black. 

- **Wheels**: The van is mounted on circular wheels, with visible tire treads and a simple hubcap design. The wheels partially extend out from the body, giving the van a stable stance.

- **Overall Aesthetic**: The entire design is characterized by bold lines and a simplistic, almost cartoonish quality, focusing on the catchy aspects of retro camper vans without intricate details.

This illustration captures the spirit of adventure and freedom associated with road trips and camping, making it a classic representation of a camper van."
GRXS-C162D91A.jpg,"The image features a logo primarily in purple tones. At the center, there are three stylized houses with triangular roofs, each house designed with two square windows. The peak of each roof has a distinct white triangular pattern, adding depth to the design.

Flanking the houses on both sides are silhouettes of evergreen trees, enhancing the outdoor, nature-inspired theme of the logo. Below the houses, the name ""SLEVE"" is displayed prominently in bold, uppercase letters, showcasing a modern font. Underneath ""SLEVE,"" the phrase ""DRYWALL AND FLOORING"" is written in a slightly smaller but equally bold font, providing clarity about the business's focus.

The entire logo appears to be set against a circular saw blade background, indicated by the serrated edges at the bottom. This design element emphasizes the construction and renovation aspect of the business. The overall look conveys professionalism and ties into themes of home construction and improvement."
GRXS-C1A7C777.jpg,"The image features a logo design for a public event. At the top, there is a stylized depiction of a mountain range, illustrated with smooth, flowing lines, primarily in a deep green color. Above and around the mountain are the words ""PUBLIC WORKS"" on the left and ""OPEN HOUSE"" on the right, both in a bold, uppercase font that also utilizes the same green hue.

At the center of the logo, beneath the mountain, the text reads ""THE CITY OF BRENTWOOD,"" using a slightly larger and more elegant font. This phrase is curved and enveloped by a subtle line, which adds a decorative element. 

Below the city name, the date ""MAY 13TH"" is displayed, emphasizing the event's schedule. Finally, at the bottom of the logo, the year ""2025"" is prominently featured in large, bold characters. The overall design is clean and crisp, with a cohesive color scheme and layout that conveys a sense of community and organization."
GRXS-C2401E38.jpg,"The image depicts a cartoonish character dressed in a playful golfing pose. The character features a head resembling a cartoon cat, specifically a panther, with a golden-yellow fur tone. Its face has striking green eyes and a friendly expression, complete with a rounded nose and whiskers.

The character is wearing a blue and gold varsity-style outfit. The top is designed like a sweater with a checkered pattern, prominently displaying the word ""Pitt"" in bold letters, signifying a connection to the University of Pittsburgh. It has long sleeves and a relaxed fit.

The lower half of the character is clad in matching pants, also golden-yellow, which are slightly loose and sporty. The character is in a dynamic stance, leaning forward as it prepares to swing a golf club, which is held with both hands, with the club extending off the right side.

On its feet, the character sports white and black sneakers with orange accents, adding a vibrant touch to its outfit. In the foreground, there is a small golf tee, indicating that the character is ready to tee off. The overall aesthetic is bright, colorful, and reflects a fun, athletic vibe. The background is plain white, ensuring that the character stands out prominently."
GRXS-C26B04FC.jpg,"The image features a dynamic and artistic composition centered around a large, fuzzy black shape resembling a stylized head or silhouette. Surrounding this central figure are various brass instruments, including trumpets and a trombone, depicted in a simplified, illustrative style. The instruments have a range of colors, primarily gold and silver, emphasizing their metallic nature. 

The background is plain white, allowing the central elements to pop visually. Above the silhouette, there is bold text that reads “BRASS POWER: TEARING THROUGH THE BAND’S SOUND!” This text is rendered in an energetic font that complements the lively theme of the artwork. The overall design suggests a celebratory and vibrant atmosphere, perfectly capturing the essence of brass music and its powerful impact within a band."
GRXS-C29B86BC.jpg,"The image features a stylized graphic design for the ""Indio Swim Team."" At the center is a muscular figure, inspired by traditional Indian attire, wearing a blue turban with a prominent red exclamation mark on top. The figure also sports large, round sunglasses, adding a modern twist. 

The character stands confidently with arms crossed, exuding a sense of authority and pride. The clothing is detailed with folds and shading that suggest a robust physique. 

In bold, block letters beneath the figure, the text ""INDIO"" is displayed prominently, followed by ""SWIM TEAM"" in a slightly larger format, all using a combination of white and black colors to create contrast against the background. The overall design combines cultural elements with a sporty aesthetic, making it eye-catching and vibrant. The background is plain white, allowing the colors and details of the design to stand out effectively."
GRXS-C3DF36FA.jpg,"The image features a logo for a hockey event titled ""Global Hockey Series."" The logo is designed in a badge format, characterized by a shield-like shape with a clean, modern aesthetic.

In the center, there is an illustration that combines elements of hockey and a globe. The globe is depicted with red and blue sections, accentuated by white lines that suggest latitude and longitude. Overlaying this are two hockey sticks crossed diagonally, and a puck is positioned below the sticks, giving a clear reference to the sport.

At the top of the shield, there is a prominent red star, which adds a dynamic element to the design. Below the globe image, a navy-blue ribbon banner with the text ""GLOBAL HOCKEY"" is displayed in bold, white letters. Underneath that, in a more cursive font, the word ""Series"" is elegantly spelled out, also in white.

The color scheme incorporates red, blue, and white, evoking a sense of patriotism and energy. The overall design effectively communicates the theme of international hockey competition with a bold and contemporary style."
GRXS-C516348C.jpg,"The image features a simple yet modern logo design. The background is a soft purple color, creating a calming and inviting atmosphere. In the foreground, there is a white circular graphic that appears to consist of two interconnected shapes. 

The main shape resembles a stylized letter ""O"" with a slightly open segment on its right side, resembling an incomplete loop. Within this outer O, there is a smaller, solid white circle that is also open on one side, positioned centrally. The overall design evokes a sense of continuity and movement, suggesting fluidity or a cycle.

The logo's straightforward and minimalist approach gives it a contemporary feel, making it suitable for branding purposes. The combination of the purple background and white graphic creates a striking contrast, ensuring visibility and appeal."
GRXS-C516951F.jpg,"The image features a logo design composed primarily of bold geometric shapes and letters. At the center, the letters ""T"" and ""C"" are stylized and interconnected, forming a cohesive symbol. The design is embellished with sharp angles and points, giving it a modern and dynamic appearance.

Surrounding the central letters is a diamond-shaped outline, which is also rendered in a dark, navy blue color that contrasts against a white background. The diamond shape adds an element of depth and framing to the logo. The points of the diamond are slightly elongated, giving it a more angular and contemporary look.

Overall, the logo combines typography and shape into a minimalist yet striking design, conveying a sense of professionalism and strength."
GRXS-C5E272A8.jpg,"The image features a logo for ""SDC Mechanical."" The design is composed of dynamic, swirling shapes that convey movement and energy. 

### Main Elements:

1. **Color Palette**:
   - The logo primarily uses two colors: red and blue. The red parts are depicted in bold, curved lines, while the blue elements also consist of flowing shapes, contributing to a sense of fluidity.

2. **Shape Design**:
   - The logo includes circular motifs created by the interplay of red and blue arrows. These arrows appear to spiral or swirl around a central point, representing concepts like airflow or mechanical motion.

3. **Text**:
   - The words ""SDC MECHANICAL"" are prominently displayed in uppercase letters positioned centrally. The font is bold and clear, rendered in a contrasting color (likely white) to stand out against the vibrant colors of the logo. The text adds clarity to the branding and establishes the company name effectively.

### Overall Impression:
The combination of colors, shapes, and the bold font gives the logo a modern and professional feel. The design represents mechanical themes, suggesting innovation and efficiency in the field it represents."
GRXS-C63C2A7D.jpg,"The image features a logo with the text ""Lady Trojan SOFTBALL"" prominently displayed. The word ""Lady"" is styled in a cursive, flowing font, emphasizing a feminine touch. This text is positioned above ""Trojan,"" which is rendered in bold, uppercase letters and is significantly larger, conveying strength and prominence. Below ""Trojan,"" the word ""SOFTBALL"" is also in bold, uppercase letters, reinforcing the focus on the sport.

The color scheme is predominantly blue, which is effective in creating a cohesive look. Surrounding the text is a shield-like emblem that features a side profile of a Trojan warrior's head. This depiction emphasizes heroism and athleticism, characteristic of a Trojan symbol. The warrior's helmet is detailed, indicating a historical or mythical essence, and the entire emblem is outlined with a clean, sharp design to maintain focus and clarity.

Overall, the logo combines elements of strength, femininity, and sport, making it visually appealing and representative of a competitive softball team."
GRXS-C6AE8425.jpg,"The image features a logo design with a simple and modern aesthetic. 

- **Shape**: The logo incorporates a hexagonal shape, which is outlined in a light blue color. Inside the hexagon, there is a keyhole symbol, also in the same light blue shade. This keyhole may symbolize security or access.

- **Text**: To the right of the hexagon, the word ""tesseral"" is displayed in lowercase letters. The font is clean and sans-serif, enhancing the modern look. The letters are also in a light blue hue, matched to the color of the hexagon and keyhole, creating a cohesive design.

- **Color Scheme**: The overall color palette is muted, featuring light shades of blue, giving it an airy and approachable feel. The background of the image is likely white or very light to maintain clarity and contrast.

Overall, the logo conveys a sense of modernity and security, aligning well with tech or digital services."
GRXS-C7803F3F.jpg,"The image presents a circular emblem featuring a vibrant and colorful design. The outer edge of the emblem is a bright yellow, enclosing a round blue center. In contrasting dark blue text, the phrase ""WHITTIER STUDENT COUNCIL"" encircles the top half of the yellow border, conveying a sense of organization or institution.

At the center of the emblem, there is a hand symbol displaying a peace sign, rendered in a bold yellow color that matches the border. The hand is stylized with smooth lines, emphasizing a youthful and friendly vibe. Below the central emblem, the years ""2024-2025"" are inscribed in the same dark blue, indicating the time frame for the student council represented by this logo.

Overall, the design combines bright colors and playful imagery, suggesting an energetic and inviting atmosphere associated with the student council."
GRXS-C79DBF30.jpg,"The image features a circular logo for ""BSA Baseball,"" representing the Bethlehem Sports Academy, established in 2024. 

- **Outer Circle**: The logo is framed by a thick circle, predominantly white with a blue outline. Text runs along the lower arc of the circle, reading ""BETHLEHEM SPORTS ACADEMY"" in bold, uppercase letters.

- **Central Design**: At the center, there’s a baseball illustrated with distinct red stitching forming an ‘X’ shape. The ball is encircled by a blue ring, providing a clear boundary for the elements inside.

- **Text and Iconography**: The letters ""BSA BASEBALL"" are prominently displayed at the top of the inner circle in bold blue font. On the left side of the baseball, there is a stylized baseball bat extending toward the circle's edge, colored in a vibrant orange.

- **Establishment Year**: The text ""EST 2024"" is positioned in bold blue font, centrally located beneath the baseball. 

Overall, the design incorporates a sporty aesthetic utilizing a color scheme of blue and orange, conveying a sense of activity and teamwork associated with baseball."
GRXS-C819F5DF.jpg,"The image features a logo composed of two main elements: a graphical icon and typographic text. 

1. **Graphical Icon**: 
   - The icon is circular with a black outer ring. Inside, the background is gray, giving it depth. 
   - At the center of the circle, there is a stylized compass design featuring a circular shape with directional points (N, S, E, W) depicted as simple lines extending outward. This suggests navigation and transportation themes.

2. **Text**: 
   - To the right of the icon, the word ""SOUTHWEST"" is displayed prominently in bold, uppercase letters, which are a lighter gray color. This captures attention and emphasizes the agency’s name.
   - Below ""SOUTHWEST,"" the words ""transportation agency"" are presented in smaller, lowercase letters in a thin, light gray font. This text is less prominent, indicating it serves as a descriptor of the main title.

Overall, the design is clean and modern, using a monochromatic color scheme that enhances legibility and professionalism, suitable for a transportation-related organization."
GRXS-CAB290BA.jpg,"The image features a logo for ""Pro-Life Ministries."" At the top, the text ""Pro-Life Ministries"" is written in a bold, serif font, arching over the central graphic. The letters are in a dark blue color, providing a strong contrast against the white background.

Below the text, there is an illustrative graphic of baby footprints. The footprints are stylized, with a smooth, simplistic design. The left footprint features a wider outline, with three rounded dots representing toes. The right footprint is slightly turned, displaying a curved outline with a single rounded dot at the top. These footprints symbolize innocence and life, which aligns with the pro-life message of the organization.

The overall color scheme consists of dark blue for the text and footprints against a clean white background, conveying a sense of cleanliness, clarity, and focus on the theme of life."
GRXS-CB2E23E3.jpg,"The image features a logo prominently displaying the words ""the Timbers."" The text is stylized in a rich, deep burgundy color, conveying a sense of elegance and warmth. The font is bold and modern, suggesting a contemporary brand identity.

Above the text, there are two leafy accents. These leaves are vibrant green and have a smooth, glossy appearance, adding a natural and fresh element to the design. The leaf design is intertwined with a thin, dark red stem, providing a visual contrast that complements the text color.

The overall layout is clean and balanced, with the leaves positioned slightly above the ""T"" in ""Timbers,"" drawing the viewer's attention to both the name and the organic imagery. The background is white, which enhances the visibility of the colors and creates a sense of openness. This design could evoke themes of nature, sustainability, or a connection to the outdoors."
GRXS-CB744432.jpg,"The image features a logo encapsulated within an oval shape. At the top of the oval, the words ""NOTRE DAME"" are displayed prominently in a bold, uppercase font, suggesting a sense of importance or tradition. 

Below this, the central design showcases the letters ""BSU"" in a stylized script. The letter ""B"" has a loop that adds a touch of elegance, while the ""S"" and ""U"" are smoothly connected, forming a continuous flow. The letters are rendered in a dark navy blue color, which stands out against the background.

At the bottom of the oval, ""SAN JOSE"" is inscribed in a more straightforward, smaller uppercase font. Flanking the central letters ""BSU"" are the numbers ""20"" and ""24,"" with a dash between them, indicating a timeframe that likely signifies a graduating class or event.

Overall, the logo combines tradition and style, embodying a spirit of community, likely associated with an institution or group. The design is clean and focused, employing a color scheme that suggests professionalism and cohesiveness."
GRXS-CBF1EA55.jpg,"The image features a stylized logo with a combination of bold and cursive typography. At the top, the word ""NEWSIES"" is displayed prominently in uppercase letters, utilizing a sporty and blocky font style. Below this, the words “EST.” and “SCA” are presented in smaller, more understated fonts, adding to the overall design without overpowering the main title.

In the center of the design, the number “25” is showcased inside a rectangular border, indicating a significant year or milestone. This number is rendered in the same bold style as ""NEWSIES."" Beneath this number lies a horizontal line, reinforcing the organized layout of the text.

Lower down, the word ""SUMMIT"" appears in a large, bold font, while the word ""Theatre"" is written in a graceful, cursive style, giving a contrasting yet harmonious touch to the overall design. The color scheme is entirely black against a white background, enhancing the clarity and impact of the text.

The image conveys a sense of celebration or acknowledgment, likely related to a performance or event associated with the ""NEWSIES"" theme at the ""SUMMIT Theatre."" The contrasting typography styles lend a dynamic feel, emphasizing both tradition and creativity."
GRXS-CC293159.jpg,"The image features a striking logo design for a boxing club. At the center, there is a bold, shield-shaped emblem in dark colors, primarily black, that contains the letters ""WC"" prominently displayed in white, stylized font. Above the shield, a series of radiating lines create a sense of energy and movement, indicating dynamism.

Flanking the shield are two boxing gloves, colored in a vibrant red, positioned in a way that adds to the aggressive and energetic feel of the logo. Each glove reflects a rounded form with detailing that highlights their contours and texture. Below the shield, a ribbon banner stretches across the design, featuring the words ""BOXING CLUB"" in a large, ornate font, adding to the overall robust aesthetic.

Additional elements include small decorative stars and a number ""228"" in the upper section of the shield. The background is a neutral grey, allowing the colors and details of the logo to stand out sharply, contributing to an overall professional and spirited appearance. The combination of these elements creates a strong visual identity representative of a boxing community."
GRXS-CCEFF311.jpg,"The image features a stylized illustration of a globe, colored in shades of blue and green, representing Earth. Surrounding the globe are five abstract, human-like figures in various colors: blue, green, orange, red, and brown. Each figure is posed in a dynamic manner, with arms outstretched as if celebrating or inviting others to join. 

Centrally placed across the globe is the text ""THE INTERNATIONAL CREW,"" written in a bold, black font. The design conveys themes of unity, diversity, and collaboration among different cultures. The use of vibrant colors and dynamic poses emphasizes a sense of energy and inclusivity, making the overall design feel inviting and optimistic."
GRXS-CD0F9FEF.jpg,"The image features a logo designed for a track and field team or athletic program. The background is a light cream color, providing a neutral backdrop that enhances the visibility of the text and symbols.

The word ""BELIEVE"" is prominently displayed at the top in large, bold letters. The lettering is in a deep navy blue, outlined by a vibrant gold border, creating a striking contrast. The font is somewhat arched, giving it a dynamic look that suggests movement and energy.

In the center, there is a stylized logo that features a letter ""B,"" which is filled in with a solid black color. This letter incorporates graphic elements that suggest speed or motion, including slanted lines that add depth. The ""B"" is flanked by two stylized wings in black, emphasizing themes of flight or freedom, commonly associated with athletic pursuits.

Below the central logo, the text ""TRACK & FIELD"" is showcased in a bold, slightly smaller font than ""BELIEVE."" This text is also in navy blue but without the gold outline, maintaining a cohesive color scheme. The use of the ampersand (""&"") adds a touch of style to the wording.

Overall, the design communicates a sense of motivation and determination, fitting for a sports team. The combination of strong typography and graphic elements creates an engaging and inspiring visual that resonates with the spirit of athleticism."
GRXS-CD2518E3.jpg,"The image prominently features the words ""LOCKED IN"" at the top in bold, red, capital letters. Below this is a central illustration of a historical figure, depicted in a classic, engraved style. The figure has curly, medium-length hair and is dressed in an 18th-century black coat with a white shirt. He has a serious expression, gazing slightly to the side.

Surrounding this figure are several blue stars, creating a patriotic theme, enhancing the visual appeal. Below the illustration, the words ""COMP GOV"" are displayed in the same bold red font as ""LOCKED IN,"" but with a slightly distressed texture, suggesting a rugged or vintage style. Finally, at the bottom, the phrase ""The Nationals Experience"" is written in a more elegant, flowing blue script, grounding the design with a softer touch. The overall color palette of red, white, and blue reinforces the theme of governance and patriotism."
GRXS-CDC7E263.jpg,"The image features a logo that prominently displays Greek letters and a shield emblem. 

1. **Outer Design**: At the top, there is a large, golden Omega symbol () that curves at the ends, creating a circular feel. The vibrant gold color contrasts sharply with the surrounding elements.

2. **Greek Letters**: Inside the Omega symbol, the Greek letters """" are depicted in a bold, dark blue color. These letters are slightly arched to follow the curve of the Omega.

3. **Shield Element**: In the center, there is a blue shield outlined in white, containing a similar darker blue background. Inside the shield, there are more Greek letters """" displayed along with a small icon of a lamp, which often symbolizes knowledge or enlightenment.

4. **Star Detail**: Above the shield, there is a small star in gold, adding a decorative touch.

5. **Date Reference**: Below the shield, the year ""2002"" is written in bright red, making it stand out against the darker colors.

6. **Bottom Design**: At the bottom, the letters """" are shown in a dark blue font, resembling the Greek letters, with a bold and impactful style.

The overall color scheme is primarily composed of rich blues and striking gold, with the addition of red for the year, creating a visually appealing and cohesive logo."
GRXS-CE16485B.jpg,"The image features a graphic design that represents ""Menlo-Atherton Bears Track & Field."" 

1. **Text Elements**:
   - The text ""MENLO-ATHERTON"" is prominently displayed at the top in bold, capital letters. It uses a deep maroon color, conveying strength and spirit.
   - Below that, there is a yellow ribbon banner with the word ""BEARS"" in white, centered across it.
   - The main activity is indicated by ""TRACK & FIELD,"" which is in a mix of stylized text. ""TRACK"" and ""FIELD"" are in upper case, with the word ""TRACK"" partially striped with maroon and yellow horizontal stripes, and ""FIELD"" in a solid yellow. The “&” is also featured prominently in that yellow.

2. **Graphic Elements**:
   - Below the text, there is an illustration of a bear's face. The bear is stylized, with a fierce expression. It combines maroon and yellow colors, matching the color scheme of the text. 

3. **Overall Design**:
   - The arrangement is bold and dynamic, suitable for a sports team, suggesting energy and competitiveness. The color palette of maroon and yellow emphasizes the team's identity and school spirit.

The overall aesthetics project a sense of pride and enthusiasm associated with the Menlo-Atherton Bears Track & Field team."
GRXS-CE23EF66.jpg,"The image features a badge or emblem design, characterized by a soft beige background. At the top, a four-leaf clover symbol representing scouting or nature organizations is prominently displayed. Just below, in bold, stylized letters, the word ""CAMP"" is featured alongside the number ""479,"" conveying the camp's designation.

The central part of the badge includes the text ""Benefiting Girl Scouts"" in a more understated, elegant font, suggesting that the camp supports the Girl Scouts organization. Below this text is an illustration of an old-fashioned lantern, with a warm flame flickering inside. 

Framing the lantern are stylized outlines of evergreen trees, adding to the outdoor theme. The backdrop features a night sky with a crescent moon and small twinkling stars, enhancing the camping atmosphere. At the bottom of the badge, the number ""2025"" is displayed prominently, indicating the year associated with the camp. The overall design is clean, with a focus on nature and community engagement."
GRXS-CE561431.jpg,"The image features a logo commemorating the 25th anniversary of a congressional basketball game, designed in a badge-like style. 

1. **Shape and Color**: The logo has a shield shape with a blue outline. The background is primarily white, highlighting the intricate details.

2. **Text Elements**: 
   - At the top, in bold blue letters, it reads ""25TH ANNIVERSARY.""
   - Below this, prominently displayed in large, strong font is the word ""CONGRESSIONAL,"" followed by the phrase ""BASKETBALL GAME"" in a slightly smaller font but still bold.
   - A banner reading ""Hosted by: HOOPS FOR YOUTH FOUNDATION"" appears beneath the main title, with ""EST. 1999"" indicating its establishment year.

3. **Visual Elements**:
   - Centrally, the United States Capitol building is illustrated with fine blue lines, symbolizing a connection to government and the event’s Congressional theme.
   - Surrounding the Capitol are five small red stars, adding a patriotic touch.
   - At the bottom of the shield, an orange basketball is depicted, signifying the sport involved in the event, paired with thin lines representing motion or movement.

4. **Additional Design Details**: The bottom section incorporates red and white stripes, resembling the American flag, further emphasizing the event's patriotic nature.

Overall, the logo effectively blends sports, patriotism, and a sense of community through its colorful and structured design."
GRXS-CF41CDF2.jpg,"The image features a charming, cartoon-style bear that appears to be seated. The bear is a soft, warm beige color with rosy cheeks and small, simplistic facial features, including round eyes and a small nose. It is adorned with a thick, dark brown scarf wrapped comfortably around its neck. 

To the left of the bear, there are bold letters ""T"" and ""L"" in a textured burgundy red. The letters have a blocky style and are outlined in a light cream color to emphasize them against the white background. Beneath the bear, the words ""Tartar Ladies"" are written in a playful, brushstroke style, also in a dark burgundy hue. The overall design has a whimsical, cozy feel, ideal for a logo or branding related to a friendly or warm-hearted theme."
GRXS-D015BDB4.jpg,"The image features a circular logo designed in a stark black and white color scheme. At the center, there is a silhouette of a classic car, characterized by a rounded roofline and distinct body shape. Attached to the car is a lawn mower, also depicted in silhouette, which suggests a playful twist on traditional lawn care services.

Surrounding the vehicle and mower are bold, black text elements. The phrase ""Stop. Drop. Mow."" is prominently displayed at the top, conveying a catchy slogan. Below that, the words ""Lawn Care"" are centered, indicating the nature of the service being offered.

Beneath ""Lawn Care,"" a secondary phrase reads ""That's How We Roll,"" adding a lighthearted touch to the design. The bottom of the logo includes a reference to ""Proverbs 12:14,"" which may suggest a philosophical or inspirational aspect connected to the business.

Overall, the composition is balanced, with the circular shape framing the design elements effectively, giving it a cohesive and professional appearance."
GRXS-D063AF22.jpg,"The image features the logo and text associated with the Oregon State Women's Water Polo team. 

At the top, the words ""OREGON STATE"" are prominently displayed in bold, uppercase orange letters against a white background, conveying a sense of strength and brand identity. Below this, the phrase ""WOMEN'S WATER POLO"" is written in a similar font style, also in orange, indicating the specific team focus.

Incorporated into the design is a stylized logo of a beaver, which is the mascot of Oregon State University. The beaver graphic is designed with an emphasis on its face, showcasing dynamic lines that suggest movement and energy. The colors mainly consist of orange and white, maintaining a clean and cohesive aesthetic.

Overall, the imagery communicates team spirit and represents the athletics program of Oregon State University, specifically highlighting women's water polo."
GRXS-D115CBD4.jpg,"The image features a monochromatic illustration set against a white background. At the center, there are prominent towering rock formations that resemble the Trona Pinnacles, characterized by their rugged, vertical lines and jagged peaks. The rocks are depicted in various shades of gray, adding depth and texture.

In the foreground, a pickup truck is parked, angled slightly towards the viewer. Its design is modern and sleek, with visible features like the grille and wheels that add to its realism. Next to the truck, there is a camping tent, designed in a typical triangular shape with a dark canvas, suggesting readiness for a camping adventure.

Above the scene, bold text reads ""OUTLAW CAMPOUT:"", followed by the phrase ""TRONA PINNACLES '25"" prominently displayed. The date ""March 21–23, 2025"" is included at the bottom in a slightly smaller font, emphasizing the event details. The overall design has a rugged, adventurous vibe, appealing to outdoor enthusiasts and campers. Stars are featured on either side of the event name, enhancing the adventurous theme."
GRXS-D11DAE77.jpg,"The image features a circular design centered around a beach theme. At the top, the words ""TOGETHER ON THE SEA"" are displayed in a light tan color, forming an arc. Below this, the main text reads ""FAMILY & FRIENDS TRIP"" in bold, navy blue letters, emphasizing a sense of togetherness and celebration.

In the center, there is a stylized depiction of a sun, rendered in a golden hue, which serves as the backdrop for a tropical setting. Flanking the sun are several palm trees, also illustrated in navy blue, creating a lush, tropical atmosphere. A single beach chair is depicted beneath the shade of a large umbrella, suggesting relaxation and leisure.

The year ""2025"" is prominently shown below in a clear navy blue font. The phrase ""MAKING WAVES"" follows in a lighter tan color at the bottom, adding a playful touch. The overall color scheme combines navy blue, light tan, and gold, evoking a sunny, warm beach vibe suitable for a family and friends trip."
GRXS-D1307009.jpg,"The image features a logo design centered on a dark gray background. At the top, prominently displayed, is the name ""DANNY"" in a bold, uppercase font. Below this, the words ""THE DEAL DOCTOR"" are artistically stylized, with the word ""Deal"" in a cursive, flowing script that contrasts with the more solid, block letters of ""DANNY"" and ""THE.""

Behind the text, there's a large circular red shape that acts as a backdrop, enhancing the visibility of the black and white lettering. The logo includes a playful, cartoonish illustration of a stethoscope, subtly integrated into the design, which ties into the ""doctor"" theme.

Beneath the logo, contact information is displayed in a clear, easy-to-read format: “740.648.5522” is highlighted in bold white, making it stand out. Below this, a tagline reads “THE CURE FOR CAR BUYING,” with the word ""CURE"" emphasized in a vibrant red, adding a pop of color and urgency to the message.

Overall, the logo combines a fun and approachable aesthetic, aiming to create a memorable impression for potential customers seeking car-buying assistance."
GRXS-D1479488.jpg,"The image features a logo for ""Davis Roofing Enterprises."" The design consists of a circular layout with a black background. 

At the top of the circle, the text ""DAVIS ROOFING ENTERPRISES"" is prominently displayed in bold yellow letters, arched to fit the curve of the circle. Below this, three stylized triangular roof shapes in white are depicted, suggesting a row of houses or buildings. Each triangular shape features small rectangular windows that are illuminated in yellow, adding a friendly touch to the design.

Scattered around the roofs are small star-like motifs, creating a whimsical and impactful atmosphere. At the bottom of the circle, the tagline ""WE GOT YOU COVERED."" is presented in yellow, similar to the upper text, completing the message with a reassuring note.

The overall aesthetic is modern and clean, using simple geometric shapes and a restricted color palette of black, white, and yellow, which conveys professionalism and reliability in the roofing business."
GRXS-D176CFA7.jpg,"The image features a logo that creatively combines text and geometric shapes. It prominently displays the words ""West"" and ""Area"" in a clean, modern font. 

1. **Text**:  
   - The word ""West"" is situated on the left side of the logo, colored in a bold red hue. The letter ""W"" in ""West"" is elongated, giving it a stylish flair.
   - The word ""Area"" is positioned to the right, in a softer, muted shade of gray, complementing the boldness of ""West."" The letters are evenly spaced and maintain a consistent height.

2. **Design Elements**:  
   - In the center of the logo, there are two overlapping ""V"" shapes, formed by the letters ""W"" and ""A."" The left ""V"" is in red, while the right ""V"" is a darker gray. This creates a sense of symmetry and balance.
   - Underneath these letters, there is a circular emblem featuring an ""EP"" monogram, which is also in gray, surrounded by a thin circle.

3. **Overall Composition**:  
   - The logo employs a minimalist design approach with plenty of white space, enhancing legibility and visual impact.
   - It effectively conveys a modern and professional aesthetic, suitable for branding purposes.

Overall, the logo is a blend of boldness and elegance, capturing attention while remaining straightforward."
GRXS-D19417F0.jpg,"The image depicts a logo featuring two stylized eagles, referred to as ""The Raptors."" Each eagle has a muscular, cartoonish appearance, emphasizing strength and competitiveness. 

The left eagle has a white head and body with a pronounced orange beak, showing a confident grin. Its right wing is flexed, presenting a muscular arm that accentuates its brawn. 

The right eagle is also white but features a colorful head with additional pink details. Its beak is similarly orange, and it has a determined expression, with both wings crossed in front, showcasing its robust physique.

Above these eagles, a purple banner with white text reads “THE RAPTORS.” Below the eagles, another line features the text “2024 SALES BATTLE CHAMPIONS” in a bold, playful font, also in purple, indicating the accomplishment being celebrated. The overall color scheme blends shades of purple, white, and orange, creating a vibrant and dynamic logo. The design conveys a sense of camaraderie, competition, and achievement."
GRXS-D1FEF55D.jpg,"The image features a logo prominently displaying the name ""ANDERSON"" positioned above the word ""TROJANS."" The text is rendered in a bold blue font, which adds to its visibility and impact. 

To the left of the text, there is a stylized illustration of a helmeted figure, representing a Trojan warrior. The warrior's profile is detailed, showcasing a distinctive helmet adorned with a plume, emphasizing a classic, ancient Greek aesthetic. The face is illustrated in a simplified yet expressive manner, capturing a sense of strength and determination.

The entire logo is executed in a consistent blue color, which provides a cohesive and striking appearance, suitable for representing a team or an organization with pride and heritage. The overall design balances both the textual and graphical components effectively, conveying a sense of history and tradition."
GRXS-D2188A4E.jpg,"The image features a stylized graphic design with bold black outlines and minimal color, primarily focusing on the color black and white. At the top, the title ""Sixteen Cracklins"" is prominently displayed in a playful, handwritten font, suggesting a casual and youthful theme.

Beneath the title, there are three characters depicted in a simplistic, cartoonish style. On the left is a male figure with a relaxed posture, arms crossed, wearing a button-up shirt. He has a confident stance, contributing to a laid-back aesthetic.

In the center stands a female figure, her hands clasped in front of her, dressed in a simple outfit that includes a skirt and a short-sleeved top. She appears to be the focal point of the group, exuding a sense of curiosity or intrigue.

To the right is another male figure, standing straight with a relaxed demeanor. He wears a shirt similar to the first male character but is slightly different in style, suggesting individuality among the characters.

Behind them, a whimsical pig appears, illustrated in a simple line style, which adds a humorous and light-hearted touch to the image. The pig's expression is cartoonish and friendly, enhancing the playful nature of the design.

Overall, the composition conveys a youthful, fun vibe, with an emphasis on the characters' relaxed yet engaging poses, framed by the eye-catching title above."
GRXS-D2602C9E.jpg,"The image features a bold and stylized logo predominantly in yellow. At the center is a large, uppercase letter ""M"" that serves as the focal point. The ""M"" is designed with thick lines and sharp angles, giving it a strong and modern appearance. The letter has an outline, accentuating its shape against the background.

Below the ""M,"" the word ""CABINETMAKING"" is displayed in a slightly smaller, yet still prominent, uppercase font. This text is also rendered in yellow, maintaining a consistent color scheme with the ""M."" The arrangement suggests a professional or educational context, likely related to craftsmanship or woodworking.

The overall design is clean and impactful, making it suitable for branding or an emblem associated with cabinetmaking, perhaps for a school program, workshop, or business in that industry. The white background enhances the yellow elements, ensuring they stand out clearly."
GRXS-D32E421A.jpg,"The image is a circular memorial design honoring an individual named Chad D. Sprankie. At the top of the circle, in bold capital letters, it reads ""IN MEMORY OF CHAD D. SPRANKIE."" 

Inside the circle, there are three silhouettes of small birds perched on a branch, which adds a serene and nature-inspired element to the design. Below the birds, there is a line of text that reads ""'DON'T WORRY 'BOUT A THING, 'CAUSE EVERYTHING LITTLE THING GONNA BE ALRIGHT',"" suggesting a message of comfort and reassurance.

At the bottom of the circular design, the dates ""AUGUST 31, 1978-MAY 8, 2024"" are displayed, likely indicating Chad's birth and passing. The text is executed in a consistent font style, emphasizing a sense of unity throughout the design. The overall color scheme appears to be monochromatic, creating a poignant and respectful look suitable for a memorial."
GRXS-D34EA2BA.jpg,"The image features a logo for ""Heber Health Haus."" It is designed in a minimalist style using a soft, muted color palette, primarily light beige or golden hues. 

At the center of the design, there is a stylized outline of a house with a triangular roof. Windows are indicated at the front of the house with simple geometric shapes. On top of the roof, there is a chimney that adds a cozy element to the image.

Flanking the house are two evergreen trees, depicted with simplified, symmetrical forms that suggest a natural setting. Above the house, a crescent moon is positioned to the left, accompanied by several small stars, creating a serene, nighttime atmosphere.

The text ""HEBER HEALTH HAUS"" is presented prominently beneath the house graphic, using a clean, bold font that enhances readability. The phrase ""BRINGING NATURE INSIDE"" is placed below the main title in a smaller font, conveying the brand’s ethos.

Overall, the logo combines nature-themed elements with a welcoming home design, suggesting a focus on health and well-being in a tranquil setting."
GRXS-D37441DA.jpg,"The image features a bold and simple design primarily in black and white. At the top, the text “LAKE ELEMENTARY” is prominently displayed in a chunky, uppercase font, creating a strong and clear visual impact. 

Below this text is an illustration of a fish in a dynamic pose, seemingly leaping out of water. The fish appears to be a trout, characterized by its elongated body and distinctive patterns on its skin. Details such as fins and scales are intricately drawn, adding realism to the illustration.

Underneath the fish, the text reads “NATURE BOWL” in a slightly smaller but still bold font, maintaining the same style as the upper text. 

At the bottom of the design, the year “2025” is centered and presented in a large, bold font that aligns with the overall aesthetic of the logo. 

The entire composition conveys an earthy, outdoor theme, suitable for an event related to nature, likely involving students from Lake Elementary School."
GRXS-D45904B9.jpg,"The image features a logo for ""Trevizo Lawn Care."" The design is characterized by a vibrant green color scheme, primarily using a bright shade of green. 

At the top of the logo, there is a graphic element resembling a stylized leaf or a blade of grass, presented in a diamond shape. This element conveys a sense of freshness and nature, underlining the lawn care theme.

Beneath the graphic, the word ""TREVIZO"" is prominently displayed in bold, uppercase letters. The font is simple yet robust, enhancing readability and giving an impression of professionalism. 

Directly underneath ""TREVIZO,"" the words ""LAWN CARE"" are placed in a slightly smaller font, also in uppercase. The overall layout is clean and balanced, making it visually appealing and easy to identify as a business related to landscaping or lawn maintenance. 

The combination of the green color and the leaf graphic effectively communicates an eco-friendly approach to lawn care."
GRXS-D45E8F5B.jpg,"The image features the logo of ""Varathane,"" designed in a cursive font that gives it an elegant and flowing appearance. The letters are predominantly in black, providing a strong contrast against a white background. 

The first letter, ""V,"" stands tall, with a sweeping curve that connects fluidly to the following letters. Each subsequent letter is slightly slanted, contributing to the overall aesthetic of motion and sophistication. The ""h"" and ""a"" are particularly notable for their elegant loops.

Beneath the main text, the phrase ""Since 1958"" is presented in a simpler, more straightforward font, implying a sense of heritage and longevity. This text is also in black and is positioned to the right, aligned horizontally with the last letter, ""e.""

A small trademark symbol appears at the end of the word ""Varathane,"" lending an air of professionalism to the overall design. The entire logo is clean and visually appealing, aiming to convey a sense of quality and tradition."
GRXS-D5276DC7.jpg,"The image features a cartoonish dragon as its central design, which is predominantly purple. The dragon is depicted in a dynamic pose, with its head turned slightly to the side, showcasing sharp facial features, including pointed ears and fierce, yellow eyes. It has a long curved neck adorned with a distinct yellow stripe running down its length. 

The dragon's wings are spread out with a faint texture, suggesting the presence of scales, and its claws are prominently displayed, gripping an object or perhaps a part of its own body. Below the dragon, there are stylized waves in shades of purple, adding a sense of movement to the design.

Surrounding the dragon are the words “Green Lake Dragons” arched gracefully above it in a bold, playful font, colored in bright yellow with a purple outline. Beneath the dragon, the phrase “Ultimate Club” is prominently featured, also in bold, featuring a similar color scheme of purple text with a yellow outline. At the bottom of the image, the year “2025” is included, rendered in a larger and slightly softer font, maintaining the same color combination.

The entire composition is set against a white background, making the colors vibrant and eye-catching. The overall design conveys a sense of energy and enthusiasm, likely representing a sports team or club."
GRXS-D52C8416.jpg,"The image features a logo for ""Lake Spur Marketing."" It consists of two primary elements: a circular emblem and the text beneath it.

1. **Circular Emblem**: 
   - The emblem is divided into two sections: the upper half is composed of lighter blue shades, while the lower half displays darker blue tones.
   - Within the upper section, there are three stylized wave-like curves that evoke the idea of water or ripples, emphasizing the ""lake"" theme.
   - The design has a minimalistic and modern aesthetic, with clean lines and a smooth finish.

2. **Text**: 
   - Below the emblem, the company name ""LAKE SPUR"" is prominently displayed in a bold, sans-serif font, colored in a deep navy blue for strong contrast against the white background.
   - The word ""MARKETING"" is positioned underneath ""LAKE SPUR,"" rendered in a smaller size but maintaining the same navy color. This structure adds balance to the logo, aligning the focus on the company name while clearly identifying its domain.

Overall, the logo conveys a sense of professionalism and creativity, effectively representing a marketing firm with a connection to water or nature themes."
GRXS-D6683A25.jpg,"The image features a dynamic and vibrant design centered around a white horse, notably a mustang, in a jumping pose. The horse has a striking green mane that flows back, indicating movement and energy. It clutches a stylized football, emphasizing the sports theme. 

Behind the horse, there is a circular backdrop in shades of green and cream, enhanced by two vertical poles, which suggest the setting of a sports field. The lines radiating from the center add depth, creating a sense of action and excitement.

The text ""PROTECT THE STABLE"" is prominently displayed in bold, capital letters at the bottom, with ""MOUNDS VIEW MUSTANGS"" below it in a slightly smaller font. The lettering is rendered in a clean, contrasting color, making it easily legible. The overall color scheme consists of greens, whites, and black, contributing to a spirited and energetic feel suitable for a school sports team."
GRXS-D6A9E768.jpg,"The image features a stylized logo against a solid black background. The design includes an oval shape that is elongated horizontally, outlined in white. Inside this oval, the letters ""QTS"" are prominently displayed in bold white typography, where the letters have a modern and sans-serif style. The letter ""Q"" is larger and features a distinctive tail that curls slightly downward and to the left, adding a dynamic aspect to the design. To the right of the oval, there is a superscript ""®"" symbol, indicating that ""QTS"" is a registered trademark. The overall aesthetic is clean and professional, with a strong contrast between the white elements and the black background, creating a striking visual impact."
GRXS-D7723A67.jpg,"The image features a logo that combines a religious symbol with text. 

At the left side of the logo, there is a stylized cross, which is composed of thick lines. The cross is designed with a strong, bold appearance, featuring a vertical line intersected by a shorter horizontal line. The simplicity of the design suggests a modern aesthetic.

Adjacent to the cross, the word ""GRACE"" is rendered in uppercase letters. The letters are bold and distinctly outlined, contributing to a clean and contemporary look. The font appears to be sans-serif, emphasizing clarity and readability. 

Below ""GRACE,"" the word ""STUDENTS"" is displayed, also in uppercase but in a slightly smaller font size compared to ""GRACE."" This text retains the same bold, modern style and aligns perfectly beneath the main title, maintaining a cohesive visual structure.

The overall color scheme is monochromatic, utilizing black for both the symbol and the text against a white background, creating a strong contrast that enhances visibility. The design conveys a sense of strength, community, and purpose, likely aimed at a youth audience associated with a religious organization."
GRXS-D78BF454.jpg,"The image features a playful and vibrant typography design that spells out the word ""Kayla Palooza."" Each letter is crafted in a bold, stylized font with a mix of colors:

- The letters are arranged in a dynamic, overlapping manner, creating a sense of movement and energy. 
- The colors include bright turquoise, vivid pink, and deep purple, giving the text a lively and festive feel. 
- Each letter has a thick outline that enhances its visibility and impact.
- A subtle texture of scattered black speckles adds a rustic or artistic flair to the background, contributing to the overall playful aesthetic.
- The background is predominantly white, which enhances the bright colors of the text and allows the design to stand out prominently. 

Overall, the design appears cheerful and inviting, likely meant for a fun event or celebration."
GRXS-D7BBCB7C.jpg,"The image features a stylized pennant shape in black with white text. The word ""Future"" is prominently displayed in a bold, cursive font, dominating the left side of the pennant. Below ""Future,"" the word ""CHANGEMAKER"" is written in a clear, uppercase sans-serif font, positioned on a curved white strip that runs horizontally across the pennant. 

On the right side, there is a web address, ""futurepublicschool.org,"" written in a smaller, straightforward font, oriented vertically. The overall design conveys a sense of forward-thinking and initiative, encapsulating themes of empowerment and education. The contrast between the black background and white text adds to the visual impact, making the message clear and engaging."
GRXS-D82BE7A7.jpg,"The image features a logo with a clean, modern design. 

1. **Text Elements**:
   - The word **""PAVE""** is prominently displayed across the top. The letters are in bold, uppercase typeface with a vibrant yellow color. 
   - Below ""PAVE,"" there is a smaller text that reads **""RED HOOK, BROOKLYN""**. This text is also in uppercase but with a more understated design, maintaining the yellow color.

2. **Iconic Element**:
   - The letter ""A"" in ""PAVE"" is stylized to resemble a person with arms raised in celebration or achievement. This figure is rendered in a blue color, distinct from the yellow text. 
   - The silhouette includes a circular head and a triangular shape representing the body, with both arms extending upward. 

3. **Graduation Cap**:
   - Above the raised arm of the figure, there is a small yellow graduation cap, which emphasizes themes of education and success.

4. **Background**:
   - The background of the logo is plain white, which enhances the visibility of the yellow and blue elements.

Overall, the logo conveys a sense of achievement and empowerment, reflecting an educational mission or community initiative."
GRXS-D9954D96.jpg,"The image features a logo primarily composed of text and graphic elements, set against a gray background. 

At the center is the word ""EAGLES"" in large, bold, uppercase letters. The font is dynamic and appears slightly distressed, giving it a rugged look, as if worn or weathered. The letters are predominantly white with a subtle shadow effect that enhances their visibility and depth.

Below ""EAGLES,"" the text ""BETHLEHEM HIGH SCHOOL"" is displayed in a smaller, yellow bold font. This contrasts sharply with the gray background and is clearly legible, emphasizing the school's name.

To the right of the text, there is a stylized graphic of an eagle's head, rendered in shades of yellow, white, and gray. The design features sleek lines and curves that suggest motion and energy, aligning with the athletic theme of the logo.

Overall, the combination of the bold typography and the eagle graphic creates a strong and spirited identity for Bethlehem High School."
GRXS-D9DF8616.jpg,"The image depicts a logo for the ""Korean Family Association"" based in Northvale. The design features a circular layout with a clean and modern aesthetic. 

1. **Color Scheme**: The logo primarily employs a bright yellow color against a white background, which adds a vibrant and welcoming feel.

2. **Text Elements**: 
   - At the top of the circle, the word ""NORTHVALE"" is displayed in a slightly arched fashion, emphasizing the location of the association.
   - In the center, the acronym ""KFA"" stands out prominently. The letters are stylized with geometric lines that create a sophisticated appearance, integrating a sense of community and connection.
   - Beneath the acronym, the full name ""KOREAN FAMILY ASSOCIATION"" is written in a straightforward, sans-serif font, ensuring clarity and legibility.

3. **Circular Framework**: The text and symbol are encased in a circular frame, which contributes to a cohesive look, symbolizing unity and togetherness.

Overall, the logo projects a modern and friendly image for the Korean Family Association, highlighting both its cultural roots and its community focus."
GRXS-DB76404B.jpg,"The image features a minimalist logo that consists of vertical shapes and text. 

At the top, there are three tall, black rectangles stacked vertically. The central rectangle is the tallest, flanked by two shorter rectangles on either side, creating a sense of balance and symmetry. The shapes appear bold and solid, giving a strong visual impact.

Below these vertical shapes is the text ""VERTICAL IDENTITY"" in a clean, modern sans-serif font. The word ""VERTICAL"" is rendered in uppercase letters, and ""IDENTITY,"" also in uppercase, follows beneath it. Both words are aligned centrally beneath the graphic, and the color of the text matches the black of the rectangles above.

The background is white, enhancing the contrast and making the logo stand out prominently. The overall design conveys a theme of verticality and modernity, with an emphasis on clarity and simplicity."
GRXS-DB8DCB4B.jpg,"The image features a stylized graphic design that incorporates elements of a coastal scene. The overall shape is a rounded arch, suggesting a logo or emblem. 

At the top portion of the design, the bold text ""GOLDEN TIDES"" is prominently displayed in navy blue, arced above a large, circular sun rendered in a vibrant orange hue. This sun is at the center, radiating warmth and light, surrounded by alternating sunrays in the same orange tone, which contrast against the lighter background.

Beneath the sun, there are stylized waves depicted in swirling patterns, emphasizing motion and energy. These waves are illustrated in a deep blue, with white highlights outlining the curves to enhance their three-dimensional appearance.

Flanking the waves, palm trees create a tropical atmosphere; their silhouettes are also a darker navy, giving a sense of a beach setting. The inclusion of faint clouds in the background adds depth to the horizon.

Lower in the design, the text ""ORANGE BIGHT & SOUTHERN VIBES"" appears prominently, also in navy blue, capturing attention with its bold font. Beneath this, in smaller lettering, is ""GOLDEN TIDES & SOUTHERN VIBES,"" and at the very bottom, ""UK"" is displayed, suggesting a geographical reference.

The overall color scheme blends bright oranges with deep blues and includes some white accents, evoking a sense of summer, warmth, and coastal relaxation. The design is clean and modern, likely intended to appeal to a youthful audience or those seeking a beachy lifestyle."
GRXS-DBE328D9.jpg,"The image features a circular design that is predominantly black and white. At the center, there is a stylized illustration of a lotus flower, characterized by its layered petals that are elegantly arranged. The flower has a slightly defined base and smaller, curved leaves extending outward at the bottom.

Surrounding the flower, there is a circular text that follows the curve of the circle. The text reads ""Fort Parker State Park - Dinh"" on the bottom and ""i 2025"" on the top, all written in a bold, clear font. The letters are uniformly sized and spaced, giving a balanced aesthetic to the overall design. The simplicity of the layout, combined with the detailed illustration of the lotus, creates a striking visual effect that highlights the connection to nature and tranquility."
GRXS-DFCBEB3D.jpg,"The image is a graphic design representing the ""Rapid City Recreation Winter Volleyball 2024"" event. It features a bold and dynamic logo.

1. **Text Elements**:
   - The words ""Rapid City Recreation"" are prominently displayed at the top, using a playful font that combines both script and block styles. The text is colored in a bright green with black outlines, giving it a lively appearance.
   - Below, the word ""WINTER"" is written in bold black letters, emphasizing the seasonal aspect of the event.
   - The word ""VOLLEYBALL"" is central and larger, with a distinctly stylized font. It is primarily in yellow with a slight 3D effect, further highlighted by a shadow beneath it.
   - The year ""2024"" appears in large, black, block letters at the bottom of the design.

2. **Graphic Elements**:
   - A volleyball is centrally placed, designed with white and gray stripes that give it a classic look.
   - Surrounding the volleyball are pieces of brown wood, which may symbolize a court or natural elements, arranged in a slightly chaotic manner to create a sense of action or movement.
   - The background features a starburst shape in bright green, enhancing visual interest and drawing attention to the central elements.

Overall, the design is vibrant and energetic, effectively capturing the spirit of a recreational volleyball event in winter, aimed at encouraging participation and excitement."
GRXS-E072F0CA.jpg,"The image features a logo prominently displaying the letters ""L"" and ""J"" intertwined. The design has a bold and modern style, with the letters rendered in a solid black color. Surrounding the letters is a thin red outline that adds emphasis and contrast. Below this emblem, the phrase “BEACH VOLLEYBALL” is written in a playful, bold font that also appears in black, capturing a sporty and energetic vibe. The overall design is set against a plain white background, which helps the emblem and text stand out clearly. The combination of colors and the style of the text suggests a connection to a vibrant athletic community focused on beach volleyball."
GRXS-E0B082F2.jpg,"The image features a stylized logo predominantly in black and white. Central to the design is the phrase ""TURN AROUND"" in bold, uppercase letters, with ""OUTDOORS"" positioned beneath it in a smaller size.

Above the text, a pair of antlers rises prominently, adding an outdoor theme to the logo, which suggests a connection to hunting or wildlife. Surrounding the ""TURN"" text, there are random footprints resembling bird tracks, giving an impression of movement and exploration.

To the right of the word ""OUTDOORS,"" a detailed feather design is depicted, contrasting the geometric letters with a more organic form. Nestled beside the feather is a reference to a Bible verse: ""John 14:6,"" presented in a smaller, vertical alignment. 

Overall, the logo combines elements of nature with a spiritual touch, suggesting themes of adventure and faith in the outdoors."
GRXS-E0B38975.jpg,"The image features a vibrant design centered around a traditional Okinawan guardian lion-dog, known as a Shisa. This creature is depicted in a muscular, powerful pose, suggesting strength and protectiveness. The Shisa has large, expressive eyes and a fierce expression, complete with intricately styled mane and body fur that emphasizes its mythical nature.

In its right paw, the Shisa clutches a sphere adorned with a small bonsai tree icon, symbolizing nature and tranquility. Its body is partially covered by a sash that indicates it has achieved a ""1st"" place, hinting at some sort of competition or celebration.

The background consists of a large, bold orange circle, which contrasts with the black and white outline of the Shisa figure. Above the Shisa, bold lettering spells out ""OKINAWA 2025,"" likely marking an event or festival taking place in Okinawa in that year.

Overall, the composition combines elements of traditional culture with a festive, competitive spirit, making it visually dynamic and culturally significant."
GRXS-E0C1E8E0.jpg,"The image features an artistic representation of two open hands, illustrated with a soft, clean style. The hands are depicted in a light, neutral color with detailed shading that emphasizes their shape and structure, showcasing individual fingers and knuckles.

Above these hands, a large heart shape is prominently displayed. The heart is designed with a stylized patriotic theme, featuring alternating stripes. The top portion of the heart is filled with a deep blue color, while the lower part consists of bold red stripes alternating with white stripes. The stripes are arranged in a way that gives the impression of layers, enhancing the visual depth of the heart.

The background of the image is plain, enhancing the focus on the heart and hands. The overall composition conveys a sense of care, support, and patriotism, symbolizing the idea of holding something precious and important."
GRXS-E1435320.jpg,"The image features a logo for the ""Kentuckiana Beekeepers Association."" 

1. **Text Elements**:
   - The main title ""KENTUCKIANA"" is prominently displayed at the top in bold, capital letters, using a bright yellow color that stands out against the white background.
   - Below it, the phrase ""Beekeepers Association"" appears in a slightly smaller font but still retains the bold and yellow characteristics, ensuring clarity and visibility.
   - Further down, additional text reads ""Louisville, Kentucky & So. Indiana since 1976,"" which is presented in a smaller size but continues the yellow theme.

2. **Graphic Elements**:
   - To the left of the text, there’s an illustration of a bee, which is stylized in yellow and black. 
   - The bee has distinct features such as wings and legs, making it easily recognizable. It has the letters ""KBA"" placed on its side, representing the organization's abbreviation.
   - Near the bee, there is a honeycomb shape that adds an element related to beekeeping and enhances the overall theme of the logo.
   - Below the bee, there is also a web address, ""kyanabees.com,"" oriented in a way that integrates well with the design.

Overall, the logo maintains a clean and professional look while effectively conveying the identity and purpose of the organization involved in beekeeping in the specified region. The use of yellow reinforces a sense of friendliness and warmth, resonant of the environment associated with beekeepers."
GRXS-E14DF1A4.jpg,"The image features a circular logo with a vibrant purple background and a silver-gray outline. At the center, there is a large, stylized number ""25,"" which stands out prominently. The number is rendered in a three-dimensional style, giving it depth and emphasizing its importance.

Above the number ""25,"" the logo includes the text ""FREEDOM CHURCH HILLSIDE,"" arranged in an arching manner that follows the curvature of the circle. This text is also in a silver-gray color, contrasting well with the purple background.

At the bottom of the logo, the years ""2000-2025"" are displayed in the same silver-gray color, indicating a significant timeframe associated with the church. Behind the ""25,"" there is a light gray depiction of a modern building, symbolizing the church and adding contextual depth to the logo’s meaning.

Overall, the design is clean, modern, and celebratory, highlighting the 25th anniversary of Freedom Church Hillside."
GRXS-E2238405.jpg,"The image features a circular logo with a classic design, primarily colored in dark green and white. 

1. **Central Element**: At the center, there is a prominent letter ""H"" in a bold, serif typeface, colored white. This ""H"" is encased within an oval shape that adds emphasis to it.

2. **Text**: Surrounding the central ""H"" is the text ""HAYDEN OUTDOORS"" positioned at the top edge of the circular design. The font is serif and appears in capital letters, contributing to a formal feel.

3. **Date**: Below the central ""H,"" there are the years ""20"" on the left and ""25"" on the right, connected by a small ribbon-like banner that is also in dark green. This banner serves as a decorative element.

4. **Event Name**: At the bottom of the logo, the phrase ""SPRING BROKER SUMMIT"" is displayed in a smaller font, also in capital letters, providing context about the event associated with the logo.

5. **Circular Border**: The entire design is enclosed within a circular border defined by two lines. This border adds structure to the logo, making it visually cohesive.

Overall, the logo presents a professional and polished appearance, likely intended for branding purposes related to the outdoors or real estate industry events."
GRXS-E245268C.jpg,"The image features a vibrant and dynamic mascot logo for ""Farmingdale Fire."" Central to the design is a fierce-looking cardinal bird with an intense expression; its eyes are narrow and piercing, accentuating a sense of determination. The cardinal is predominantly red, emphasizing its brawny physique as it flexes its muscular arms, crossed in an imposing stance.

Flames in vivid shades of red and orange surround the cardinal, creating a sense of energy and intensity, which connects to the ""Fire"" theme. Behind the cardinal, two baseball bats are crossed, adding to the sports motif of the logo. 

The text ""FARMINGDALE"" is prominently displayed above the cardinal, using a large, bold font that combines both angular and rounded accents for visual interest. The word ""FIRE"" is located underneath the circular emblem that features a baseball at the center, surrounded by a red circle. This circular design enhances the overall shape and helps unify the elements. 

The color scheme is primarily red, black, and white, giving the logo a strong and aggressive look while maintaining clarity and visibility. The contrasting colors ensure that each element stands out, making it a striking representation of the team’s spirit."
GRXS-E3A09682.jpg,"The image features a logo for the ""Borland Pickleball Classic."" 

1. **Central Elements**: In the foreground, there is a stylized depiction of a pickleball paddle. The paddle has a distinct rectangular shape with rounded edges and a textured grip at the handle. The surface of the paddle showcases a teal color, composed of alternating squares in different shades of teal, creating a checkered pattern.

2. **Ball Representation**: To the left of the paddle, there is a graphical representation of a pickleball, which is spherical and light blue. The ball is characterized by numerous holes, arranged evenly around its surface, typical of a pickleball design.

3. **Text**: Below the graphic elements, the logo includes the words ""BORLAND PICKLEBALL CLASSIC"" in a bold, uppercase font. The text is colored in a dark teal that matches the paddle, providing a cohesive look. Each word is stacked, creating a balanced layout.

4. **Design Style**: The overall design is minimalistic and modern, featuring clean lines and a straightforward color palette primarily consisting of shades of teal and light blue, which emphasizes the theme of the pickleball sport.

5. **Background and Additional Details**: The image has a plain white background, allowing the logo’s elements to stand out prominently. There are also horizontal lines emanating from the text, adding a dynamic touch to the design.

This logo effectively captures the essence of the Borland Pickleball Classic, showcasing both the sport and the event’s branding succinctly."
GRXS-E3AF7E28.jpg,"The image features a logo for ""Keyser Lawn & Landscaping LLC."" At the top, the word ""KEYSER"" is prominently displayed in bold, stylized letters, emphasizing the brand name. Below that, the phrase ""LAWN & LANDSCAPING LLC"" appears in a slightly smaller font, maintaining the emphasis on the services offered.

Central to the logo is a cartoonish lawn mower character, which has an exaggerated, playful appearance. The mower is depicted in a side view with large, round wheels and a smiling face, giving it a friendly and approachable look. The handle of the mower extends upward, and its shiny body is illustrated with details that hint at movement and efficiency.

Below the character, there’s contact information presented in a clear, bold font: ""574-389-ROCK,"" which is accompanied by the website ""Keyserlawnandlandscaping.com."" The overall color scheme is likely monochromatic, relying on black and white, which enhances clarity and impact.

This design effectively communicates the brand's focus on lawn care and landscaping in a fun and engaging manner."
GRXS-E3E06AF3.jpg,"The image features a logo comprised of both text and a graphic design element centered around the theme of aviation and metal plating. 

**Text Elements:**
- The word ""PREMIER"" is prominently displayed at the top in a bold, uppercase font. The letters are brown, giving them a strong, earthy appearance.
- Below ""PREMIER,"" the phrase ""METAL PLATING"" is also in uppercase, but in a slightly smaller font size. It is aligned directly beneath ""PREMIER,"" maintaining the same brown color.

**Graphic Elements:**
- To the left of the text, there are stylized representations of airplanes. 
- These planes are depicted in a simplified, abstract manner, also in brown and varying shades that blend harmoniously with the text.
- The airplanes appear to be flying in arcs, creating a sense of movement and dynamism.
- The overall shape of the graphic resembles circular forms, which may evoke concepts of globes or circles to signify a global reach or service.

The overall design combines professionalism with a creative touch that reflects the company's focus on metal plating in the aviation industry. The brown color palette conveys reliability and strength, while the airplane motifs suggest precision and expertise."
GRXS-E440ED9B.jpg,"The image is a logo representing the Country Fire Authority (CFA) of Victoria, Australia. It features a circular design with a solid black background. 

At the top of the circle, the words ""COUNTRY FIRE AUTHORITY"" are inscribed in white uppercase letters, following the curvature of the circle. Below, there is a depiction of a crown in gold, symbolizing authority and possibly royal association.

The inner section of the logo is divided into four quadrants, showcasing various symbols:
1. The top left quadrant contains an illustration of a tree.
2. The top right quadrant features a representation of the Australian flag, along with the Southern Cross.
3. The bottom left quadrant portrays an anchor intertwined with a vine or leaf, symbolizing strength and connection to maritime safety.
4. The bottom right quadrant depicts a sheep, representing agriculture.

Surrounding this central emblem is the word ""VICTORIA"" placed at the bottom of the circle, in the same bold white font.

Below the circular emblem, the name ""BELGRAVE"" is prominently displayed in large white letters, followed by ""ESTD 1923,"" indicating the establishment date. This text is aligned centrally and contrasts sharply against the black background."
GRXS-E44CB2B2.jpg,"The image features a stylized logo that includes a prominent yellow design. The logo consists of swirling shapes resembling flowing waves or stylized water, giving a maritime feel. At the center of the design is a white silhouette of a figure, which appears to be a bird or a simplified representation of a ship. 

In the middle section, a horizontal white band contains the text ""SHIP DOCK"" in a bold, playful font, with slightly uneven edges to give it a hand-drawn look. The overall color scheme is bright and engaging, with yellow dominating the visuals, suggesting a vibrant and lively theme associated with shipping or a marina. The combination of the dynamic shapes and the text creates a sense of movement and activity, fitting for a location related to ship docking or harbor activities."
GRXS-E4998C40.jpg,"The image features a logo composed of a circular design with a prominent stylized letter ""G"" at its center. The ""G"" is represented in a bold, black font, with its upper part rounded and the lower portion extending downwards. To the right of the ""G"", there is a vertical line that connects to a horizontally aligned section at the bottom, creating a distinctive and modern look.

Surrounding the ""G"" are the words ""GENERATION"" on the top arc and ""CHANGERS CHURCH"" on the bottom arc, both in a sleek, sans-serif font. The text is also in black, maintaining a cohesive color scheme. The overall design is minimalistic yet impactful, emphasizing modernity and clarity. The circular layout gives a sense of completeness and unity to the logo."
GRXS-E58FBB8D.jpg,"The image features a minimalist line drawing of a bird, positioned within an oval frame. The bird is stylized, with smooth, flowing lines that accentuate its shape. It has a small crest on its head and appears to be looking to the right. An element, likely representing a branch, extends from its beak, giving a touch of nature to the design.

Below the bird and the oval frame, the words ""NEST HOME"" are inscribed in a bold, sans-serif font. The text is centered and evenly spaced, adding a contemporary feel to the overall design. The entire illustration is rendered in a single color, likely black, against a light or white background, enhancing its clean and modern aesthetic. The combination of the bird and the textual elements suggests themes of comfort, nature, and home."
GRXS-E5A6E29C.jpg,"The image features a logo for ""Upstate Whitetail Seed & Feed."" It incorporates several design elements:

1. **Shape**: The logo is in a hexagonal form, providing a sturdy and bold outline.

2. **Color Scheme**: The primary colors are dark green and white, with some light gray used in the design of the antlers.

3. **Antler Graphic**: At the top of the logo, there is a stylized representation of deer antlers. The antlers are depicted in light gray, with intricate detailing, showcasing their branching nature.

4. **Text**:
   - The central text reads ""UPSTATE WHITETAIL"" in bold, white letters with a strong, sans-serif font.
   - Below this, the words ""SEED & FEED"" are also prominently displayed, reinforcing the brand's focus.
   - At the base of the logo, ""Boiling Springs, SC"" is written in a lighter, gray text, indicating the location of the business.

5. **Design Accents**: There are subtle design elements that enhance the logo's visual appeal, such as a dark border around the hexagonal shape and a slight shadow effect that adds depth.

Overall, the logo conveys a sense of outdoor vitality and is likely aimed at hunters and wildlife enthusiasts, aligning well with the products offered."
GRXS-E634A0B0.jpg,"The image features a circular design that includes the text ""DASHER CHURCH OF CHRIST"" displayed prominently along the top half of the circle. The font used for this text appears bold and is in uppercase letters, creating a clear and straightforward look.

In the center of the design, there is a stylized letter ""L"" that has a unique, flowing shape. The letter ""L"" is accompanied by the alphanumeric combination ""L2L"" positioned within or adjacent to this letter, which may suggest an emphasis on connection or community, commonly associated with church themes.

At the bottom half of the circle, ""VALDOSTA, GA"" is presented in a similar bold font, providing geographical context for the church’s location.

The entire logo is rendered in black and white, which adds a timeless and classic aesthetic. The circular shape signifies unity and community, typical design elements for church symbolism."
GRXS-E663AD78.jpg,"The image is a logo for ""Sandhills Collision Repair."" It features a stylized blue car, depicted in a side profile view, showcasing details like the shiny body, wheels, and a sleek design. The vehicle is positioned prominently within the logo, with artistic elements indicating motion or a paint job, represented by streaks of light or sparkles. 

In terms of text, ""SANDHILLS"" appears at the top in large, bold fonts, primarily in red with a slight gradient that gives it a dynamic appearance. The word ""Collision"" is written in a more elegant, cursive font in white, subtly nestled beneath ""SANDHILLS."" Below that, ""REPAIR"" is displayed in bold, capital letters, maintaining the strong visual impact.

The background features a hexagonal pattern, giving it a modern and industrial feel. This is outlined in red, which further enhances the logo's visual interest. Additionally, at the bottom of the logo, a phone number ""910-673-AUTO-2886"" is presented in a clear, easy-to-read format.

Overall, the design combines elements of automotive aesthetics with a professional appearance, aimed at conveying reliability and expertise in collision repair services."
GRXS-E6F5249C.jpg,"The image features a colorful and playful design representing ""The Pretenders Drama Club"" from Albany, Georgia. At the top, there are three theatrical masks, each showcasing distinct expressions and colors. 

1. **Left Mask**: This mask has a white background with pink and gold accents. It features a smiling face with bright yellow eyes and a simple mouth. It is adorned with a decorative line, resembling a crown.

2. **Center Mask**: This mask is golden-yellow, exuding a cheerful demeanor with a broad smile and blue eyes. The design is smooth, capturing a joyful essence.

3. **Right Mask**: The mask showcases a vibrant blue design with a wild hairstyle in shades of blue and white. Its expression is playful, with a huge smile and exaggerated, lively eyes.

Below the masks, there’s a wide, wavy banner featuring the name ""the PRETENDERS"" in large, bold letters, with the word ""Drama Club"" situated underneath in a slightly smaller font.

In the background, there’s a grassy area depicted, with small flowers in varied colors like pink and blue, and a few cartoonish hills. The overall color scheme is bright and inviting, with a backdrop of a soft blue sky scattered with white clouds, creating an energetic and fun atmosphere ideal for a drama club."
GRXS-E6F5C685.jpg,"The image features a stylized logo primarily composed of the colors red and white. At the top, the design includes a red line that curves and forms a hook-like shape, reminiscent of a musical note or a swirling abstract form, suggesting fluidity. 

Below this curved element is the word ""New"" rendered in a bold, modern font, also in red. The letters are designed with sharp angles, giving a dynamic and contemporary feel. Following ""New,"" the word ""JAZZ"" is presented in a similarly styled font, but it is larger and emphasizes a sense of rhythm and movement. 

The overall design is clean and minimalist, conveying an artistic vibe while maintaining clarity. The combination of the hook and the text relates to themes of music and creativity. The interplay of shapes and typography in red creates a strong visual impact."
GRXS-E7509B9C.jpg,"The image features a bold design that primarily incorporates black and white colors. At the top, the word ""BARDSTOWN"" is displayed in a large, uppercase font, prominently centered and arched. Below this text, there is a fierce depiction of a tiger's head, facing forward. The tiger features detailed fur patterns, with distinct stripes and expressive eyes that convey intensity and strength.

The tiger's expression is fierce, with sharp teeth visible in a slight snarl. The contours of its face are accentuated with bold black lines against a white background, giving it a striking appearance. 

At the bottom of the image, the word ""TIGERS"" is written in similarly large, uppercase letters, ensuring a strong, cohesive message. The overall design is impactful, conveying a sense of vigor and team spirit, likely representing a sports team or school mascot."
GRXS-E7C51E0E.jpg,"The image features a stylized black silhouette of a panther's paw print, prominently displayed at the top. The paw print consists of a large central pad with three smaller toe prints above it, each rounded and slightly elongated at the tips to suggest claws. 

Beneath the paw print, the word ""PANTHERS"" is written in bold, uppercase letters. The letters are designed with a thick and solid appearance, enhancing the strong and powerful theme associated with panthers. The text is presented in a straight alignment, adding to the overall symmetry of the composition. 

The background is plain white, which contrasts sharply with the black imagery, making both the paw print and the word ""PANTHERS"" stand out prominently. The overall design conveys a sense of strength and agility, characteristic of the animal it represents."
GRXS-E885EB86.jpg,"The image features a vibrant design predominantly showcasing the words ""APPLING CHEER."" The lettering is bold and large, with ""CHEER"" emphasized in a thick, black font that stands out against the white background. 

Above the text, the word ""APPLING"" is displayed in a smaller, yellow font. To the left of the word ""CHEER,"" there is a stylized yellow pom-pom illustration, adding a playful touch. To the right, a yellow megaphone graphic is positioned, which further enhances the cheerleading theme. 

In the background, there is also a subtle bow design, suggesting a festive or celebratory atmosphere. The overall color palette consists of vibrant black and yellow against a clean white backdrop, creating a lively and energetic visual effect suitable for a cheerleading context."
GRXS-E8AB488E.jpg,"The image features a logo that prominently displays the word ""VOORHEES"" in bold, red capital letters at the top. Below this, there is an illustration of a winged foot, symbolizing speed and agility, rendered in yellow and red hues. The foot appears angled, extending toward the right, with clean lines accentuating the wing details.

Underneath the winged foot, the text ""GIRLS INDOOR"" is presented in a bold, yellow font, which adds a vibrant contrast against the white background. Below this, ""TRACK AND FIELD"" is also displayed in capital letters, using the same yellow font style, creating a cohesive overall design. The layout is simple yet effective, emphasizing athleticism and team spirit, and it is likely intended for an athletic program associated with a school or sports team."
GRXS-E9FE1396.jpg,"The image features a stylized logo that prominently depicts a skyline silhouette in a vivid pink color. The skyline includes a variety of architectural shapes, suggesting a cityscape with various building heights and designs. 

In the foreground, the words ""SHARKS RUN THE CITY"" are displayed in bold, large font. The word ""SHARKS"" appears at the top in an eye-catching size, while ""RUN"" is positioned beneath it in a slightly smaller font, maintaining the same bold style. The word ""CITY"" is set apart by being larger than ""RUN,"" adding emphasis. 

Below these main elements, the phrase ""Des Moines Icons EST. 1926"" is written in a more modest font, providing context to the logo and suggesting a historical aspect with the established date. The overall design is clean and modern, giving a sense of dynamism and engagement, making it suitable for branding purposes. The choice of color and typographic hierarchy contributes to a visually striking and cohesive look."
GRXS-EB61A0C7.jpg,"The image features a stylized logo of a mantis, presented in a minimalist and modern design. The structure of the mantis is composed of smooth, curving lines. 

- **Color Scheme**: The main body of the mantis is rendered in a light green color, conveying a vibrant and fresh aesthetic. The eyes of the mantis are depicted in a contrasting purple, accentuated with small white highlights that give a glossy effect. 

- **Head and Antennae**: The head features elongated antennae that curve gracefully upwards, showcasing a sleek silhouette. The eyes are large and bulbous, suggesting a playful or cartoonish quality.

- **Body and Legs**: The body shape of the mantis is crafted with angular forms, transitioning smoothly into its limbs. The arms and legs extend outward, with an emphasis on symmetry and balance, using the same light green as the body.

- **Text Elements**: Below the mantis illustration, the words ""MECHA MANTISES"" are displayed prominently. The word ""MECHA"" is in purple, and ""MANTISES"" is in light green to match the mantis above. The text is bold and rounded, adding to the logo's modern appeal.

- **Numerical Element**: The year ""19862"" is positioned beneath ""MANTISES,"" using a larger font size and in a matching light green color, rounding out the logo's design.

Overall, the logo embodies a blend of playfulness and futuristic elements, suitable for a brand focused on themes like robotics or science fiction."
GRXS-EBA615D2.jpg,"The image features a logo design consisting of geometric shapes, prominently displaying a stylized triangular form. The top triangle is colored red, while the middle section is a combination of light blue and darker blue, blending into a gradient effect. 

Inside the triangle, there is a creative arrangement of letters, specifically ""CAS"", which are integrated into the triangular design. The letters are composed of straight lines that contribute to both the contemporary feel and the visual balance of the logo.

Below the triangular design, the words ""CAS CONSULTING"" are written in bold, uppercase black letters, providing a strong contrast against the lighter elements of the logo. The font appears modern and professional, emphasizing the consulting nature of the business. 

Overall, the logo conveys a sense of professionalism, creativity, and modernity, combining both color and structure effectively to communicate its brand identity."
GRXS-ECB8A688.jpg,"The image features a logo that combines stylized text and graphic elements. The primary color of the logo is a bold red. 

1. **Text Component**: 
   - The letters ""SOR"" are prominently displayed in a modern, uppercase font. The ""S"" and ""R"" are solid shapes, while the ""O"" has a distinctive design, featuring an inner circular element that suggests depth.

2. **Graphic Element**:
   - To the left of the text, there is a graphical representation that resembles a stylized wing or arrow, which suggests motion or speed. This wing is characterized by several asymmetrical shapes creating a sense of dynamism.
   - The design also includes a gear element that fits into the circular part of the ""O,"" symbolizing industry or machinery, reinforcing themes of engineering or technology.

Overall, the design is clean and modern, effectively blending typography with imagery to convey a sense of professionalism and innovation."
GRXS-ED80596F.jpg,"The image features a stylized logo for a baseball team called ""Cougars."" At the center, there is a bold and fierce-looking cougar's face, which is depicted in a combination of dark blue and white. The cougar has a sharp expression, with narrowed eyes that convey intensity and determination. The contours of its face are well-defined, showcasing its muscular features.

Beneath the cougar's face, the word ""COUGARS"" is prominently displayed in large, block letters. The letters are also in blue, providing a strong contrast against the white background. Underneath ""COUGARS,"" the word ""BASEBALL"" is written in a smaller size but in a vivid red, making it eye-catching. 

The logo is framed by a triangular design that mimics the shape of a home plate in baseball, emphasizing the sport. Additionally, there are two red baseball stitches on either side of the cougar's face, adding a further connection to the baseball theme. The overall color scheme consists of dark blue, white, and red, creating a striking visual impression that conveys energy and team spirit."
GRXS-EDAA4586.jpg,"The image features a logo for a ""Performing Arts Club"" and includes various graphical elements organized within a circular format. The text is prominently displayed in a bold, playful font.

1. **Text Elements**:
   - At the top, the words ""PERFORMING ARTS"" are written in a curved fashion, emphasizing the theme of the arts.
   - Below that, ""CLUB"" follows in a more prominent position within the circular outline.
   - The years ""2024 - 2025"" are displayed at the bottom of the circle, anchoring the logo with the specific timeframe.

2. **Visual Graphics**:
   - Central to the design are two theatrical masks, representing comedy and tragedy, depicted in a stylized manner. One mask appears happy, while the other appears sad, symbolizing the breadth of emotions explored in performance art.
   - There are musical notes flowing between the masks, suggesting the connection between music and performance.
   - To the side, there are handprints in black ink, adding a tactile and interactive element to the design. This touch could imply participation and creativity.
   - Silhouettes of two performers, a male and a female, are depicted in a dynamic pose at the bottom, suggesting movement and energy typical of performing arts.

3. **Color Scheme**:
   - The logo primarily uses a deep green color, conveying a sense of growth and harmony, suitable for an artistic club.

Overall, the image combines various symbols of the performing arts in an engaging layout, reinforcing the idea of creativity, expression, and collaboration within the club."
GRXS-EDD3518D.jpg,"The image features a stylized graphic that prominently displays the word ""Springfield"" in a playful, vintage-inspired font. The letters are colored in a light cream shade with a subtle blue outline, giving them a soft and inviting appearance. Above the name ""Springfield,"" the word ""Missouri"" is written in a similarly styled light blue font, adding a geographical context.

Beneath ""Springfield,"" there is a red bar that serves as a background for additional text, which reads ""TXST IT'S A."" The wording is bold and spaced out, with a contrasting cream color that stands out against the red background. 

Central to the design is a shield emblem, resembling a classic road sign, which contains the text ""ROUTE 66"" in large, white, rounded letters. The shield is designed in soft beige tones, complementing the other colors in the image.

A blue line runs horizontally above and below the red bar, framing the entire composition and enhancing the nostalgic feel of the design, reminiscent of classic Americana. Overall, the image evokes a sense of adventure and travel, tied to the iconic Route 66."
GRXS-F208798E.jpg,"The image is a badge or emblem featuring a dynamic and colorful design.

1. **Shape and Background**: The overall shape is based on a classic firefighter's maltese cross, which is red with a yellow outline. The cross has equal arms extending outwards, providing a balanced look.

2. **Central Imagery**: 
   - **Ship**: In the center, there is a stylized Viking ship with a dragon-shaped prow. The ship has black sails with white stripes, creating a strong visual contrast.
   - **Waves**: The ship appears to be sailing through stylized blue waves that add a sense of movement and energy.

3. **Text Elements**:
   - At the top, within the red sections of the cross, there is bold black text that reads ""Red Knights®"". 
   - Below the ship, the word ""Firefighter"" is prominently displayed in a substantial font, with ""MC"" (presumably indicating ""Motorcycle Club"") featured next to it.

4. **Additional Elements**:
   - To the left of the ship, a metallic-looking helmet adorned with horns symbolizes strength, with flames rising above it, evoking a sense of fire and bravery.
   - The letters ""MN 4"" are inscribed on the helmet, likely indicating a chapter or designation within the group.

5. **Tools**: On the right side, two firefighter tools—a fire axe and a shovel—cross over each other, emphasizing the firefighting theme.

Overall, the design combines elements of firefighting, Viking heritage, and camaraderie, making it visually striking and rich in symbolism."
GRXS-F21D1900.jpg,"The image features a minimalist design centered around a coffee mug. 

- **Top Section**: The words ""Lambda Omicron Xi"" are displayed in an elegant, flowing script. The style is reminiscent of handwritten typography, giving it a personal touch. 

- **Steam**: Above the mug, there are three stylized steam curls rising, suggesting that the coffee is hot and fresh.

- **Coffee Mug**: The mug itself is depicted in a simple, outlined style. It has a wide rim and a prominent handle. Inside the mug is a dark area, indicating that it contains coffee. 

- **Greek Letters**: On the body of the mug, three Greek letters—Lambda (), Omicron (), and Xi ()—are arranged vertically, forming the initials """". The letters are bold and prominent, emphasizing their significance.

- **Base**: The mug sits on a circular saucer, which is also illustrated in a simple outline style.

- **Bottom Text**: Beneath the mug, the word ""ESTABLISHED"" is printed in capital letters, followed by the year ""2002"". This text is straightforward, contrasting the decorative style above it.

Overall, the image combines elements of familiarity and warmth associated with coffee, alongside the distinctive symbols of Greek letters, creating a cohesive representation."
GRXS-F255CBAB.jpg,"The image features a vibrant and colorful logo for ""Kelly's Snack Shack."" At the top, the name ""Kelly's"" is stylized in a playful, cursive font, predominantly white with a hint of shadow to create depth, set against a large, circular background that transitions from orange at the top to red at the bottom.

Beneath ""Kelly's,"" the word ""Snack"" is bold and designed with a mix of colors: a grayish-blue at its base fading into bright red at the top. The final part, ""Shack,"" is in bold lettering similar in color to ""Snack,"" but with a more rounded form.

Encircling the entire logo is a yellow outline that reinforces the overall shape, giving it a polished look. To the right of ""Snack,"" there is an illustration of an ice cream cone topped with a swirl of soft serve, further emphasizing the snack theme. In the background, there's a blue container, likely referencing ice cream or food storage, which adds context to the snack shack concept. Overall, the logo exudes a fun, inviting atmosphere, ideal for a casual eatery."
GRXS-F2CDAF56.jpg,Error generating caption: You uploaded an unsupported image. Please make sure your image is valid.
GRXS-F2F8CA72.jpg,"The image features a badge-like design with a prominent circular emblem in the center. The outer shape resembles a traditional firefighting or emergency service badge, characterized by a series of curved edges and a symmetrical layout.

At the top of the badge, the word ""MINE"" is boldly displayed in uppercase letters, contrasted by a dark background that enhances its visibility. Below that, a circular rope-like design surrounds another set of text that includes ""North American COAL"" and ""RED HILLS MINE,"" indicating the affiliation and specific location related to mining operations.

At the bottom of the badge, the word ""RESCUE"" is also presented in uppercase letters, further emphasizing the purpose of the emblem—signifying a focus on safety and emergency response within the mining environment.

Additionally, to the left and right of the central emblem, there are symbols resembling medical crosses, which suggest the integration of medical assistance and rescue services in mining operations. Overall, the design is monochromatic, primarily utilizing black and white tones, which conveys a clean and professional appearance."
GRXS-F3F3042A.jpg,"The image features a green and white logo designed for a mayoral campaign, specifically for the village of Rantoul. 

1. **Text Elements**:
   - The word ""HALL"" is prominently displayed in a bold, vibrant green font. The letters are capitalized, conveying strength and emphasis.
   - Below ""HALL,"" there is a smaller text that reads ""For Village of Rantoul Mayor,"" which is also in green but in a lighter, less bold font to create a hierarchy in the text.

2. **Background Elements**:
   - Behind the text, there is a graphic representation of a rounded green shape resembling a sun or a hill, which gives a vibrant and positive vibe.
   - Silhouettes of houses in white can be seen integrated into the green background. The houses are simple in design, with varying roof styles, and are surrounded by trees, suggesting a community or suburban environment.

3. **Overall Design**:
   - The logo has a clean and modern look, utilizing a limited color palette of green and white, which conveys eco-friendliness or a connection to nature.
   - The composition balances text with graphic elements, making it visually appealing and easy to read.

This design effectively communicates a sense of community and leadership associated with the mayoral campaign for Rantoul."
GRXS-F4BD1D09.jpg,"The image features a circular logo primarily in maroon and white. At the center, there is a stylized depiction of a kangaroo positioned on the left side. The kangaroo is drawn in a minimalist style, facing right, with its characteristic long tail and powerful hind legs easily recognizable. 

On the right side of the kangaroo, there is a representation of a camera mounted on a tripod. The camera is also simplified, showing an iconic lens and a flat top. Both elements are rendered in white against the maroon background.

Below this circular emblem, the text ""AC FILMMAKERS"" is displayed prominently in bold, capital letters. The font is a bright, eye-catching red that contrasts sharply against the white and maroon elements, emphasizing the name of the group or brand. The overall design conveys a creative and dynamic feel, suited for a filmmaking organization."
GRXS-F53EF393.jpg,"The image features a logo design that consists of two main components: text and an illustration.

1. **Text Elements**: 
   - The word ""sportable"" is prominently displayed at the top. The 's' is represented in a stylized font, integrating a symbol that resembles a person in motion, combining orange and dark blue colors. The rest of the word is in dark blue. 
   - Below ""sportable,"" the word ""STURGEONS"" is presented in large, bold, dark blue letters, emphasizing the name and possibly indicating a sports team or organization related to sturgeons.

2. **Illustration**: 
   - A stylized illustration of a sturgeon is depicted between the text sections. The fish is drawn in dark blue, showcasing its elongated body, prominent dorsal fin, and distinctive snout. The design emphasizes the unique features of the sturgeon, including its scales and fins, with clean lines that give it a modern look.

Overall, the logo combines vibrant colors with dynamic typography and an aquatic theme, effectively representing an organization or initiative associated with sturgeons and sports."
GRXS-F56A7B5A.jpg,"The image features a vibrant circular badge with a bright green background. At the center, a cartoon-style bird resembling a toucan is prominently displayed. The bird is black in color with a distinctive yellow beak and bright orange feet. It wears stylish green sunglasses, giving it a fun and playful character.

The toucan is depicted actively playing a yellow saxophone, with musical notes illustrated near the instrument to emphasize the musical theme. 

Surrounding the bird, text is prominently featured. At the top, it reads ""75th Annual DCON 2025"" in a bold and celebratory font. At the bottom, it states ""Division 27,"" also in a bold font that complements the overall design. The combination of the musical elements, the colorful character, and the event details create an engaging and festive atmosphere."
GRXS-F5A8A4C2.jpg,"The image displays a logo for the ""Ohio Department of Education & Workforce."" 

- The logo features the word ""Ohio"" in a distinctive, cursive style, colored in a deep blue, with the letter ""O"" notably stylized. 
- Surrounding the word ""Ohio"" is a red outline that represents the shape of the state of Ohio, which adds a geographic identity to the logo.
- To the right of ""Ohio,"" the text ""Department of Education & Workforce"" is presented in bold, dark blue letters. The phrase is clear and easily readable, reflecting a professional appearance.
- The text layout is straightforward, with ""Department of Education"" on one line and ""& Workforce"" directly underneath, maintaining a cohesive look.
- The overall design conveys a sense of authority and purpose, relevant to its governmental function. 

The color contrast, with red and blue, aligns with the emblematic colors often associated with the state of Ohio, enhancing the visual representation of the department's identity."
GRXS-F5D4EC52.jpg,"The image depicts a logo featuring a circular design structured like a gear. Inside the gear, there's a prominent raised fist holding a lightning bolt, symbolizing power and innovation. Behind the fist, multiple lines radiate outward, suggesting energy or dynamic movement.

At the center of the logo, beneath the fist, is an image of a goblet or trophy, indicating achievement or educational excellence. Directly beneath this graphic, the year ""1928"" is displayed, marking the establishment date of the organization.

Encircling this central imagery, the words ""MICHIGAN INDUSTRIAL AND TECHNOLOGY EDUCATION SOCIETY"" are inscribed in a bold font, positioned at the top and bottom within the gear. There are also small stars placed on either side of the text, adding a decorative element to the logo. The entire design is rendered in a monochromatic style, creating a classic and robust appearance."
GRXS-F7931AEC.jpg,"The image features a logo for a lacrosse team named ""Falcons,"" represented in bold, striking graphics. The design is diamond-shaped and predominantly colored in a rich shade of purple.

At the top of the diamond, the words ""COLLEGE PARK"" are displayed in uppercase letters. These words are centered and highlighted in white against the purple background, giving them a prominent visibility.

The central portion of the logo showcases the word ""FALCONS"" in large, bold white letters. This text is the most striking feature and carries a sense of strength and energy.

Above the ""FALCONS"" text, there is a stylized image of a falcon’s head, depicted in a purple outline style against a white background. The falcon appears to be looking forward, symbolizing focus and determination.

At the bottom of the diamond shape, the word ""LACROSSE"" is included in smaller text, also in white, adding context to the logo. The text is slightly curved, complementing the shape of the diamond.

Overall, the design combines bold typography with a sporty aesthetic, reflecting the team's identity and spirit."
GRXS-F85F0614.jpg,"The image features a stylized black lotus flower depicted in a minimalist design. The lotus is symmetrical and consists of multiple petal shapes that overlap slightly to create depth. 

At the top of the image, the word ""HUSO"" is prominently displayed in a bold, uppercase font. The letters are evenly spaced and are framed by small dots on either side, giving it a balanced appearance. The overall color scheme is entirely black on a white background, enhancing the contrast and clarity of the design. 

The lotus flower symbolizes purity and tranquility, and the clean lines of the design contribute to a modern and sleek aesthetic. The combination of ""HUSO"" and the lotus creates a harmonious visual that evokes a sense of calmness and elegance."
GRXS-F8DCE4A7.jpg,"The image is a colorful emblem or logo representing Bend, Oregon, established in 1905. It features a circular design with a stylized landscape scene.

1. **Background**: At the top, there is a bold reddish sun, partially visible, creating horizontal lines in a gradient sky above the landscape. 

2. **Mountains**: Prominently in the background are two stylized mountains. The mountains have a combination of dark brown and light tan shades, suggesting rocky terrain with snow caps on the peaks.

3. **River**: In the center of the design, a flowing river curves from the foreground into the background. The river is depicted in vibrant shades of teal and green, with swirling lines indicating movement.

4. **Figure**: A silhouette of a person is seen floating on the river in a red inner tube. The figure is relaxed, representing leisure and enjoyment of the outdoors.

5. **Trees**: On either side of the river, tall evergreen trees are illustrated. They are colored in dark green and white, enhancing the natural feel of the scene.

6. **Text**: At the bottom, the word ""BEND"" stands out in large, bold letters, colored in cream with a contrasting brown background. Below ""BEND,"" the words ""EST"" and ""OREGON"" appear, reinforcing the establishment year and location. The year ""1905"" is included in a smaller font to mark the city's founding.

Overall, the design combines elements of outdoor recreation, local geography, and a vintage aesthetic, capturing the essence of life in Bend, Oregon."
GRXS-F8EB675B.jpg,"The image features a circular design representing the ""Caddo Area Council Spring Cub Camp 2025."" The central artwork showcases a vibrant outdoor scene. 

1. **Background**: Light blue skies with fluffy white clouds dominate the top half, suggesting a bright, sunny day.
2. **Foreground**: A stylized red tent is positioned at the center of the image, with its flaps open, inviting enthusiasm for camping. A small campfire with a flickering flame sits in front of the tent, surrounded by logs.
3. **Surrounding Elements**: Lush green pine trees are illustrated on either side of the tent, enhancing the outdoor camping theme.
4. **Text**: The words ""Caddo Area Council"" are arched along the top edge of the circle in a smaller, bold font. Just below, ""SPRING CUB CAMP"" is prominently displayed in large, bold letters, emphasizing the event. At the bottom, ""2025"" marks the year of the camp.
5. **Color Palette**: The design features vibrant greens for the foliage, a warm red for the tent, and earth tones for the campfire, creating a lively and inviting atmosphere.
6. **Border**: The entire design is encircled by a dark outer border, which frames the camp scene.

On the right side of the image, there's a detailed section labeled ""ARTEX GROUP,"" providing information about the artwork, including date, artwork number, size, and color specifications. Below that, a checklist titled ""Artwork Verification"" highlights essential elements to review, such as size, spelling, colors, and design.

At the bottom, the statement ""100% SATISFACTION GUARANTEED"" reiterates confidence in the quality of the design and its execution."
GRXS-F9AD7B00.jpg,"The image features a circular emblem with a bold blue outline. At the top, the text ""FORT WAYNE"" is prominently displayed in white, uppercase letters. Below this, the name ""BLACKSNAKES"" is rendered in a similar font style, also in white, and positioned at the bottom of the circle.

Inside the blue ring, the background is predominantly white with a silhouette of the state of Indiana filled in blue, situated centrally within the circle. A yellow star is placed to the right of the state shape, adding a contrasting element. 

In the foreground, there is a military jet depicted from a top-down perspective, colored in shades of gray. The jet features detailed designs, including wings, engines, and cockpit details, giving it a dynamic and powerful appearance. The overall design symbolizes military strength and pride, representing the Fort Wayne unit."
GRXS-F9E14037.jpg,"The image is a logo designed for ""Needham Youth Field Hockey."" It is circular in shape and features a silhouette of a female athlete in motion. The athlete is depicted in a dynamic running pose, holding a field hockey stick. 

The silhouette is solid black against a white background, emphasizing the action and energy of the sport. 

Surrounding the athlete, the words ""NEEDHAM YOUTH"" are arched along the top half of the circle, while ""FIELD HOCKEY"" is placed along the bottom. Both phrases are also in bold, stylized black font, contributing to the overall cohesive and strong visual presence of the logo. 

The circular design gives it a badge-like appearance, ideal for representing a sports team or organization."
GRXS-FA23CEA1.jpg,"The image features a stylized, artistic representation of a tiger's face, prominently displaying its fierce and majestic features. The tiger's fur is illustrated primarily in shades of orange and black, showcasing a combination of detailed stripes and textures that emphasize its wild nature. The eyes are intense and expressive, contributing to the overall striking appearance of the animal.

On the right side of the image, bold text reads ""BARDSTOWN TIGERS."" The word ""BARDSTOWN"" is in large, white, slightly distressed letters, giving it a rugged appearance. The word ""TIGERS"" is below it, also in white but slightly smaller and featuring a distinct, rough texture. Both text elements are outlined in a vibrant blue, which adds contrast and draws attention.

The background is primarily white, which ensures that the tiger's vibrant colors and the blue and white text stand out prominently. The overall composition blends artistic flair with an athletic spirit, likely representing a school or sports team."
GRXS-FA3C77A7.jpg,"The image depicts a logo featuring a stylized ram's head at its center. The ram has large, curved black horns that frame its face. The facial features of the ram are designed with a combination of light and dark shades, primarily in tan, white, and black. Prominently displayed on the forehead of the ram are vertical stripes, adding detail and character.

Behind the ram's head is a gold fleur-de-lis shape, which is a symbol often associated with French heritage. This background element enhances the overall design with its regal appearance. Resting at the bottom of the logo is the text ""French Club,"" inscribed in a bold, elegant font that arches upward, complementing the shape of the emblem.

The color palette consists mostly of black, gold, and cream, which creates a striking contrast and gives the logo a sophisticated feel. The overall composition combines elements of cultural symbolism with the imagery of a ram, likely signifying strength and resilience."
GRXS-FB4C47F2.jpg,"The image features a minimalistic design with a focus on text and illustration. The background is a solid light gray, providing a neutral canvas that contrasts with the elements in the foreground.

Prominently displayed in the center is the word ""REBELS,"" rendered in bold, capital letters. The letters are in a striking shade of red, with a slightly distressed texture that gives them a rugged appearance. This choice of color imparts a sense of rebellion and energy.

Intertwined with the text are two loops of rope, depicted in black and white. The ropes feature intricate detailing, showcasing twists and turns that emphasize their texture. The knots are tightly bound in a decorative manner, adding visual interest and character to the image. The organic curves of the ropes contrast with the sharp lines of the letters, creating a dynamic interplay between the elements.

Overall, the artwork conveys themes of defiance and strength, combining bold typography with a classic rope motif."
GRXS-FBB4502D.jpg,"The image features a circular logo with a black background. At the center of the design are two cartoon characters resembling whimsical drops, likely symbolizing liquid or drink. 

- **Left Character**: A cheerful droplet with wide eyes, a smile, and small arms raised. This character is wearing white sneakers.
  
- **Right Character**: A similarly styled droplet, but with a big grin and closed eyes, also raising a hand. It holds a flute of sparkling beverage, likely representing a mimosa.

Above the characters, there are sparkling lines, enhancing the festive atmosphere of the image. The top arc of the circle displays the text ""MIMOSAS FOR"" in bold capital letters. Below the characters, a ribbon banner stretches across the width, containing the text ""5K"" prominently in larger text, and the word ""MARROW"" follows in smaller text to the right. 

The overall graphic is playful and designed in a monochromatic color scheme, creating a fun, energetic vibe typical for an event involving a 5K run and mimosas."
GRXS-FBF3B949.jpg,"The image features a logo design for ""MAGNA CONTRACTING."" It consists of two main elements: a geometric graphic and text.

1. **Geometric Graphic**: 
   - At the top left, there are three lines forming an abstract shape. The lines are colored in a light gold hue, creating a modern and sleek appearance. The lines include upward-pointing angles and a horizontal line that visually suggest motion or progress.

2. **Text**: 
   - Below the graphic, the word ""MAGNA"" is prominently displayed in large, bold black letters. The typeface is clean and contemporary, contributing to an overall sense of professionalism.
   - The word ""CONTRACTING"" is positioned directly beneath ""MAGNA"" in smaller, yet still bold, black letters. This text is slightly less prominent, serving as a descriptor for the business.

The overall design combines elements of modernity and professionalism, suitable for a contracting company. The contrast between the gold graphic and black text enhances visibility and aesthetic appeal."
GRXS-FC607045.jpg,"The image features a stylized representation of the time ""8:37."" The numbers are displayed in a bold, modern font that conveys a sense of clarity and simplicity. The design includes the hour and minute separated by a colon, emphasizing the specific time. 

The color scheme consists of a light gray background with the numbers appearing as a slightly darker gray, creating a subtle contrast. The overall shape of the image is diamond-like, with slightly pointed ends, which gives it a dynamic feel. The typography is centered, ensuring that ""8:37"" is the focal point of the composition. 

This design could be interpreted as both contemporary and minimalist, appealing to a design-conscious audience."
GRXS-FC863E17.jpg,"The image features a clean, white background that highlights a collection of ballet dancers depicted in various poses, all rendered in a soft pink color. The dancers are silhouetted, showcasing the grace and elegance of ballet movements.

In the center of the image, the text ""Project Prima"" is prominently displayed in a large, elegant font, also in pink. This text is framed by six silhouettes of dancers arranged in a circular pattern, creating a dynamic visual flow. 

The dancers are shown in different ballet poses: some are performing grand jetés (a leap), others are in arabesque or pirouette positions, enhancing the sense of motion and rhythm. The variations in their poses capture the artistry of ballet, with some figures appearing to soar while others maintain a poised balance. 

The overall composition exudes a sense of elegance and artistic expression, making it visually appealing and effectively conveying the theme of ballet and performance."
GRXS-FCFCC3FF.jpg,"The image depicts a stylized, black-and-white illustration of a group of diverse women standing side by side, representing the ""Society of Women Engineers."" 

From left to right, the first woman is in a casual pose with one arm raised, possibly holding a phone. She has long, wavy hair and is wearing a casual outfit consisting of a black top, and light-colored pants. 

Next, the second woman stands confidently, characterized by her high ponytail and an outfit made up of a black jacket layered over a t-shirt and a skirt, complemented by knee-high boots. 

The third woman sports an elegant look with a black-and-white outfit consisting of a collared top, dark-bottom trousers, and a relaxed posture. 

Moving further to the right, the fourth character is styled in a short dress with a slightly flared skirt, paired with ankle boots. 

The fifth woman offers a more casual look with a playful top, standing casually with one hand resting on her hip. 

The sixth member wears a fitted black top overall, standing with a similar relaxed pose. 

The remaining women showcase a variety of styles from dresses to skirts and tops, all exhibiting a sense of camaraderie. The illustration captures a sense of empowerment and unity among women in the engineering field.

At the bottom of the image, the words ""society of women engineers"" are elegantly scripted, emphasizing the theme of women's representation in engineering. The overall artistic style is minimalist, focusing on the outlines and poses of the figures rather than detailed facial features or intricate backgrounds."
GRXS-FD304FBD.jpg,"The image features a logo design that prominently displays the name ""The Palate Pleasers."" The text is written in a stylish, modern font with varying thicknesses, creating a visual contrast that draws the eye. 

On the left side of the text, there is a graphic representation of a pineapple, characterized by its distinct leaves and textured skin, which adds a tropical and fresh vibe to the overall design. The pineapple is rendered in a lighter shade, complementing the text.

Beneath the main title, in a smaller font size, the words ""Annapolis, Maryland"" are included. This is also in a light grey tone, aligning it with the main logo's color scheme. The simple color palette of grey tones suggests a clean and sophisticated aesthetic that appeals to an upscale audience. 

Overall, the design effectively communicates a focus on culinary delights or food-related services, with the pineapple symbol hinting at a connection to freshness or tropical flavors."
GRXS-FD5F7F0A.jpg,"The image features a striking graphic design with a monochromatic color scheme, primarily using white against a black background. Central to the image is a stylized guillotine, rendered in a minimalist style. The guillotine is depicted in an upright position, showcasing its key components: the slanted blade, the frame, and a circular opening at the bottom.

To the right of the guillotine, there is a bouquet of flowers, elegantly illustrated. The flowers have a delicate and whimsical appearance, contrasting with the darker theme of the guillotine. The bouquet includes blossoms and greenery, suggesting a botanical theme.

Beneath these illustrations, the text ""SEVERED HEADS"" is prominently displayed in bold, uppercase letters, while ""flower farm"" is written in a more cursive, flowing script. The combination of the imagery and text creates a juxtaposition of macabre and whimsical elements, presenting a unique and eye-catching design. Overall, it presents a creative and somewhat ironic take on the concept of a flower farm."
GRXS-FD68F2BA.jpg,"The image features a visually striking design on a black background. At the center is a large spherical shape made up of binary code, represented by repeating sequences of ""0s"" and ""1s."" This pattern creates a three-dimensional effect, suggesting depth and curvature, as if the binary digits are wrapping around the globe.

Overlaying this binary sphere, in bold blue lettering, is the text ""GRIZZHACKS"" which is prominently displayed at the upper portion of the graphic. Below this, the year ""2025"" is featured in a slightly smaller but equally bold typeface. The overall color scheme primarily consists of vibrant blue against the stark black background, enhancing visibility and impact. The design effectively conveys a tech-themed or hackathon concept, reflecting a futuristic and digital atmosphere."
GRXS-FD81D9D8.jpg,"The image depicts a stylized logo featuring the letters ""WR,"" designed in a bold and dynamic typographic style. The letters are in a deep maroon color, conveying a sense of energy and strength. 

The ""W"" is formed in a way that it has sharp angles and points, creating a modern and aggressive appearance. The “R” is similarly designed, maintaining the sharpness found in the “W.” Both letters are outlined with a thin white border, giving them a three-dimensional effect.

Behind the letters, there is a pale mint green outline that adds depth and contrast to the overall design. The background of the logo is a dark color, possibly black or a very dark gray, enhancing the visibility of the letters and their outlines. The entire composition suggests a sporty and dynamic theme, likely associated with a team or an athletic organization."
GRXS-FDABBADD.jpg,"The image features a graphic design related to softball. At the center, there is a white softball with red stitching, depicted inside a circular outline. Flanking the ball, two crossed bats are placed at the top, rendered in a dark navy blue color. 

Below the softball, the text reads ""WINNIE'S SOFTBALL"" in a dynamic, stylized font. The word ""WINNIE'S"" appears in a bold, angular font with sharp lines, while ""SOFTBALL"" is written in a more cursive, flowing script, giving the design a blend of energy and elegance. 

The entire composition is set against a white background, which enhances the dark colors used for the text and bats, making the graphic visually striking and suitable for a sports team or event branding. Overall, the design communicates a sense of action and excitement associated with the game of softball."
GRXS-FE2966E7.jpg,"The image features a logo consisting of stylized text and a graphic element. At the top, there is a green graphic that resembles an open book or a leaf, symbolizing education or growth. Below this graphic are the letters ""CLE"" in a bold, navy blue font. The letters are large and spaced apart for prominence.

Underneath ""CLE,"" the words ""COLLEGE LIVING EXPERIENCE"" appear in a smaller, but still bold, navy blue font. The overall design conveys themes of education and student life, with a color palette emphasizing green and blue to suggest freshness and stability. The composition is clean and modern, making the logo easily legible and visually appealing."
GRXS-FE41D49D.jpg,"The image features a stylized globe with vibrant colors, showcasing the continents in blue and green tones. Encircling the globe is a film strip that spirals around it, highlighting various silhouettes of people in diverse attire, representing different cultures and eras. The film strip contains segments that display a variety of figures, including individuals in formal wear, traditional garb, and casual outfits.

In the foreground, bold white text reads ""BIG SCREEN BIG WORLD TRAVEL,"" prominently positioned across the center. The lettering is clean and modern, contrasting with the vibrant colors of the globe and film strip. The overall composition conveys a theme of adventure and exploration through cinema and travel, suggesting a connection between film storytelling and global journeys."
GRXS-FECFCA72.jpg,"The image features a vibrant and eye-catching design centered around a basketball theme. 

1. **Background and Shape**: The main element is a large, round basketball depicted in a bright orange color. The surface features traditional basketball lines and texture, enhancing the realistic appearance of the ball.

2. **Text Elements**: Overlaying the basketball are the words ""TENDERLOIN"" and ""YOUTH."" 
   - **""TENDERLOIN""**: This text is rendered in a bold, artistic style, with the letters appearing slightly distressed, giving it an energetic and dynamic feel.
   - **""YOUTH""**: Positioned below ""TENDERLOIN,"" the word ""YOUTH"" is similarly styled but slightly larger and more prominent, reinforcing the theme of youth engagement in basketball.

3. **Color Contrast**: The text is primarily in a bright, eye-catching pink that stands out against the orange of the basketball, ensuring high visibility and an engaging aesthetic.

4. **Logo Placement**: At the bottom of the image, there is a logo for ""The Salvation Army."" This logo is presented in a classic red color with white text, featuring a shield shape. The logo adds a formal element, indicating the affiliated organization behind the program.

5. **Overall Layout**: The design is simple yet effective, combining vibrant colors and bold text to convey a message of community involvement and youth sports.

The overall impression is one of energy, youthfulness, and community spirit, centered around basketball and the supportive role of the Salvation Army."
GRXS-FED37A82.jpg,"The image features a vibrant red background that sets a bold, eye-catching tone. At the top of the image, there is a classic finish line banner, designed with a black and white checkered pattern. The word ""FINISH"" is prominently displayed inside a white rectangular box, using a bold black font that contrasts sharply against the background.

Below the banner, in a playful and slightly curved font, are the words ""I'm on the winning side."" This text is colored in white, making it stand out against the red backdrop. The overall composition conveys a sense of achievement and celebration, evoking the spirit of competition and success. The design is simple yet effective, combining visual elements that are often associated with racing and finishing races."
GRXS-FF213C3B.jpg,"The image features a cartoon-style depiction of the number ""6,"" designed with a bright turquoise color. This character has large, expressive eyes and a friendly smile, giving it a welcoming and cheerful personality. The number is anthropomorphized with two thin, black arms, one of which is raised in a waving gesture, while the other holds a lacrosse stick. The lacrosse stick is predominantly black, with a netting pattern visible at the top, indicating the purpose of the stick.

At the bottom of the image, the words ""SIXES with STX's"" are written in bold, playful letters. The word ""SIXES"" is featured prominently in a bold font, while ""with STX's"" is slightly smaller and in a different typeface. There is a horizontal turquoise line beneath the text, adding a decorative element to the overall design. The background is plain white, allowing the colorful and whimsical characters and text to stand out clearly."
GUND-143A7E05.jpg,"The image features a logo for ""North Winds Electric."" The text is predominantly in a bold, red font with a slight outline, designed to stand out against a light background. 

At the top, the words ""North Winds Electric"" are prominently displayed in a curved arrangement, emphasizing the company's name.

Beneath the main title, there is an illustration of an orca whale, which is colored in black and white, characteristic of real orcas. The whale is depicted in a side view, showcasing its distinct dorsal fin and facial markings. Above the orca, there are stylized elements resembling pink seaweed or aquatic plants, adding a touch of color and complexity to the logo.

Below the orca, additional text presents the location ""Gitansmaax BC,"" followed by a phone number formatted as ""Ph: 250-842-3022"" and the designation ""EC#38725."" This information is also in the same bold red font, ensuring easy readability and maintaining a cohesive look. The overall design combines elements of nature with a clear professional identity."
GUND-1C83384B.jpg,"The image features a stylized logo that combines elements of a basketball and a torch. At the top, there is a graphic representation of a basketball, depicted with a vibrant red color and white lines representing its seams. This basketball is surrounded by flames, also in a bold red hue, giving the impression that it is aflame or emanating heat.

Beneath the basketball is a torch-like structure with a sleek, metallic appearance rendered in black. The torch has a round base that curves outward, featuring layered designs that add depth and texture. The handle of the torch tapers down and ends in a pointed shape, providing a sense of movement and direction.

Prominently displayed on the basketball is the word ""MACS"" in a stylized, white font, suggesting a team or organizational identity. The overall design is dynamic and energetic, conveying a sense of passion and competitiveness, typical of sports branding. The color scheme and shapes work together to create a powerful visual impact."
GUND-29E60209.jpg,"The image features a logo that consists of the acronym ""DLMS"" prominently displayed in a bold, dark blue color. The letters are stylized in a modern font, with the letters ""D,"" ""L,"" ""M,"" and ""S"" clearly delineated. Noticeably, the letter ""L"" is separated by a vertical bar on its left side, which adds a distinctive touch to the design.

Additionally, there is a unique graphic element that resembles a horn or a stylized upward curve attached to the top right of the letter ""S,"" giving the logo a slight organic flair.

Beneath the acronym, there is a web address, ""www.dlms.ca,"" also in dark blue but slightly smaller in size, ensuring it's readable without overpowering the main text above. The overall look is clean and professional, suggesting a contemporary or tech-oriented brand. The use of blue conveys a sense of trust and reliability."
GUND-6D1EF3E5.jpg,"The image features a logo with a modern and bold aesthetic. It consists of two main elements: a graphic icon on the left and the company name on the right.

1. **Icon**: 
   - The icon is circular and has a gradient background that transitions from a light green at the top to a darker green at the bottom.
   - Within the circle, there is a stylized silhouette of a welder. The welder is depicted in a dynamic pose, holding a welding torch and working on metal, illustrated in white for contrast against the green background.
   - The welder has a helmet with a shield visor, and there are stylized sparks or bright lines emanating from the welding area, emphasizing the action.

2. **Text**:
   - To the right of the icon, the word ""BRANDL"" is prominently displayed in large, bold, white, block-style letters. The font is geometric and modern, giving a sense of strength and precision.
   - Below ""BRANDL,"" the word ""FABRICATION"" is written in a smaller, yet still bold, typeface. It is also in white, providing a consistent visual theme and ensuring readability.

3. **Background**: 
   - The overall background of the logo is a soft, light blue, which enhances the visibility of both the icon and text.

The design conveys a sense of professionalism, skill, and expertise in metal fabrication, suitable for a company in the welding and fabrication industry."
GUND-75EBF340.jpg,"The image features a logo for ""The Law Foundation of British Columbia."" The design includes the following elements:

1. **Text**: The words ""THE LAW FOUNDATION"" are prominently displayed at the top, with ""OF BRITISH COLUMBIA"" beneath it. The text is presented in a clear, bold font.

2. **Color Scheme**: The text is primarily in a deep teal color, contrasting against a lighter purple background, which creates a visually appealing and easy-to-read effect.

3. **Symbol**: Above the text, there is a stylized emblem that consists of a flower-like design. The emblem is made up of five petals, colored in a reddish hue. In the center of the flower, there is a circular area, presumably representing the heart of the flower.

Overall, the logo conveys professionalism and is likely intended to represent justice, community service, or legal aid efforts in British Columbia."
GUND-A42BC0D7.jpg,"The image is a logo featuring a modern design that primarily utilizes the color red. 

At the top of the logo, the word ""VERMILION"" is displayed prominently in a bold, capitalized font. The letters are evenly spaced and have a clean, sans-serif style. Beneath this, with a smaller font size, the word ""ENERGY"" is also presented in capital letters, maintaining the same font style for consistency.

Below the text, there is a graphical element composed of several elongated, horizontal shapes that resemble waves or layered bands. These shapes are slightly tapered towards the ends and are arranged in a stacked manner, creating a sense of movement or flow. The color of these shapes is the same vibrant red as the text above.

The background of the logo is white, which enhances the contrast of the red elements and gives a clean, professional appearance. Overall, the logo conveys a bold and energetic theme, reflecting the nature of the energy sector."
GUND-EE32D764.jpg,"The image consists of a circular logo featuring a female figure at its center. She has an intense expression with red lips and piercing eyes, emphasizing a strong and confident demeanor. Her hair is styled in playful pigtails, and she wears a dark helmet adorned with a red star. 

In her right hand, she holds a distinctive claw-like weapon, reminiscent of a classic horror motif, which adds an edgy and intense element to her character. The background of the logo is surrounded by bold black typography that reads ""NORTHCOAST"" at the top and ""NIGHTMARES"" at the bottom, portraying a sense of regional identity and a horror theme. 

Two red stars are placed symmetrically on either side of the figure, enhancing the visual interest of the overall design. The background is a soft light blue color, providing contrast to the dark and vibrant colors of the figure and text, making the logo visually striking and memorable."
MAAD-2A85B1D1.jpg,"The image is a police badge for the Florham Park Police Department. It features a shield shape with a blue background. At the top of the badge, the words ""FLORHAM PARK"" are displayed in bold yellow letters, followed by the word ""POLICE,"" also in yellow, positioned prominently beneath it.

In the center of the badge, there is a stylized eagle with outstretched wings, depicted in shades of brown and cream. The eagle's head faces forward, and it is positioned above a white shield that contains a depiction of a red-roofed building with two chimneys, set against a blue background, suggesting a sense of community.

Flanking the eagle's wings, there are three yellow stars, representing authority or excellence. The lower section of the badge features a graphic element resembling a lightning bolt in yellow, adding a dynamic feel to the design. Below the central emblem, the initials ""NJ"" are displayed in bold yellow letters, indicating the state of New Jersey.

The badge is outlined with a light blue border, enhancing its visual appeal and giving it a polished look. Overall, the design conveys a strong sense of authority, community, and dedication to public safety."
RIPT-5605F5D5.jpg,"The image features a black-and-white design that emphasizes themes of love, awareness, and hope regarding child abuse. At the top, the words ""LOVE,"" ""AWARENESS,"" and ""HOPE"" are elegantly arranged in a circular format, each separated by small dots. 

At the center of the design is a handprint that appears stylized, with a heart shape incorporated within the palm area, symbolizing care and protection. Below the handprint, in bold text, is a call to action that reads ""Report Child Abuse,"" highlighting the importance of taking action against child abuse. 

Beneath this, there is a website URL ""www.txabusehotline.org"" and a phone number ""800-252-5400,"" both presented clearly for easy visibility. The overall design conveys a serious yet hopeful message aimed at raising awareness and encouraging intervention in cases of child abuse."
RIPT-5EC484A1.jpg,"The image features a logo composed of two main sections. 

1. **Top Section**: The word ""REGENERON"" is prominently displayed in bold, black uppercase letters. It is stylized to convey strength and professionalism, and the 'R' is enclosed in a circle, indicating it is a registered trademark. The font appears modern and clean, which contributes to an impression of innovation.

2. **Bottom Section**: Below ""REGENERON,"" the words ""REGULATORY INTELLIGENCE"" are presented in a smaller but still bold uppercase font. This text is also black, maintaining a cohesive look with the top section. The alignment centers the two sections, giving the logo a structured and balanced appearance.

The background is plain, which emphasizes the text and allows the logo to stand out clearly without distractions. Overall, the design reflects professionalism and is likely aimed at a corporate or scientific audience."
SCPR-0CA76331.jpg,"The image features a stylized illustration of a combine harvester, presented in a monochromatic scheme. The combine is depicted in profile, showcasing its distinctive shape and typical features. The body of the harvester is structured and angular, with a large grain tank on top, identified by the number “10” on its side. It is notably labeled ""John Deere,"" indicating the brand.

The harvester's front is equipped with a wide, curved header, designed for cutting crops, which extends to the right of the image. The header features detailed lines that suggest the mechanical components used for harvesting.

Above the illustration, there is bold text stating “FREDERICK HARVESTING” in a prominent arch, emphasizing the company name. Below the image, the text “Alden, Kansas” is presented, signifying the location associated with the business.

The background is plain, allowing the illustration and text to stand out sharply, making the design suitable for branding purposes, likely intended for signage or promotional materials related to agricultural services."
SUND-048CF65A.jpg,"The image features a bold, modern logo on a black background. The centerpiece of the design is the name of the company, ""FAY-ARK LAWN co.,"" which is displayed prominently in large, white, uppercase letters. 

To the left of the text, there is a stylized graphic that resembles an abstract, zigzag lightning bolt, also in white, giving a dynamic and energetic feel to the overall design. The right side mirrors this shape but in a more straightforward and minimalistic way.

Below the main company name, there is a subtitle with three keywords: ""LANDSCAPES - PLANTS - DIRT WORK,"" also presented in white and arranged horizontally. These keywords share the same typography but are slightly smaller in size compared to the company name.

At the bottom of the image, a phone number is displayed, ""479-966-6409,"" which is centered and uses the same white font style. The overall aesthetic of the logo is clean and professional, suggesting a focus on landscaping services."
SUND-04AFFFAE.jpg,"The image consists of a logo for ""Century Tire,"" specifically focusing on its ""Commercial Division."" 

1. **Text and Typography**: 
   - The word ""Century"" is prominently displayed in a bold, sans-serif font, emphasizing its significance. 
   - The word ""Tire"" follows closely in a slightly larger size, maintaining clarity and focus.
   - Below ""Tire,"" the phrase ""Commercial Division"" is presented in a smaller, yet still legible font. This text is aligned centrally below the main logo.

2. **Color and Style**: 
   - The color palette leans toward shades of gray, conveying a professional and industrial feel.
   - The overall logo has a sleek and modern appearance, suitable for a commercial enterprise.

3. **Graphic Elements**:
   - To the left of the text, there are stylized illustrations of tire shapes. 
   - These circular shapes suggest movement and dynamism, enhancing the concept of tires in action.
   - The design of the tires includes subtle lines that indicate tread patterns and detail, adding depth to the graphic.

4. **Layout**:
   - The layout is balanced, with the text and graphics arranged in a way that they complement each other without overwhelming the viewer.

Overall, the logo effectively communicates the identity of ""Century Tire"" focusing on its commercial aspect, with a clean, modern design that appeals to industry professionals."
SUND-04F3AF27.jpg,"The image features a logo design that consists of two distinct components: a stylized graphic on the left and the text ""ARBOR"" on the right.

1. **Graphic Element**:
   - The graphic is situated on the left side and resembles a series of vertical lines that create a visual representation of a tree or perhaps a sound wave. 
   - These lines vary in height and thickness, giving it a dynamic and modern look. The lines are mostly arranged in a way that they fan out at the top, tapering down towards the bottom.
   - The graphic is rendered in a deep green color, which evokes a sense of nature and growth.
   - Surrounding the graphic, there is a soft red outline that adds depth and distinction.

2. **Text Element**:
   - To the right of the graphic, the word ""ARBOR"" is displayed in a bold and contemporary font.
   - The letters are in a dark, muted tone, providing a strong contrast against the white background, ensuring readability.
   - Each letter is capitalized, and the text might have a subtle shadow or contour effect that complements the graphic element, with a light red outline similar to the graphic.
   - The overall design is clean, modern, and professional, suggesting a brand that focuses on environmental aspects or technology aligned with nature.

The combination of the graphic with the text creates an engaging visual identity that conveys themes of growth, sustainability, and innovation."
SUND-057246A3.jpg,"The image features a stylized crest or emblem composed of a shield divided into four quadrants. The quadrants are marked with letters: ""C"" and ""C"" in the upper two sections, and ""L"" and ""R"" in the lower sections, all rendered in a bold, elegant font. Above the shield, there is a decorative element resembling a small rope or knot, enhancing the crest’s formality.

At the bottom of the shield is the year ""1902,"" positioned prominently within a curved banner or ribbon. This banner is designed with soft, rounded edges, contributing to a classic aesthetic.

Below the shield, in a contrasting cursive style, it reads ""101st Invitational."" The text is slightly slanted and features a distinct flair, emphasizing the ceremonial nature of the event related to the crest. 

The overall design is monochromatic, likely in black and white, giving it a timeless and formal appearance suitable for an institutional or prestigious event."
SUND-07C27B48.jpg,"The image features bold and dynamic typography on a soft blue background. At the top, the word ""FORCE"" is prominently displayed in a large, thick, black font, conveying strength and energy. Below it, the phrase ""GAME DAY 2025"" is presented in a slightly smaller, elongated style, maintaining the black color for consistency. Finally, the word ""WINNER"" appears at the bottom in the same bold font, emphasizing achievement. 

In the background, a subtle outline of a basketball's net pattern can be seen, adding context and relevance to the theme of sports. This overlay design is delicate yet complements the bold text, enhancing the overall energetic feel of the image. The combination of colors and fonts creates a modern and motivational look, suitable for a sports event or competition."
SUND-0C2910C3.jpg,"The image features a logo prominently displaying the text ""JE DUNN"" in bold, uppercase letters. The word ""CONSTRUCTION"" is also present, positioned directly beneath ""JE DUNN,"" but in a smaller size. Both elements of the text are rendered in a strong, sans-serif font, conveying a sense of professionalism and stability.

Above the text, there is a graphic element that resembles two interlocking shapes, creating a circular design. This icon features a larger circle with a smaller circle cut out, forming a modern, minimalist aesthetic. The overall color scheme is monochromatic, featuring shades of dark gray or black, which enhances the logo’s clean and professional look.

The logo suggests a focus on construction and industry, making it suitable for a company in that sector. The design balances visual simplicity with a clear indication of the company's specialization."
SUND-0DB1BEF0.jpg,"The image is a stylized graphic featuring a whale design. The whale is depicted in a solid dark green color, swimming above a wave. It has a simple yet expressive facial outline, with an eye and a slight smile, conveying a friendly demeanor. The whale's tail is noticeably curved upward, adding a dynamic element to the composition.

Above the whale, there is a small plume of water, suggesting movement or the act of breaching. Below the whale, gentle wave lines are illustrated in the same dark green color, accentuating the marine theme.

Central to the design is the year ""1891,"" rendered in a bold, uppercase font. This text is stylized, giving it a classic and elegant look, and is placed directly beneath the whale. The bottom part of the image features the name ""Lauren Williams,"" written in a flowing, cursive font that contrasts with the more rigid lettering of the year above.

Overall, the color scheme is simple, with the predominant dark green set against a white background, contributing to a clean and modern aesthetic. The combination of elements evokes a sense of serenity and connection to aquatic life."
SUND-1122C92F.jpg,"The image features a stylized logo for ""The Indoor Golf Club."" The text is prominently displayed in a bold, serif font, giving it a classic and sophisticated look. 

1. **Text Layout**: 
   - The words ""The Indoor"" are positioned above ""Golf Club,"" with a slight arc or curve to suggest a banner effect. 
   - The words are separated by a thin black line that crosses through the center, consisting of two golf clubs that are depicted crossing each other in an ""X"" shape.

2. **Fonts and Style**:
   - The phrase ""The Indoor"" is styled with a slightly larger font size and more elaborate typography to draw in attention.
   - The word ""Golf Club"" is set in a slightly bolder style, emphasizing the club aspect of the business.

3. **Golf Clubs**:
   - The golf clubs are rendered with minimal detail but are recognizable, featuring curved clubheads and straight shafts. They are oriented diagonally to create a symmetrical diagonal intersection.

4. **Color Scheme**:
   - The logo is monochromatic, predominantly in black, which provides a clear contrast against potential backgrounds, making it easily legible and visually striking.

Overall, the design encapsulates a mix of elegance and playfulness, suited for an indoor golf venue."
SUND-1486BACD.jpg,"The image features a stylized logo that incorporates both an eagle and the letter ""F."" The design prominently showcases the eagle's head, which is depicted in a fierce and dynamic manner. The eagle's beak is pointed and sharp, and its eye is focused, conveying a sense of intensity and determination.

The color scheme includes a navy blue as the primary background, accented by bright yellow. The eagle's feathers are illustrated with a combination of the two colors: black and yellow lines define the eagle's features, blending into the navy blue backdrop. The use of contrasting colors enhances the visual impact of the logo.

The letter ""F"" is integrated into the design, taking on a bold, angular form that resembles the body of the eagle. The top part of the ""F"" features a striking triangular shape in navy with a yellow outline, adding to the logo's overall sharpness. The design is clean and modern, making it suitable for athletic branding or team representation. 

Overall, the logo embodies a sense of strength and agility, typical of eagle motifs, while also serving as a bold representation of the letter “F.”"
SUND-1602681E.jpg,"The image features a stylized silhouette of a horse in mid-gallop. The horse's body is depicted in a solid black color, emphasizing its muscular form and graceful posture. The mane is illustrated with flowing lines, suggesting movement and speed, and is slightly raised as if blown by the wind. The tail mirrors this dynamic movement, curving elegantly behind the horse.

The horse's legs are depicted in motion, with the front legs reaching forward while the hind legs push off the ground, showcasing the animal's power and agility. The head is angled slightly forward, with a defined snout and large eye suggesting focus and determination. Overall, the design has a sleek and modern aesthetic, highlighting the beauty and strength of the horse in motion."
SUND-195E0CC0.jpg,"The image features a stylized, abstract design primarily in a bold red color, set against a white background. The central motif resembles an intricate emblem, composed of intertwining lines and curves that suggest a combination of calligraphic flourishes and geometric shapes.

This design has a symmetrical quality, with a central vertical axis around which the elements are arranged. The top portion of the emblem appears to feature rounded, wave-like shapes that could evoke a feeling of flow or movement. Below this, horizontal elements create a sense of balance, while the bottom tapers into a pointed shape, almost like a stylized arrow or heart.

Dominating the lower section of the image is the year ""1878,"" presented in a bold, sans-serif font. The numbers stand out in a darker shade of red, providing a contrast to the intricate design above. This combination adds both historical context and visual interest to the graphic.

Overall, the image conveys a sense of artistry and tradition, perhaps indicative of a specific cultural or organizational significance."
SUND-1B1A34B7.jpg,"The image features a circular design with a vibrant green background that evokes a sense of nature and outdoor activity. At the center, there is a golf flag positioned on a tall black pole. The flag is elegantly simple, rendered in white, and appears to be gently waving in the wind. 

Below the flag, there is a golf hole marked by a small circular opening in the ground, indicating the presence of a putting green. The ground itself is depicted with a stylized pattern resembling the surface of a golf course, featuring a series of dark blue and light blue squares or rectangles arranged in a grid-like fashion, creating an optical illusion of depth and texture.

To the left of the flag, a crescent moon is depicted in white, adding a whimsical touch to the scene and suggesting a time that is perhaps early morning or late evening. The overall design is clean, minimalist, and harmonizes beautifully with the golfing theme. The dark outline surrounding the circular design provides a finished look, framing the scene effectively."
SUND-1F35552E.jpg,"The image features a stylized logo consisting of a combination of shapes and colors. It is predominantly circular with a dark background, possibly black. 

In the center, there is a large letter ""G"" rendered in a contemporary, sleek style. The ""G"" is designed with smooth curves and sharp angles, integrating smoothly into the visual elements surrounding it. Part of the ""G"" is overlapped by an elliptical shape that resembles an eye, with a light grayish color that contrasts with the darker background. This eye shape incorporates subtle shading, giving it depth and dimension. 

Additionally, there are lighter accents within the ""G"" and the eye shape, contributing to an overall clean and modern aesthetic. The logo balances minimalism with a distinctive character, suggesting a sense of vigilance or observation, likely associated with the eye motif."
SUND-2069F3FE.jpg,"The image features a circular logo primarily focused on rodeo culture, particularly in Alberta. The outer circle is black, bordered by a thin white line. The top section reads ""ALBERTA PROVINCIALS"" in bold red letters, signifying the event's name.

Inside the circle, there is a blue silhouette shaped like the province of Alberta. A dynamic image of a cowboy riding a bucking horse occupies the center, rendered in solid black. The cowboy is depicted wearing a hat and showing an active riding posture, emphasizing the excitement of rodeo activities.

Superimposed at the center is the text ""ALBERTA HIGH SCHOOL RODEO ASSOCIATION,"" where ""ALBERTA"" appears prominently at the top in bold red, with ""HIGH SCHOOL"" smaller and above ""RODEO"" which is highlighted in white with a red background for emphasis. Below this text, ""ASSOCIATION"" is written in a smaller font.

At the bottom of the logo, the year ""2025"" is displayed in red, indicating the event's date. The design combines themes of sport and regional pride, using a clean and bold color palette that includes black, blue, red, and white."
SUND-20E27DD2.jpg,"The image features a minimalist design with a prominent outline of a mountain or hill shape at the top, depicted with flowing, gentle lines that convey a sense of elevation and grace. The lines are rendered in a soft red color, giving a subtle yet defined appearance against the blank background.

Beneath the mountain shape, the number ""1914"" is displayed in a bold, rounded font. The digits also have a red outline, which mirrors the thickness of the lines used in the mountain graphic. The overall composition balances the natural form of the mountain with the solid, structured numerals, creating an aesthetically pleasing contrast.

The background remains plain and unobtrusive, allowing the outlined elements to stand out clearly and draw the viewer's eye to the image's central features. This design communicates simplicity and can evoke themes of history and nature."
SUND-2A15F4D0.jpg,"The image features a stylized representation of the state of Georgia, outlined in a bold red color. The outline is not entirely rigid; it has smooth curves that evoke the natural contours of the state's geography. 

Within the outline of Georgia, there is a large, artistic depiction of a bird wing, also in red, that extends from the left side of the outline and curves gracefully toward the right. The wing is illustrated with flowing lines that suggest movement and dynamism, creating a vibrant contrast against the lighter background within the shape of the state.

The background of the state shape is predominantly light, allowing the red elements to stand out prominently. The overall design conveys a sense of energy and creativity, merging the geographical representation with the imagery of the wing to perhaps symbolize freedom or aspiration."
SUND-2B00B41E.jpg,"The image features a stylized silhouette of a horse in a dynamic rearing position. The horse is depicted with an arching neck and a raised front leg, conveying motion and energy. Its hindquarters are prominently lifted, suggesting a sense of strength and vitality. The mane flows dramatically, accentuating the horse's movement, while the tail is depicted in a flowing manner, adding to the overall sense of grace. The figure is solid black against a plain background, emphasizing the silhouette's smooth curves and contours, giving it a bold, graphic quality. The overall design captures the essence of the horse's powerful and majestic nature."
SUND-2D8A5966.jpg,"The image features a vibrant and colorful depiction of various insects and foliage against a white background. 

In the center, a large dragonfly dominates the composition. It is illustrated with intricate details, showcasing a gradient of deep purple hues. Its wings are elegantly spread, displaying a ribbed texture that adds depth to the design. The body of the dragonfly is segmented, with a rounded head and prominent eyes. 

To the upper right, there is a smaller butterfly with striking emerald green wings. The wings are adorned with subtle dark patterns that provide contrast against the vibrant color. It is positioned in a way that suggests it is in motion, capturing a sense of lightness and freedom.

On the left, another butterfly is featured, this one more prominent in size. It showcases a blend of pink and purple colors, with black outlines that define its shape. The wings are spread wide, revealing a range of delicate patterns that add visual interest.

Surrounding the insects are stylized green leaves, enhancing the natural theme of the image. The leaves are depicted in varying shades of green, providing a fresh and lively backdrop for the colorful insects.

At the bottom of the dragonfly, the name “Kristin” is artistically written, suggesting a personal touch to the artwork. The overall composition harmonizes elements of nature in a playful and artistic manner, emphasizing the beauty and intricacy of the depicted creatures."
SUND-2F0DF27D.jpg,"The image features a circular logo for Diablo Country Club. The logo has a classic and elegant design, showcasing a predominantly black and white color scheme. 

At the top of the circle, the word ""DIABLO"" is displayed prominently in bold, white uppercase letters. Just below it, the year ""1914"" is centered within the circle in a slightly smaller yet still bold font, indicating the establishment year of the club.

The central part of the logo features a stylized depiction of a mountain range, which is rendered in black. The mountain has gentle lines and curves, suggesting a serene landscape. Below the mountain, there is a subtle curved line, adding depth to the design.

Surrounding the mountain and year, the words ""COUNTRY CLUB"" are inscribed along the bottom of the circle in bold white uppercase letters, mirroring the top. 

To add an organic touch, two small olive branches with leaves are placed flanking the top part of the circle, enhancing the natural theme associated with a country club setting.

The entire logo is encased in a thin red outline, adding a hint of color and framing the design effectively. Overall, the logo conveys a sense of tradition and elegance, reflective of the country club's heritage."
SUND-2F9073D9.jpg,"The image features a logo for ""Sycamore Golf Club."" Central to the design is a large, stylized sycamore tree, depicted in a rich green color. The tree's foliage is detailed with dense clusters of leaves, showcasing a variety of rounded and jagged shapes, giving it a full and lively appearance.

The trunk of the tree is solid and wide, tapering as it rises, with visible texture suggesting bark. Below the tree, there are two wavy lines representing rolling terrain or grass, also in green, which adds a sense of depth and landscape to the logo.

Beneath the tree, the words ""SYCAMORE"" and ""Golf Club"" are prominently featured. ""SYCAMORE"" is written in bold, uppercase letters, using a modern sans-serif font that conveys strength and stability. Below that, ""Golf Club"" is in a slightly smaller, cursive-style script, providing a contrast to the main title and adding an element of elegance to the logo.

Overall, the logo uses a consistent green color palette, evoking themes of nature and outdoor activity, typical of a golf club setting. The combination of the tree and the text creates an inviting and recognizable identity for the Sycamore Golf Club."
SUND-32181666.jpg,"The image features a logo that represents Illinois FC, a football club. The design is centered within a shield shape, primarily in a dark navy blue color. 

At the top of the shield, the word ""Illinois"" is prominently displayed in white, adopting a bold font. Below this, the establishment year ""est. 1982"" is also written in a smaller font, maintaining the white color for consistency. 

The words ""Champaign-Urbana"" appear beneath the establishment year, presented in a slightly smaller and elegant white font, indicative of the regions the club represents.

In the middle section of the shield, the bold abbreviation ""FC"" stands out, rendered in a large and clear white typeface, emphasizing the club’s football identity.

Two vertical red stripes run down the sides of the shield, contributing an energetic flair to the overall design. The combination of navy blue and red suggests a dynamic and competitive spirit, typical of sports team branding."
SUND-321C8C7F.jpg,"The image features a stylized letter ""A"" designed with a modern, athletic feel. The ""A"" is constructed primarily from shades of blue, with varying tones creating depth and interest. 

1. **Structure**: The letter has a sharp, angular design, reminiscent of mountain peaks, giving it a dynamic, upward-moving appearance. 

2. **Coloring**: The primary color is a deep navy blue at its edges, transitioning inward to a lighter, softer blue. This gradient effect adds a sense of dimension.

3. **Details**: At the apex of the ""A,"" there is a small, round basketball graphic. The basketball is primarily blue with darker lines representing its seams, enhancing the sports theme.

4. **Background**: The image has a simple white background, which makes the blue tones of the ""A"" stand out vividly.

Overall, the logo captures a sense of energy and competitiveness, typical of sports branding."
SUND-32801DDA.jpg,"The image features a stylized logo composed of various geometric shapes and colors arranged in a circular fashion. 

1. **Overall Shape**: The logo has a large, open circular design that forms the letter ""C."" 
   
2. **Color Palette**: The colors mainly include dark navy blue, light blue, and shades of green. The sections of the circular design alternate between these colors, creating a mosaic-like effect.

3. **Icons**: 
   - Within the ""C,"" there is a crescent moon symbol positioned at the upper left side, depicted in a light blue shade.
   - At the bottom center of the ""C,"" a golf flag is illustrated, standing vertically on a small base. The flag is colored a pale green, fluttering slightly to the right. 

4. **Background**: The logo features a clean, white background which enhances the visibility of the colorful elements.

This logo likely represents a golf or outdoor-related brand, given the golfing motif of the flag and the overall design elements."
SUND-36AB1289.jpg,"The image features a logo design centered around golf and a sports championship. The logo is shield-shaped with a classic and elegant appearance. It includes the initials ""G"" and ""C"" in a stylized script, likely representing a golf club or organization, prominently displayed in the center.

Above the initials, there is a small emblem featuring a decorative element resembling a crown or fleur-de-lis, adding a touch of sophistication. The background of the shield is light in color, contrasting with the darker shades of blue used for the lettering and the logo outlines.

Behind the initials, there are diagonal stripes that create an additional layer of visual interest. Below the shield, the text ""CGA Interclub"" is clearly written in capital letters, with ""2025"" positioned underneath it, indicating the year associated with the event or competition. Overall, the design conveys a sense of tradition and competition in golf."
SUND-394075ED.jpg,"The image features a prominent, bold letter ""M"" displayed at the center. The ""M"" is filled with a strong, deep red color that stands out against the black background, creating a striking contrast. 

The letter is designed in a block style with thick lines and sharp angles. The top parts of the ""M"" have pointed peaks, and the vertical sides taper slightly towards the bottom where they broaden into a solid base. This base is flat and gives the letter a sturdy appearance.

Surrounding the ""M"" is a thin white outline that adds definition and enhances its visibility against the black backdrop. The overall effect is modern and dynamic, making the letter visually impactful. The simplicity of the design and color scheme gives it a classic yet bold character."
SUND-3C72BF39.jpg,"The image features a deep green background that evokes a sense of strength and vitality. In the center, two phrases stand out in contrasting white text. The first phrase, ""Strong in Faith,"" is written in a stylish, cursive font that conveys a sense of warmth and resilience. Below it, the phrase ""Fierce in Fight"" appears in a bold, almost assertive font, emphasizing courage and determination.

To the left of the text, there is a heart drawn with a white outline, adding a soft yet powerful touch to the overall message. This heart symbolizes love and support, possibly reflecting a connection to those affected by cancer.

At the bottom right of the image, a white ribbon is displayed, a well-known symbol of cancer awareness and support. Below the ribbon, the hashtag ""#CancerSucks"" is written in a casual handwritten font, further reinforcing the emotional weight of the message against cancer.

Overall, the design combines elements of hope, strength, and a rallying cry against cancer, making it both visually appealing and impactful."
SUND-3C91783A.jpg,"The image features a stylized letter ""m"" rendered in a smooth, flowing cursive font. The color is a soft gray, giving it a muted, modern appearance. 

The left side of the letter starts with a small loop that extends into a rounded arc, which forms the first part of the ""m."" This is followed by a curving line that dips down and then arches upward, creating the second peak of the letter. The overall shape is elegant, with a sense of movement due to the flowing lines. The thickness of the lines is consistent, adding to the smooth aesthetic.

The design is simple yet artistic, making it suitable for branding or decorative purposes. The background appears to be plain, allowing the letterform to stand out prominently."
SUND-3F4CA2BE.jpg,"The image features a stylized graphic design that incorporates elements related to tennis. 

1. **Text Elements**: 
   - The word ""WOODHAVEN"" is presented in a light, airy font, positioned at the top. 
   - Below it, the word ""TENNIS"" is prominently displayed in larger, bold letters, suggesting its significance to the overall design.
   - The term ""WARRIORS"" is located beneath ""TENNIS,"" likely indicating the name of a team or organization, and is styled in a more subdued manner.

2. **Graphic Elements**: 
   - To the left of the text, there is an illustration of a tennis racket. It is depicted in a simplistic and understated style, showing the strings and the handle clearly.
   - Near the racket, there is a tennis ball, which adds a dynamic element to the composition and indicates the sport being referenced.

3. **Color and Style**: 
   - The entire image has a soft, light color palette, possibly utilizing shades of blue and white, which gives it an airy, clean look. The text and graphics blend harmoniously, creating a cohesive design.

Overall, the image serves as a representation of a tennis program or team, combining textual and visual elements effectively."
SUND-4348442B.jpg,"The image features the phrase ""Just say Cheese!"" rendered in a playful, cursive font. The letters are designed in a vibrant yellow color, contributing to a cheerful and inviting tone. 

The word ""Just"" is positioned in a smaller size compared to ""say Cheese!"" which occupies more space and stands out prominently. The letters are stylized, with fluid curves and varying thicknesses that give the text a lively, dynamic feel.

The exclamation mark at the end is also exaggerated, adding emphasis and excitement to the phrase. The overall composition conveys a sense of fun, likely associated with photography or capturing joyful moments. The background is plain white, ensuring that the text is the focal point of the image."
SUND-454A6EAF.jpg,"The image features a stylized depiction of a hockey stick, laid out horizontally. The blade of the stick is curved and colored in a vibrant red, while the shaft extends backward in a straight line, also in red. Along the shaft, there are five distinctive black arrow-like shapes arranged in a uniform pattern, pointing diagonally downward towards a solid black circle at the bottom, representing the wheels of a piece of equipment, possibly suggesting a playful or abstract representation of a skate or a cart. The overall design is minimalistic, with a clean color palette of red, black, and white, giving it a modern and sleek appearance. The edges of the stick are outlined in white, enhancing the visual contrast against a blank background."
SUND-4860F549.jpg,"The image features a stylized logo that prominently displays an eagle in the center. The eagle has a fierce expression with its beak slightly open, suggesting a sense of power and vigilance. Its wings are outstretched, creating a sense of movement and majesty. 

The eagle is rendered in a clean, bold design with a primarily white body and black outlines, giving it a striking contrast against the background. 

Beneath the eagle, there is a prominent graphic with horizontal stripes in red and blue, creating a vibrant backdrop. The stripes encapsulate the eagle, emphasizing its central position in the design.

Above the eagle, there are two stars, positioned symmetrically, adding to the emblematic quality of the design. 

At the bottom of the image, the letters ""GBA"" are displayed in a large, bold font. The letters are in black, creating a stark contrast against the lighter background, ensuring they are easily readable. The overall composition blends elements of strength and patriotism, suitable for an emblem or logo with a powerful message."
SUND-48B6B223.jpg,"The image features a vibrant red background with a logo representing ""Western Container."" The text ""Western Container"" is curved at the top, written in bold white lettering, which stands out sharply against the red backdrop. Below the text, there are three stylized illustrations of beverage bottles, each depicted in white. The bottles vary in size and shape, suggesting a range of drink products. 

One bottle is slightly taller and more slender, while another is rounder and shorter, indicating different types of drinks. The bottle illustrations have subtle details, such as lines that imply design elements typically found on actual plastic bottles. At the bottom of the logo, there's a sweeping white line that curves gently, adding a dynamic element to the composition.

Overall, the design is simple yet effective, emphasizing the brand name while visually representing the product type."
SUND-493F191C.jpg,"The image features a stylized logo prominently displaying the letters ""B"" and ""A."" The characters are rendered in a cream or beige color, set against a deep navy blue background. The letter ""B"" has a fluid, cursive style, with rounded edges and pronounced loops, giving it a dynamic and lively appearance. 

The ""A"" is also stylized with a similar cursive flair, showcasing elongated strokes and a smooth connection to the letter preceding it. The overall design emphasizes a sense of motion and elegance, with the letters intertwining slightly. The contrast between the light color of the letters and the dark background creates a striking visual effect, making the logo stand out prominently."
SUND-4AD8CAA6.jpg,"The image features a stylized logo combining the letter ""L"" with a spearhead design. 

- **Letter Shape**: The ""L"" is prominent and two-dimensional, characterized by a sharp, angular design. It is primarily filled with a light shade, possibly white or light gray, and outlined with a bold black border, adding depth to the letter.

- **Spear Design**: Intricately combined with the ""L"" is a spear, which is positioned diagonally. The spear shaft is illustrated as a wooden stick, with a smooth, slightly darker brown texture.

- **Spearhead**: At the top of the spear, the spearhead is strikingly detailed, featuring sharp edges and a metallic appearance. It has a combination of glossy black shading with lighter highlights to emphasize its shape, giving it a three-dimensional effect.

- **Feathers**: Emerging from the spear are three feather motifs, which are stylized and arranged in a fan-like manner. These feathers are predominantly white with black outlines, enhancing their visual impact against the bright background.

- **Color Scheme**: The overall color scheme includes shades of black, white, and red, contributing to a bold and sporty aesthetic that suggests energy and strength.

- **Background**: The background is kept simple, ensuring that the logo stands out prominently, with no distractions from the main elements.

Overall, the logo conveys a sense of motion and dynamism, likely representing a sports team or organization with a focus on competition and resilience."
SUND-509B51F4.jpg,"The image features a circular logo for Saint Joseph Catholic Church located in Tontitown, Arkansas. 

- **Color Palette**: The logo is primarily in white, contrasting against a dark background which enhances its visibility.
  
- **Text**: The outer rim of the circle includes two text segments. The top arc reads ""SAINT JOSEPH CATHOLIC CHURCH,"" while the bottom arc states ""TONTITOWN, ARKANSAS."" The text is in a bold, uppercase font, ensuring clarity.

- **Central Imagery**: At the center of the logo is a depiction of Saint Joseph, who appears to be holding a child. He is portrayed with a serene expression and traditional robes, symbolizing his role as a protector and father figure. The child is cradled in his arms and has an innocent and joyful expression.

- **Additional Elements**: Saint Joseph is depicted holding a bouquet of lilies, which often represents purity and is commonly associated with him. Behind him, there are abstract shapes, likely representing a church structure, framed by a cross above his head, reinforcing the religious theme of the logo.

This logo encapsulates the church’s identity, focusing on Saint Joseph and aligning with the Christian faith."
SUND-536F8411.jpg,"The image is a logo for ""Green Valley Golf Club."" 

### Elements of the Logo:
- **Text**: 
  - The word ""Green"" is prominent, styled in a bold, black font with a slight curve to the uppercase ""G.""
  - ""Valley"" follows in the same bold, black font, maintaining visual continuity.
  - The terms ""GOLF CLUB"" are placed below ""Green Valley,"" rendered in a slightly smaller size and in a dark green color, reflecting the theme of golf and nature.

- **Design Features**: 
  - Above the ""G"" in ""Green,"" there is a stylized graphic element resembling a green leaf or blade of grass, emphasizing the natural aspect of the golf club.
  - To the right of the ""G,"" there’s a circular shape in orange, representing a golf ball or sun, with a smooth curve and a small cut-out design which adds a playful touch to the overall logo.
  
### Color Palette:
- **Black**: Used for the main text, providing a strong and professional appearance.
- **Dark Green**: Used for ""GOLF CLUB,"" complementing the themes of nature and golf.
- **Orange**: Used for the graphic element, adding a bright and warm contrast that draws attention.

Overall, the logo conveys a sense of elegance and connection to nature, with a focus on golf. The combination of the colors and design elements creates an inviting and professional impression."
SUND-53A0D82C.jpg,"The image features a stylized logo for ""Valley Lo Club."" The text is presented in an artistic font, with the word ""Valley"" prominently displayed in bold, flowing letters. The letter ""V"" has a distinctive curl, adding an elegant touch. Below ""Valley,"" the word ""Lo"" is showcased in a similar style, with the ""L"" and ""o"" connected in a cursive manner.

The logo incorporates a blue wave-like element, which runs through the middle of the word ""Lo,"" suggesting a connection to water or an aquatic theme. Below the main text, the word ""Club"" is written in a simpler, more straightforward font, providing contrast to the more elaborate styles of the other words.

The overall color scheme appears to be mostly black, with the eye-catching blue representing the wave, creating a vibrant contrast. The design has a modern yet classic feel, likely aimed at evoking a sense of leisure and community associated with the club."
SUND-562F4F10.jpg,"The image features a bold, stylized text that reads ""J.D. BIKERS."" The lettering is large and dynamic, employing a classic, retro font that gives it a sense of strength and character. 

The text is primarily white with a thick black outline, enhancing its visibility against a solid black background. The letters are slightly slanted forward, adding a sense of motion and excitement. There are distinctive curves and flourishes in the design, particularly in the ""J"" and the ""B,"" which contribute to an overall aesthetic that suggests adventure and a rebellious spirit.

In the corner of the image, there is a box labeled ""Box to show background,"" indicating that the black background is a focal point, while below, a white square is labeled ""White."" This suggests that the text design could be used on different colored backgrounds, making it versatile for various applications, such as logos or merchandise. The overall composition is clean and eye-catching, aimed at capturing the attention of an audience interested in biker culture."
SUND-5B7E6397.jpg,"The image features a circular badge design with a light blue outer ring. Inside the ring, there is a basketball hoop graphic depicted in a red color. The net of the hoop is detailed with a mesh pattern. 

Surrounding the hoop, there are two red stars, one on the left and one on the right. The top half of the circle contains the text ""THE RUN"" in a light blue font, while the bottom half features the text ""THE PIPELINE"" in a bold red font. The overall color scheme consists of light blue and red against a white background, creating a vibrant and sporty aesthetic."
SUND-5F3BE284.jpg,"The image depicts a logo that features a shield shape with rounded edges. The primary color of the shield is a deep maroon, and it is framed by a vibrant golden-yellow outline. 

At the center of the shield, there is a stylized letter ""N"" in a bold, modern typeface. The ""N"" is presented in the same golden-yellow color, making it stand out prominently against the maroon background. The design of the ""N"" incorporates both straight and curved lines, giving it a dynamic and contemporary appearance.

At the bottom of the shield, the year ""1981"" is displayed in a clear, white, sans-serif font, with ""19"" on the left side and ""81"" on the right. This text is encircled by a round emblem, also in the golden-yellow hue, which features a five-pointed star shape at its center.

Overall, the logo combines sporty and modern elements, reflecting a vibrant identity, likely associated with a sports team."
SUND-5FD4302B.jpg,"The image features a logo for the Newport Country Club. It is circular with a two-tone design, where the inner circle is deep red and the outer ring is blue. 

In the center of the logo, the initials ""NCC"" are displayed in white, stylized letters, overlapping each other. Behind these initials, two golf clubs are crossed diagonally. The clubs are depicted in a light shade of white.

Below the clubs, there is a representation of a historic-looking structure, designed in a simple white outline. This structure has a slightly rounded top, with three windows, and is seated on a base that extends horizontally.

The outer blue ring features the text ""NEWPORT COUNTRY CLUB"" at the top, centered along the curve, and at the bottom, it reads ""NEWPORT, R. I."" Both texts are in white capital letters. Small white dots are placed on either side of the top and bottom text for additional decorative detail. 

Overall, the logo conveys a classic and elegant vibe, reflective of a golf club's prestige and heritage."
SUND-5FFD663E.jpg,"The image features a stylized graphic design related to a volleyball event. At its center is a round volleyball illustrated with distinct black lines that provide texture and dimension. The volleyball is set against a bold red circular background, creating a striking contrast.

Above the volleyball, the text ""FFVC"" is prominently displayed in a blocky, modern font. Below the volleyball, the main phrase ""GAME DAY"" stands out in large, cream-colored letters with a subtle gradient, giving it depth. Beneath ""GAME DAY,"" the year ""2025"" is illustrated in a similar style, ensuring continuity in design.

The background is a light grey, which helps to highlight the vibrant red and cream elements. Additional graphics, including diagonal lines and angular patterns in red, enhance the dynamic feel of the design, suggesting motion and excitement typical of a game day atmosphere. Overall, the composition conveys energy and a sense of anticipation for the volleyball event."
SUND-6082584A.jpg,"The image features a botanical illustration, prominently displaying a stylized mushroom next to a leafy fern. 

1. **Mushroom**: 
   - The mushroom has a broad, rounded brown cap adorned with white speckles, giving it a textured appearance. 
   - The stem of the mushroom is sturdy and light-colored, tapering as it rises. 
   - This mushroom figure stands on the left side of the image.

2. **Fern**: 
   - The fern is depicted with numerous fronds that have a vibrant green color, contrasting with the brown of the mushroom.
   - The fronds exhibit a characteristic feather-like shape, with serrated edges, creating a sense of lushness and vibrancy.
   - The fern is positioned on the right side, slightly overlapping with the mushroom.

3. **Text**: 
   - Beneath the mushroom and fern is the phrase ""Fungi & Ferns"" in playful, rounded font. 
   - Below that, the words ""FOREST SCHOOL"" are written in a simple, bold style, both in black color, adding a rustic and educational vibe to the overall design.

The layout harmonizes natural elements with a sense of adventure and education, reflecting the theme of a forest school. The color palette is earthy, emphasizing the connection to nature. The simplicity and clarity of the illustrations create an inviting feel."
SUND-698CB304.jpg,"The image is a logo for the Israel Golf Association (IGA). It features a circular design with a blue border and a white inner circle that resembles a golf ball's dimpled surface. 

At the center of the logo, there is a stylized figure of a golfer in the act of swinging, depicted in blue. The golfer's form is simplified yet recognizable, capturing the essence of the sport. 

Below the golfer, the acronym ""IGA"" is displayed prominently in bold, modern typography, also in blue. The letters are stylized to integrate seamlessly with the design. 

Around the inner circle, there are inscriptions in both Hebrew and English. The Hebrew text at the top reads ""  ,"" while the English text at the bottom reads ""ISRAEL GOLF ASSOCIATION,"" both in white, contrasting against the blue background. 

The overall composition is clean and professional, embodying the spirit of golf while representing its national association. The presence of a green outline suggests the lush fairways of golf courses."
SUND-6E4AC6C9.jpg,"The image features a graphic design primarily in black and white. At the center, there is a stylized representation of the letters ""C"" and ""M"" merged together.

1. **Outer Circle**: The design is enclosed within a thick circular border, creating a boundary that emphasizes the central logo.

2. **Letter Arrangement**: 
   - The letter ""C"" is formed with a curved shape on the left side, featuring a gap that gives it an open appearance.
   - The letter ""M"" is represented by two vertical lines and a center peak, positioned to the right of the ""C"". The lines of the ""M"" are bold and slightly elongated.

3. **Contrast**: The graphic utilizes strong contrast between the black letters and the white background. The negative space within the ""C"" and the design of the ""M"" are cleverly integrated, creating a cohesive look.

4. **Symmetry**: The overall design has a balanced and symmetrical feel, contributing to its visual appeal and making it easily recognizable.

This minimalist design conveys modernity and simplicity while effectively combining the two letters."
SUND-6F9696A1.jpg,"The image features a bold and dynamic logo for ""Easton Youth Lacrosse."" At its center is a fierce-looking tiger's head, depicted in vibrant orange and black. The tiger has a strong expression with bared teeth, piercing eyes, and distinctive striped fur. 

Behind the tiger's head, there are two crossed lacrosse sticks, which are outlined in black and presented in a stylized manner, enhancing the sporty theme of the logo. 

Below the tiger, the words ""YOUTH"" and ""LACROSSE"" are prominently displayed in bold, capital letters, with ""EASTON"" larger and more emphasized in the middle. The color palette predominantly consists of orange and black, conveying energy and strength, while the text is rendered in a bold black font to ensure clear visibility against any background. The overall composition is energetic and is designed to appeal to a youth audience involved in lacrosse."
SUND-7A94CA06.jpg,"The image features a stylized representation of a panther's head, rendered primarily in black with a smooth finish. The design emphasizes the fierce and predatory nature of the animal. 

- **Shape and Outline:** The panther's head is depicted in profile, showcasing a large, elongated snout and a prominent jawline. The outline is smooth, with a slight curvature that gives a sense of motion and aggression.
  
- **Facial Features:** The eyes are narrowed, suggesting intensity, while the ears are pointed and slightly back, indicating alertness. The distinctive features of the nose and mouth are emphasized, with sharp lines that enhance the overall fierceness of the design.

- **Color and Contrast:** The black color of the panther contrasts with a light-colored background or outline, which is likely a soft white or light gray. This contrast helps to define the panther's features and adds depth to the design.

- **Artistic Style:** The overall style is modern and graphic, likely aimed at being impactful and easily recognizable, often seen in sports teams or logos.

This image embodies strength and agility, typical characteristics associated with a panther, making it visually striking and memorable."
SUND-7C899D9B.jpg,"The image depicts a heraldic shield divided into four quadrants, featuring the initials ""CC,"" ""L,"" and ""R"" prominently displayed in a stylized font. The shield is rendered in a muted color palette, primarily using shades of green, giving it a classic and formal appearance. At the top of the shield, there is a decorative element resembling a knot or an intricate cap, adding a touch of elegance.

Beneath the shield, a banner curves gracefully, emblazoned with the year ""1902"" in a bold, serif typeface. The overall design conveys a sense of tradition and history, likely representing an institution or organization with a long-standing heritage. The combination of shapes and lettering creates a cohesive and distinguished emblem, ideal for formal representation."
SUND-7DAA7DD5.jpg,"The image features a stylized logo for ""Bentwinds Country Club."" 

- **Tree Element**: On the left side of the logo, there is a prominent tree design, depicted in dark green with a thick trunk and sprawling branches. The trunk is brown and has a textured appearance, suggesting a sturdy and mature tree. The leaves are illustrated with a variety of shapes, adding to the organic look. Some leaves are clustered while others are spread out.

- **Text**: To the right of the tree, the words ""Bentwinds"" are rendered in a bold, elegant font. The word ""Bentwinds"" is stylized with a slightly flowing script, contributing to a sense of sophistication. Below this, ""COUNTRY CLUB"" is displayed in a more traditional serif font, further enhancing the logo's formal vibe.

- **Color Scheme**: The logo utilizes a color palette of dark green, brown, and black, with a thin red outline that adds distinction to both the tree and the text. The contrast between the colors and the outline gives the logo a polished and professional appearance.

- **Background**: The background is white, which allows the central elements—the tree and text—to stand out prominently.

Overall, the logo conveys a sense of nature, tranquility, and exclusivity, typical of a country club branding."
SUND-7E31E137.jpg,"The image features a circular logo depicting a historical building, likely a clubhouse, associated with Amherst Golf Club (Amherst GC). 

### Detailed Description:

- **Building**: 
  - The structure is a two-story white building with a symmetrical facade.
  - It has a classic architectural style, with green shutters flanking the windows.
  - The roof is flat with a small chimney visible at the center.
  - There is a prominent porch supported by columns at the entrance, enhancing its traditional appearance.

- **Landscape**: 
  - The building is situated on a gentle green hillside, which adds depth to the image.
  - In the foreground, there is a patch of green grass that symbolizes a golf course.

- **Golf Element**: 
  - A flagstick is placed prominently in the grass, displaying the year ""1900"" on the flag, indicating the founding year of the club.
  
- **Color Scheme**: 
  - The logo uses a green and white color palette, with the green representing the golf course and the white symbolizing the building.
  
- **Text**: 
  - Beneath the circular image, the words ""AMHERST GC"" are inscribed in an elegant font, likely in black or dark green, to match the overall aesthetic of the logo.

### Overall Impression:
The logo effectively combines elements of golf culture with the historical significance of the landmark building, presenting a prestigious and inviting image for the golf club."
SUND-80292841.jpg,"The image features a stylized map outline of Texas, rendered in a simplistic and colorful design. The shape of Texas is filled with a sky blue color and is outlined by a thick black border, giving it some depth and emphasis. 

In the center of the Texas outline, there is a five-pointed star depicted in a rich brown color, symbolizing Texas's iconic lone star. The star is positioned slightly above the midline, adding a focal point to the overall design. The illustration has a clean and modern aesthetic, lacking detailed geographical features or labels, making it suitable for various graphic design purposes, such as logos or educational materials."
SUND-805AAEBE.jpg,"The image features a graphic design centered around a deer skull with prominent antlers, rendered in earthy tones of beige and brown. The skull is stylized, with a somewhat minimalistic and artistic representation that highlights the antlers' curves and points. 

Beneath the skull, there are two stylized tobacco leaves, one on either side, colored in a rich brown that complements the skull above. These leaves help frame the central image, adding a natural element to the design.

In the center, bold lettering spells out ""TOBACCO ROAD"" in a contrasting gray. The typography is slightly curved, matching the overall aesthetic of the design. The combination of the skull, leaves, and text creates a rustic, outdoorsy feel, often associated with themes of hunting or nature. The overall composition is balanced, with each element harmonizing to form a cohesive graphic."
SUND-86D45951.jpg,"The image features a stylized logo representing the ""Highlanders."" Central to the logo is a muscular figure of a Highlander with a long beard and a determined expression, wearing a traditional headband and a checkered outfit. The figure is holding a sword and is positioned in front of a castle tower, which is illustrated in a bold red color. 

The entire logo has a color scheme of red and blue, with the Highlander character primarily in blue, contrasting sharply against the red of the castle and the background elements. Below the figure, the word ""HIGHLANDERS"" is emblazoned in large, bold letters, predominantly white with a red outline, emphasizing the team name. The design has a dynamic and energetic feel, making it impactful and easily recognizable as a sports or school emblem."
SUND-88A8C0B6.jpg,"The image features a circular emblem with a playful design. At its center, there is a cartoonish character resembling a friendly creature. This character has a light brown, slightly gooey appearance, reminiscent of chocolate or a similar treat. It has large, bulging eyes that exude a sense of fun and mischief.

The creature is wearing a blue hat, similar to a sailor's cap, which adds a whimsical touch to its appearance. Its mouth is wide open, showcasing a big smile, and it has a thick mustache that further enhances its playful demeanor. The character’s arms are outstretched, with its right hand featuring three fingers raised in a cheerful gesture.

Surrounding the creature, the words ""SOUTH"" and ""HARMON"" arc along the top and bottom of the circle, respectively. The text is bold and colored in a vibrant blue, fitting harmoniously with the overall aesthetic of the emblem. The circular boundary of the logo is also outlined in blue, creating a cohesive frame for the design.

The overall feel of the image is lighthearted and inviting, suggesting a sense of fun and community. The playful character and bright colors aim to engage viewers and evoke a friendly atmosphere."
SUND-8A329598.jpg,"The image features a logo for ""Century Tire - Commercial Division."" The design incorporates a stylized tire graphic prominently situated on the left side. The tire has a multi-layered appearance with concentric circles, emphasizing its round shape, and it is accompanied by swoosh-like lines that suggest motion.

Adjacent to the tire graphic, the text ""Century Tire"" is displayed in bold, capital letters, with a mix of dark blue and light blue. The letters are slightly rounded and modern in style, conveying a sense of reliability and professionalism. Below this, the words ""Commercial Division"" appear in a smaller, more understated font with a gray outline, indicating the specific focus of this division.

The overall color palette is predominantly blue and gray, creating a clean and professional aesthetic suitable for a commercial tire business. The logo is set against a white background, ensuring that the elements stand out clearly."
SUND-8D396528.jpg,"The image features a logo that prominently displays a stylized bear's head at the top. The bear is depicted with an open mouth and fierce expression, showcasing its teeth, which gives it a dynamic and aggressive look. The colors used for the bear include dark green and purple, with the darker shades adding depth to its features.

Below the bear, there is a shield-shaped design that forms the background of the logo. The shield is primarily purple and is outlined in black, giving it a bold appearance. Within the shield, the word ""PLAYMAKERS"" is featured prominently in large, white block letters, positioned above the word ""ELITE,"" which is smaller and appears in the same block font, but also in white. 

At the bottom of the shield, the text ""EST. 2015"" is displayed, indicating the establishment year of the organization. Additionally, there are three vertical stripes at the center bottom of the logo, which could represent pillars or a symbol of strength. 

The overall composition conveys a sense of teamwork, competitive spirit, and power, potentially aligning with a sports or youth athletics organization."
SUND-8D56E527.jpg,"The image features a stylized emblem that prominently showcases soccer as its central theme. At the top of the shield-shaped badge, the text ""INVIZION CO. TRAINING"" is displayed in bold white letters, forming an arch. Beneath this, the phrase ""ASPIRE TO INSPIRE OTHERS"" is inscribed in a smaller font, providing an inspirational message.

At the center of the emblem, a soccer ball is depicted, featuring a geometric design with black and white patches. This ball looks dynamic, set against a simplistic backdrop that includes rays emanating from behind it, suggesting movement or action.

The background features the outlines of a soccer field, with clearly marked areas, including goal boxes at either end, and a center circle. The ground is illustrated with alternating stripes, enhancing the visual perspective of a field. The color scheme predominantly uses shades of gray and black, lending a modern and minimalist aesthetic to the design. The overall composition balances elements of sports and motivation, making it suitable for a training program focused on soccer."
SUND-90D5EF39.jpg,"The image features a stylized logo for ""Southern Dunes."" At the center of the design is an illustrated bird, likely a crane or heron, depicted with its wings extended upward and slightly back, suggesting a sense of movement or flight. The bird is primarily colored in shades of golden yellow and brown, with intricate feather details. 

To the left of the bird, the word ""Southern"" is displayed in a bold, elegant font, with the letters primarily black. The top of the letters has a slight curve that mimics the shape of the dunes, while a thin pink outline adds subtle contrast.

On the right side, the word ""Dunes"" mirrors the style of ""Southern,"" using the same black font and adding a similar pink outline for consistency. A thin horizontal line runs beneath the entire text, adding balance to the logo design. The overall color scheme combines earthy tones with the pink outline, giving it a warm, inviting feel that reflects a nature-themed or outdoor brand."
SUND-9566D9B0.jpg,"The image features a stylized logo for ""Bentwinds Country Club."" 

1. **Tree Illustration**: 
   - The centerpiece of the logo is a large, illustrated tree with a broad trunk and an expansive canopy. 
   - The trunk is depicted in a light brown color with a textured appearance, suggesting bark. 
   - The leaves are dark green, and the branches extend outward, providing a full, lush look. Some leaves appear in shades of green, adding depth.

2. **Text Elements**: 
   - Next to the tree, the name ""Bentwinds"" is written in a bold, artistic font that is primarily in black, making it stand out. 
   - The lettering is slightly stylized and has a calligraphic feel, giving it an elegant touch.
   - Below ""Bentwinds,"" ""COUNTRY CLUB"" is displayed in a simpler, more understated font in black as well, ensuring clarity and readability.

3. **Overall Design**: 
   - The layout balances the tree illustration with the text, creating a harmonious composition. 
   - The design has a clean and polished look, suggesting a sense of tradition and nature, fitting for a country club setting.

This logo reflects the essence of a country club, emphasizing nature and an elegant lifestyle."
SUND-A56B3EDF.jpg,"The image features a simple yet elegant logo for ""Ravenna Country Club."" The design includes the following elements:

1. **Text**: The word ""RAVENNA"" is prominently displayed in uppercase, bold lettering, conveying strength and stability. The font style is modern and clean, enhancing readability. Below it, the words ""COUNTRY CLUB"" are also in uppercase but are set in a smaller font size. This part of the text is slightly less bold, creating a visual hierarchy.

2. **Stars**: Above the text, there are five black stars, evenly spaced in a line. The stars are solid, five-pointed shapes, symbolizing excellence or high quality, which may be indicative of the club's amenities or services.

3. **Color Scheme**: The entire logo is rendered in black, giving it a classic and timeless appearance. The monochromatic color scheme adds to its sophistication, making it suitable for a country club setting.

Overall, the logo projects an image of refinement and exclusivity, making it attractive to potential members or visitors."
SUND-AD679C00.jpg,"The image features a crest or emblem design consisting of a shield divided into four quadrants. The quadrants contain the letters ""C,"" ""C,"" ""L,"" and ""R,"" each prominently displayed in a bold, serif font. The shield is outlined in a dark color, possibly black, and features a lighter gray background that adds contrast to the letters.

At the top of the shield, there is a decorative element resembling a twisted rope or knot, indicating a sense of formality or tradition. Below the shield is a ribbon banner that displays the year ""1902"" in a large, curvy font. The overall design combines a classic look with a modern touch, reflecting an established institution or organization. The color scheme includes shades of gray and black, offering a sophisticated appearance."
SUND-B2CE1CB3.jpg,"The image features a logo for ""Peace Country Truck Parts Ltd."" prominently showcasing a detailed illustration of a semi-truck, rendered in gray and black tones. This truck is positioned towards the left side of the logo and displays a classic heavy-duty design, characterized by a large front grille, prominent headlights, and an extended cab.

Surrounding the truck is a stylized red swoosh that curves elegantly around the vehicle, creating a sense of motion and dynamism. Behind the truck, there is a gear-like shape, suggesting mechanical and industrial themes, colored in a darker tone to emphasize contrast.

The text ""PEACE COUNTRY"" is situated below the truck and the swoosh, written in bold, capitalized gray letters, conveying strength and stability. The words ""TRUCK PARTS LTD."" are displayed in a smaller, more vibrant red font, underscoring the company's focus on truck parts. The overall composition combines elements of transportation, industry, and professionalism, making it visually striking and recognizable."
SUND-B2D85535.jpg,"The image features a stylized text design, predominantly in black, against a white background. The text is arranged in a circular formation that curves around the center. 

At the top, the word ""DANCE"" is prominently displayed in large, bold letters, conveying energy and movement. 

In the center, the letters ""RV"" are featured in an equally bold, capitalized font, standing out strongly. 

Directly below ""RV,"" the year ""1999"" is depicted in a slightly smaller font, with a more classic serif design, indicating a date of establishment. 

At the bottom, the word ""TEAM"" mirrors the curvature of ""DANCE"" above, also using bold lettering, reinforcing the idea of collaboration and unity in dance.

Additionally, the abbreviation ""EST."" appears to the left of ""RV,"" adding context to the establishment year. The overall design exudes a sense of pride and history related to a dance team."
SUND-B532AE4D.jpg,"The image features a stylized logo with a vintage design. 

1. **Shape and Layout**: The logo is diamond-shaped, with a central diamond feature outlined in black. The diamond is divided into sections by horizontal lines, giving it a structured appearance.

2. **Color Scheme**: The predominant colors are black, gold, and white. A rich golden yellow fills the central diamond and the word ""PARKS,"" while black forms the edges and accents.

3. **Text Elements**:
   - The word ""PARKS"" is prominently displayed in bold, uppercase letters, rendered in a shiny silver with a slight drop shadow that adds depth.
   - Above ""PARKS,"" in smaller, white text, is the word ""SUPERIOR."" This is curved and follows the top edge of the logo.
   - At the bottom, in smaller white letters, is the word ""SALES.""
   - To the left, the abbreviation ""EST."" is written in a smaller font, followed by ""1952,"" indicating the establishment year, which is also in a smaller font.

4. **Additional Design Features**: 
   - The logo's background is enhanced with subtle diagonal stripes that provide texture and visual interest.
   - There are triangular shapes at the left and right edges that contribute to the overall geometric design.

Overall, the logo conveys a sense of reliability and tradition, suitable for a business that emphasizes quality and heritage."
SUND-BB64B2C8.jpg,"The image consists of a logo illustrating a golf theme, presented in a monochromatic color scheme primarily featuring black and white. It is structured within a shield shape featuring a pointed top, which includes two golf clubs crossing behind the main emblem.

At the top of the shield, the year ""1921"" is prominently displayed, indicating the establishment date of the associated organization. Below it, in bold blocks, the letters ""BCC"" are creatively arranged. The letter ""B"" is larger than the two ""C""s, which are stylized to overlap slightly with the ""B"", creating a cohesive visual effect.

At the base of the logo, the text ""Women's Golf"" is presented in an elegant, cursive font that adds a touch of sophistication. The overall design merges traditional golfing elements with a modern touch, celebrating the women's golf community. The simplicity and clarity of the logo convey a sense of heritage and pride in the sport."
SUND-BDDA705F.jpg,"The image displays a circular logo featuring the brand ""Callaway."" The upper half of the circle is black, with the word ""Callaway"" in a stylized, white font, prominently positioned in the center. Below that, there's a large, white area that contrasts with the top half. In this white section, the text ""NATIONAL PLAYERS BOARD"" is displayed in bold, black letters, centered in the middle. The circle has a thin red border that adds a distinct outline to the logo, enhancing its visual appeal. The overall design is clean and well-organized, conveying a sense of professionalism and brand identity."
SUND-C46FCEE1.jpg,"The image features a logo that prominently displays the word ""PREMIER"" in bold, stylized lettering. The letters are primarily white with a slight outline, enhancing their visibility against the background. Above the main text, the words ""LAS CRUCES"" are arched in smaller, elegant lettering.

The background of the logo incorporates elements of a basketball court, with a golden section that mimics a basketball's surface. This golden area is complemented by white lines that represent the court's design, including a center circle and play area markings. 

Additionally, the logo is framed by a solid black border that gives it a polished look. The design also features the outline of the state of New Mexico at the bottom, which includes a small depiction of the New Mexico state symbol, reflecting regional pride. The overall color scheme combines black, white, and gold, creating a striking and professional appearance suitable for a sports-related organization."
SUND-C529CFA1.jpg,"This image features a logo that consists of a shield design prominently displayed in red and yellow colors. The shield is divided into four quadrants, with the letters ""C"", ""C"", ""L"", and ""R"" located within the quadrants. Each letter is styled in a bold, white font that stands out against the colored background.

At the top of the shield, there is a rounded, decorative element resembling a hook or a loop, adding a sense of elegance to the design. The shield is bordered in bright yellow, which enhances its visibility against the red background.

Beneath the shield is a ribbon banner that bears the year ""1902"" in a large, black font. The banner is accentuated with red edges and curves, giving it a soft, flowing appearance. Overall, the logo combines traditional design elements with vibrant colors to convey a sense of heritage and identity."
SUND-C6B7EF47.jpg,"The image features a short-sleeved t-shirt in a deep olive green color. The shirt has a classic crew neckline, characterized by a rounded collar that sits comfortably around the neck. The fabric appears soft and smooth, suggesting it is made from a lightweight material suitable for casual wear or athletic activity. 

On the right shoulder, there is a small white Nike swoosh logo, signifying the brand. Near the bottom hem of the shirt on the left side, the text ""DRI-FIT"" is printed subtly, indicating that the shirt features moisture-wicking technology designed to keep the wearer dry during physical activity. 

The sleeves are casually cut, with a clean finish at the cuffs, and the overall fit of the shirt appears to be relaxed, making it versatile for various occasions. The background is a simple, solid white, which enhances the shirt's color and design details."
SUND-CA029E67.jpg,"The image features a stylized design with two main components: a tree and the text ""Board of Directors."" 

1. **Tree**: The tree is depicted in a vibrant blue color, showcasing an artistic interpretation rather than a realistic one. Its branches extend outward, with a mix of angular shapes and rounded edges, giving it a dynamic appearance. The foliage is stylized, suggesting a canopy that moves and flows, enhancing the visual appeal.

2. **Text**: Below the tree, the words ""Board of Directors"" are displayed prominently. The font used is playful and informal, in a bright green color. The letters are rounded, contributing to a friendly and approachable feel, and they are arranged in a slightly curved line, following the natural flow of the design.

3. **Overall Composition**: The combination of the blue tree and green text creates a visually striking contrast. The layout suggests a connection between nature and governance, conveying a sense of growth and stability. The overall design is clean and simple, making the message clear and easily readable."
SUND-CC6EA2C3.jpg,"The image features a bold and energetic design, primarily focused on a stylized bear mascot. The bear has a fierce expression, showcasing sharp teeth and an enthusiastic roar, embodying a sense of strength and determination. It is depicted wearing a vibrant red jersey with white stripes, which contrasts against its gray fur.

The bear's arm is extended forward, suggesting motion and action, emphasizing a dynamic presence. Behind the bear, the word ""GRIT"" is prominently displayed in large, strong letters, with the word ""Truckee Elementary"" arching above in smaller letters. The letters of ""GRIT"" are in a slightly muted shade, enhancing visibility and impact.

In the background, there are claw marks that suggest the bear's fierceness, illustrated with sharp lines and a darker color, adding texture and depth to the design. Also visible is a silhouette of a pine tree to the right, hinting at a natural environment, possibly reflecting the school's location.

Overall, the design combines elements of playfulness and tenacity, making it suitable for an elementary school identity. The color palette and layout effectively communicate values of strength and perseverance, tailored for a youthful audience."
SUND-CD4C19DC.jpg,"The image features a stylized silhouette of a galloping horse, rendered in a solid green color. The horse is depicted in a dynamic pose, with its legs lifted gracefully off the ground as if in mid-stride. The mane flows prominently backward, suggesting motion and speed, enhancing the energy of the image. 

Below the horse, the text ""WEST PERRY"" is displayed, followed by the word ""ATHLETICS."" Both phrases are in a bold, blocky font, also in green, which complements the horse design. The overall appearance of the logo combines athletic vigor with a sleek design, conveying a sense of strength and movement, suitable for a school or athletic organization. The simplicity of the design is effective in making the image easily recognizable and impactful."
SUND-CE5E96D9.jpg,"The image features a stylized illustration of a bulldog's head, showcasing a blend of fierce and cartoonish qualities. The head is predominantly gray, with darker shading accentuating the wrinkles and contours of the dog's face. 

Prominently displayed are the bulldog's broad snout and pronounced jawline, with sharp, white teeth visible, giving an impression of strength. The two nostrils at the tip of the snout are colored in a light gray hue, further contributing to the dog’s robust appearance.

Above the snout, there is a bulging forehead, emphasizing the character's muscular build. The ears flop downwards, adding to the bulldog’s iconic look. The illustration is framed by a circular blue background, which contrasts with the gray of the dog and enhances its visibility. 

A set of spikes, also in gray, encircles the lower part of the bulldog's head, reinforcing a fierce aesthetic. Overall, the piece exudes a mix of aggression and playfulness, characteristic of a sports team mascot or logo design."
SUND-CF0F9A70.jpg,"The image features a professional logo for a real estate agent named Julii Ramirez. At the top, the text ""Julii Ramirez, Real Estate"" is displayed in a bold, modern font, suggesting a contemporary style. 

Beneath the name, there is a stylized geometric design that resembles a house or a building. This design is composed of overlapping shapes in muted colors, primarily beige and light blue, arranged in a diamond orientation that adds a dynamic touch.

Surrounding the design, there is a circular border formed by text. This text includes the phone number ""561-859-8483"" at the bottom and small decorative dots on either side of the number, emphasizing the logo's balance and symmetry.

The overall aesthetic presents a clean and professional appearance, suitable for a real estate business, inviting potential clients to engage with the services offered."
SUND-D3DA7180.jpg,"The image features a stylized representation of a bird, specifically an eagle, depicted in a bold and cartoonish manner. The eagle has a prominent head with exaggerated features: large, round eyes that convey a fierce expression and a broad, yellow beak with a distinctive shape. The main body of the eagle is primarily black, which contrasts sharply with its white throat and underside.

The wings are outstretched and are rendered with detailed feather-like patterns, primarily in a brownish hue, adding depth and texture to the depiction. The eagle's talons are visible, gripping a cylindrical, colorful pedestal that appears to support the design. This pedestal has segments of bright colors—likely blue and orange—at the bottom.

Beneath the eagle, the years ""18"" and ""97"" are displayed, likely indicating a significant date related to the image, possibly representing its origin or an important event. The overall look of the image is dynamic, and the cartoonish style lends it an energetic vibe, emphasizing the regality and power associated with the eagle. The combination of colors and the design choices create a striking visual impact."
SUND-D6261010.jpg,"The image features a logo primarily composed of bold, blue letters on a white background. At the top of the design is a stylized letter ""T,"" which is large and prominently placed. Below this, a slightly smaller letter ""C"" overlaps the vertical bar of the ""T,"" forming a cohesive design. The two letters are designed in a serif font, giving them a classic and sophisticated appearance. 

To the right of the letters, there is a circular element attached to the bottom of the ""C,"" which adds a unique flair to the overall design. Below the letters ""TC,"" the year ""1912"" is displayed in a matching blue color. The numerals have a slightly smaller size compared to the letters above, maintaining the attention on the primary initials.

Overall, the logo conveys a sense of elegance and tradition, likely representing an organization or institution established in the year noted. The simplicity of the color scheme and design focuses on clarity and brand identity."
SUND-D6509748.jpg,"The image features a logo that prominently displays the letters ""N"" and ""R"" in bold, dark blue font. The ""N"" is designed with a straight vertical line and horizontal line at its top, while the ""R"" has a curved section at its top and an extended leg.

In the center of the logo, a stylized key is integrated into the design. The key is depicted in a bright, golden-yellow color, adding a vibrant contrast against the navy blue letters. The head of the key has a circular hole and a distinctive shape that gives it an ornate appearance. Inside the head, there are two small ""C"" shapes, likely representing initials or symbols relevant to the design.

The whole logo is outlined in a thin, light-colored border that enhances its visibility against any background. The design conveys a sense of security and tradition, with the key symbolizing access or ownership."
SUND-D67F6C36.jpg,"The image features a stylized logo that combines two prominent letters, ""R"" and ""C,"" in a bold, red font. The letter ""R"" is positioned slightly higher than the letter ""C,"" which curves around the lower part of the ""R."" Each letter has a white outline that enhances its visibility against the background.

Incorporated into the design is a red rose, which is positioned so that the bloom is situated to the right of the ""R"" and the upper part of the ""C."" The rose features detailed petals and a green stem, with leaves branching out beneath it. The leaves are depicted in a rich green, providing a contrast to the red of the letters and the rose.

There is an overall dynamic feel to the logo, emphasizing strength and elegance, with the rose adding a touch of softness to the bold lettering. The logo is set against a white background, allowing the colors to stand out distinctly."
SUND-DAB8FCBD.jpg,"The image features a stylized logo that prominently displays a bee. The bee is designed with intricate lines, emphasizing its wings and body structure, which are adorned with stripes typical of bees. The design is simplified and graphic, using a monochromatic black color against a white background.

Above the bee, the year ""2024"" is displayed in bold, uppercase numbers, suggesting it is a significant marker for the event or achievement. Below the bee, the text ""Club Champion"" is also rendered in bold, uppercase letters, indicating this logo represents a championship title for a club. The overall design conveys a sense of achievement and camaraderie related to a club event, with the bee potentially symbolizing teamwork, productivity, and community spirit."
SUND-DEDCC053.jpg,"The image is a logo featuring a shield design, which is split vertically into two distinct sections. The left half of the shield is shaded in a vibrant blue, while the right half is a deep black. At the top of the shield, there is a stylized soccer ball positioned centrally. 

In the center of the shield, a large, bold letter ""H"" is prominently displayed. Below the shield is a banner that reads ""HILLSBORO"" in an uppercase font, flanked by the year ""1997"" on the left side and a stylized scroll design on the right side. The overall color scheme of blue, black, and white creates a striking contrast, making the logo visually appealing and easily recognizable."
SUND-E8FCA954.jpg,"The image depicts a stylized logo featuring a shield design. The shield has a bold outline and is predominantly black, emphasizing a bold and striking appearance. At the center of the shield, there is a large, stylized letter ""M,"" which is dark in color and has angular edges, giving it a modern aesthetic. Behind the ""M,"" a second, smaller ""V"" is integrated within the ""M"" in a slightly lighter shade, enhancing the layered effect.

Flanking the shield are two golf clubs, crossing each other diagonally. The clubs are outlined in black and have detailed grooves on their heads, emphasizing a sporty theme. Beneath the shield, the year ""2025"" is displayed prominently in a strong, sans-serif font, providing a sense of context or significance to the logo. The overall composition conveys a sense of tradition and athleticism, likely associated with a sports team or event."
SUND-E930C6EF.jpg,"The image features a circular logo centered around the letter ""B,"" which is stylized and enclosed within a bold outline. Surrounding the ""B"" are the words ""BRADDOCK MIDDLE"" at the top and ""COMMUNITY SCHOOL"" at the bottom, both curved to follow the circular shape. The text is in a vibrant shade of blue, specifically identified as ""Royal."" 

There are two small stars, one located above the letter ""B"" and one beneath the lower text, adding a decorative element to the design. The overall color scheme is a clean white background with blue elements, giving it a modern and scholarly appearance. At the bottom left corner of the image, there's a small color swatch labeled ""Royal,"" indicating the specific shade of blue used in the logo."
SUND-F24A71BD.jpg,"The image features a logo for ""Pure Drive Golf."" The design is minimalistic and uses a monochromatic color scheme, prominently in black. 

At the top of the logo, there is a stylized graphic resembling a golf ball in motion, depicted with a curved, swooshing line that suggests speed and fluidity. This element is designed to convey the idea of dynamic movement associated with a powerful golf drive.

Below this graphic, the brand name ""PURE DRIVE"" is presented in bold, capitalized letters. The font is sleek and modern, emphasizing clarity and strength. The alignment of the text is horizontal, maintaining a clean look.

Further down, the word ""GOLF"" is placed directly beneath ""PURE DRIVE,"" in a slightly smaller font size but still bold and capitalized. This section reinforces the brand's association with golf specifically.

Overall, the design exudes an energetic and professional vibe, aiming to resonate with golf enthusiasts and promote a sense of quality and performance related to the sport."
SUND-F379EA27.jpg,"The image features a stylized logo that combines elegant lettering with swirling graphical elements. 

1. **Text Elements**: 
   - At the center, there is a prominent, intertwined depiction of the letters ""A"" and ""L,"" crafted in a fluid, artistic style. The letters are not strictly defined, featuring curves and loops that create an organic, flowing appearance. 
   - Beneath the letters, the year ""1897"" is displayed in a clear, bold font, providing a sense of historical significance. The numbers are straightforward, contrasting with the ornate lettering above.

2. **Design Characteristics**: 
   - The overall color of the logo is a dark shade, likely black or a deep gray, which lends a classic and timeless quality to the design. 
   - The design incorporates numerous graceful curves and sharp angles within the letters, contributing to a sense of movement and fluidity.

3. **Background**: 
   - The background is plain and contrasts with the logo, allowing the design to stand out prominently. 

Overall, the image symbolizes elegance and history, with a modern twist infused through the artistic representation of the letters and the date."
SUND-FC34C185.jpg,"The image features a stylized design of a bird, likely an eagle, rendered in a light blue color. The bird is depicted in a side profile, with a pronounced beak and sleek head shape, conveying a sense of strength and majesty. The body of the eagle is adorned with a pattern that resembles a flag, featuring alternating stripes and stars. 

The upper portion of the design incorporates several white stars, symbolizing a national emblem, while the lower section includes wavy lines that resemble the stripes of the American flag. The entire composition is bold and graphic, with smooth lines and minimal detail, giving it a modern and clean aesthetic.

Surrounding the eagle are additional abstract forms that enhance the overall visual impact, possibly representing feathers or motion lines, contributing to the dynamic feel of the image. The integration of these elements creates a powerful symbol that conveys patriotism and pride."
SUND-FF6865F1.jpg,"The image showcases a stylized logo featuring an owl, designed to be both bold and energetic. Below are the detailed elements:

1. **Central Owl**: 
   - The owl is depicted with an intense expression, featuring large, focused eyes that display determination.
   - Its beak is sharp, emphasizing a fierce and aggressive demeanor.
   - The owl's body is primarily green, aligning with the overall color scheme of the logo.

2. **Wings**: 
   - The wings are spread wide, showcasing intricate feather designs that give a sense of movement and power.
   - The wings are detailed with lighter green accents to create depth and texture.

3. **Claws**: 
   - The owl's claws grip a base element, likely representing the name or text in the logo.
   - The claws are rounded and powerful, reinforcing the owl's fierce character.

4. **Text Elements**: 
   - The words ""MAUI PREP"" are prominently displayed in bold, uppercase letters at the top of the logo.
   - ""PULEO,"" which is likely the team or mascot name, is featured in a larger, thick font below ""MAUI PREP.""
   - Both text segments are styled with a strong contrast: ""MAUI PREP"" is white with a green outline, while ""PULEO"" is bold and circular, creating a cohesive look.

5. **Color Scheme**: 
   - The dominant color is a vibrant green, complemented by white outlines that create strong visual contrast and clarity.
   - The designs align well to form a unified logo that communicates energy and spirit.

Overall, the logo effectively combines energetic symbolism with an academic or competitive theme, likely representing a school or sports team."